<XML><Standard><Attack><params><Range>1</Range><Cooldown>-6</Cooldown><Foc_Cost>0</Foc_Cost><Foc_Req>0</Foc_Req><Sta_Cost>3</Sta_Cost><Ess_Cost>0</Ess_Cost><Ap_Cost>3</Ap_Cost><Sneak_Defense_Mod>-50</Sneak_Defense_Mod><Sneak_Attack_Mod>25</Sneak_Attack_Mod><Sneak_Armor_Mod>-50</Sneak_Armor_Mod><Sneak_Damage_Mod>25</Sneak_Damage_Mod></params><props><Image>{weapon_image}</Image><Hotkey>x</Hotkey><Type>actions</Type><Version>0.05</Version><Actives>Attack;</Actives><Group>Standard</Group><Name>Attack</Name><Action_Type>Standard</Action_Type><Action_Tags>Main Hand</Action_Tags><Targeting_Mode>SINGLE</Targeting_Mode></props></Attack><Move><params><Range>0</Range><Cooldown>-999</Cooldown><Foc_Cost>0</Foc_Cost><Sta_Cost>1</Sta_Cost><Ess_Cost>0</Ess_Cost><Ap_Cost>2</Ap_Cost><Sneak_Damage_Mod>25</Sneak_Damage_Mod><Sneak_Attack_Mod>0</Sneak_Attack_Mod><Sneak_Defense_Mod>-50</Sneak_Defense_Mod><Sneak_Armor_Mod>-25</Sneak_Armor_Mod></params><props><Image>UI\actions\Move gold.jpg</Image><Hotkey>w</Hotkey><Type>actions</Type><Version>0.05</Version><Actives>StdMove;</Actives><Special_Requirements>Free Cell(AHEAD,);</Special_Requirements><Group>Standard</Group><Name>Move</Name><Action_Type>Standard</Action_Type><Targeting_Mode>SINGLE</Targeting_Mode></props></Move><Turn_Anticlockwise><params><Range>0</Range><Cooldown>-999</Cooldown><Foc_Cost>0</Foc_Cost><Foc_Req>0</Foc_Req><Sta_Cost>0</Sta_Cost><Ess_Cost>0</Ess_Cost><Ap_Cost>1</Ap_Cost><Sneak_Damage_Mod>25</Sneak_Damage_Mod><Sneak_Attack_Mod>0</Sneak_Attack_Mod><Sneak_Defense_Mod>-50</Sneak_Defense_Mod><Sneak_Armor_Mod>-25</Sneak_Armor_Mod></params><props><Image>UI\actions\turn anticlockwise gold.jpg</Image><Hotkey>q</Hotkey><Type>actions</Type><Version>0.05</Version><Actives>TurnAnticlockwise;</Actives><Group>Standard</Group><Name>Turn Anticlockwise</Name><Action_Type>Standard</Action_Type><Targeting_Mode>SINGLE</Targeting_Mode></props></Turn_Anticlockwise><Turn_Clockwise><params><Range>0</Range><Cooldown>-999</Cooldown><Foc_Cost>0</Foc_Cost><Sta_Cost>0</Sta_Cost><Ess_Cost>0</Ess_Cost><Ap_Cost>1</Ap_Cost><Sneak_Damage_Mod>25</Sneak_Damage_Mod><Sneak_Attack_Mod>0</Sneak_Attack_Mod><Sneak_Defense_Mod>-50</Sneak_Defense_Mod><Sneak_Armor_Mod>-25</Sneak_Armor_Mod></params><props><Image>UI\actions\turn clockwise gold.jpg</Image><Hotkey>e</Hotkey><Type>actions</Type><Version>0.05</Version><Actives>TurnClockwise;</Actives><Group>Standard</Group><Name>Turn Clockwise</Name><Action_Type>Standard</Action_Type><Targeting_Mode>SINGLE</Targeting_Mode></props></Turn_Clockwise><Wait><params><Range>0</Range><Cooldown>-2</Cooldown><Foc_Cost>1</Foc_Cost><Foc_Req>15</Foc_Req><Sta_Cost>0</Sta_Cost><Ess_Cost>0</Ess_Cost><Ap_Cost>1</Ap_Cost><Duration>1</Duration><Sneak_Damage_Mod>25</Sneak_Damage_Mod><Sneak_Attack_Mod>0</Sneak_Attack_Mod><Sneak_Defense_Mod>-50</Sneak_Defense_Mod><Sneak_Armor_Mod>-25</Sneak_Armor_Mod></params><props><Image>UI\actions\Wait gold.jpg</Image><Hotkey>v</Hotkey><Type>actions</Type><Version>0.05</Version><Actives>Wait</Actives><Group>Standard</Group><Name>Wait</Name><Action_Type>Standard</Action_Type><Targeting_Mode>SINGLE</Targeting_Mode></props></Wait></Standard><Additional_Move><Move_Left><params><Range>0</Range><Cooldown>-999</Cooldown><Foc_Cost>0</Foc_Cost><Sta_Cost>1</Sta_Cost><Ess_Cost>0</Ess_Cost><Ap_Cost>3</Ap_Cost><Sneak_Damage_Mod>25</Sneak_Damage_Mod><Sneak_Attack_Mod>0</Sneak_Attack_Mod><Sneak_Defense_Mod>-50</Sneak_Defense_Mod><Sneak_Armor_Mod>-25</Sneak_Armor_Mod><Foc_Req>15</Foc_Req></params><props><Image>mini\actions\March2.jpg</Image><Hotkey>a</Hotkey><Type>actions</Type><Version>0.05</Version><Actives>Sidestep Left</Actives><Standard_Action_Passives></Standard_Action_Passives><Special_Requirements>Free Cell(LEFT)</Special_Requirements><Group>Standard</Group><Name>Move Left</Name><Action_Type>Additional Move</Action_Type><Targeting_Mode>SINGLE</Targeting_Mode><Displayed_Name>Move Left</Displayed_Name></props></Move_Left><Move_Right><params><Range>0</Range><Cooldown>-999</Cooldown><Foc_Cost>0</Foc_Cost><Sta_Cost>1</Sta_Cost><Ess_Cost>0</Ess_Cost><Ap_Cost>3</Ap_Cost><Sneak_Damage_Mod>25</Sneak_Damage_Mod><Sneak_Attack_Mod>0</Sneak_Attack_Mod><Sneak_Defense_Mod>-50</Sneak_Defense_Mod><Sneak_Armor_Mod>-25</Sneak_Armor_Mod><Foc_Req>15</Foc_Req></params><props><Image>mini\actions\March.JPG</Image><Hotkey>d</Hotkey><Type>actions</Type><Version>0.05</Version><Actives>Sidestep Right</Actives><Standard_Action_Passives></Standard_Action_Passives><Special_Requirements>Free Cell(RIGHT)</Special_Requirements><Group>Standard</Group><Name>Move Right</Name><Action_Type>Additional Move</Action_Type><Targeting_Mode>SINGLE</Targeting_Mode><Displayed_Name>Move Right</Displayed_Name></props></Move_Right><Clumsy_Leap><params><Range>1</Range><Cooldown>-999</Cooldown><Foc_Cost>10</Foc_Cost><Foc_Req>30</Foc_Req><Sta_Cost>4</Sta_Cost><Ess_Cost>0</Ess_Cost><Ap_Cost>3</Ap_Cost><Sneak_Damage_Mod>25</Sneak_Damage_Mod><Sneak_Attack_Mod>0</Sneak_Attack_Mod><Sneak_Defense_Mod>-50</Sneak_Defense_Mod><Sneak_Armor_Mod>-25</Sneak_Armor_Mod></params><props><Image>mini\actions\Cripple.JPG</Image><Targeting_Modifiers>Clear Shot;Facing;</Targeting_Modifiers><Actives>Selective move</Actives><Action_Type>Additional Move</Action_Type><Targeting_Mode>Cell</Targeting_Mode><Std_Bools></Std_Bools><Type>actions</Type><Hotkey>z</Hotkey><Version>0.05</Version><Standard_Action_Passives></Standard_Action_Passives><Group>Standard</Group><Name>Clumsy Leap</Name><Displayed_Name>Clumsy Leap</Displayed_Name></props></Clumsy_Leap><Move_Back><params><Range>0</Range><Cooldown>-999</Cooldown><Foc_Cost>0</Foc_Cost><Sta_Cost>1</Sta_Cost><Ess_Cost>0</Ess_Cost><Ap_Cost>3</Ap_Cost><Sneak_Damage_Mod>25</Sneak_Damage_Mod><Sneak_Attack_Mod>0</Sneak_Attack_Mod><Sneak_Defense_Mod>-50</Sneak_Defense_Mod><Sneak_Armor_Mod>-25</Sneak_Armor_Mod><Foc_Req>0</Foc_Req></params><props><Image>UI\actions\Move back.jpg</Image><Hotkey>s</Hotkey><Type>actions</Type><Version>0.05</Version><Actives>StdMoveBack;</Actives><Special_Requirements>Free Cell(BACKWARDS);</Special_Requirements><Group>Standard</Group><Name>Move Back</Name><Action_Type>Additional Move</Action_Type><Targeting_Mode>SINGLE</Targeting_Mode><Displayed_Name>Move Back</Displayed_Name></props></Move_Back></Additional_Move><Special_Attack><Counter_Attack><params><Range>0</Range><Cp_Cost>0</Cp_Cost><Foc_Cost>0</Foc_Cost><Sta_Cost>2</Sta_Cost><Ess_Cost>0</Ess_Cost><Ap_Cost>1</Ap_Cost><Cooldown>-99</Cooldown><Sneak_Damage_Mod>25</Sneak_Damage_Mod><Sneak_Attack_Mod>0</Sneak_Attack_Mod><Sneak_Defense_Mod>-50</Sneak_Defense_Mod><Sneak_Armor_Mod>-25</Sneak_Armor_Mod></params><props><Image>{weapon_image}</Image><Type>actions</Type><Actives>Counter Attack;</Actives><Group>Standard</Group><Name>Counter Attack</Name><Action_Type>Special Attack</Action_Type><Targeting_Mode>SINGLE</Targeting_Mode></props></Counter_Attack><Free_Counter_Attack><params><Range>0</Range><Cp_Cost>1</Cp_Cost><Foc_Cost>0</Foc_Cost><Sta_Cost>0</Sta_Cost><Ess_Cost>0</Ess_Cost><Ap_Cost>0</Ap_Cost><Cooldown>-98</Cooldown><Sneak_Damage_Mod>25</Sneak_Damage_Mod><Sneak_Attack_Mod>0</Sneak_Attack_Mod><Sneak_Defense_Mod>-50</Sneak_Defense_Mod><Sneak_Armor_Mod>-25</Sneak_Armor_Mod></params><props><Image>{weapon_image}</Image><Type>actions</Type><Actives>Counter Attack;</Actives><Group>Standard</Group><Name>Free Counter Attack</Name><Action_Type>Special Attack</Action_Type><Targeting_Mode>SINGLE</Targeting_Mode></props></Free_Counter_Attack><Free_Attack_Of_Opportunity><params><Range>0</Range><Cp_Cost>1</Cp_Cost><Foc_Cost>0</Foc_Cost><Sta_Cost>0</Sta_Cost><Ess_Cost>0</Ess_Cost><Ap_Cost>0</Ap_Cost><Cooldown>-98</Cooldown><Sneak_Damage_Mod>25</Sneak_Damage_Mod><Sneak_Attack_Mod>0</Sneak_Attack_Mod><Sneak_Defense_Mod>-50</Sneak_Defense_Mod><Sneak_Armor_Mod>-25</Sneak_Armor_Mod></params><props><Image>{weapon_image}</Image><Type>actions</Type><Actives>Counter Attack;</Actives><Group>Standard</Group><Name>Free Attack Of Opportunity</Name><Action_Type>Special Attack</Action_Type><Targeting_Mode>SINGLE</Targeting_Mode></props></Free_Attack_Of_Opportunity><Attack_Of_Opportunity><params><Range>0</Range><Cp_Cost>0</Cp_Cost><Foc_Cost>0</Foc_Cost><Sta_Cost>2</Sta_Cost><Ess_Cost>0</Ess_Cost><Ap_Cost>1</Ap_Cost><Cooldown>-99</Cooldown><Sneak_Damage_Mod>25</Sneak_Damage_Mod><Sneak_Attack_Mod>0</Sneak_Attack_Mod><Sneak_Defense_Mod>-50</Sneak_Defense_Mod><Sneak_Armor_Mod>-25</Sneak_Armor_Mod></params><props><Image>{weapon_image}</Image><Type>actions</Type><Actives>Counter Attack;</Actives><Group>Standard</Group><Name>Attack Of Opportunity</Name><Action_Type>Special Attack</Action_Type><Targeting_Mode>SINGLE</Targeting_Mode></props></Attack_Of_Opportunity><Dual_Attack><params><Range>1</Range><Defense_Mod>75</Defense_Mod><Damage_Mod>75</Damage_Mod><Foc_Cost>10</Foc_Cost><Foc_Req>50</Foc_Req><Sta_Cost>6</Sta_Cost><Ess_Cost>0</Ess_Cost><Attack_Mod>50</Attack_Mod><Ap_Cost>4</Ap_Cost><Cooldown>2</Cooldown><Sneak_Damage_Mod>25</Sneak_Damage_Mod><Sneak_Attack_Mod>0</Sneak_Attack_Mod><Sneak_Defense_Mod>-50</Sneak_Defense_Mod><Sneak_Armor_Mod>-25</Sneak_Armor_Mod></params><props><Image>mini\skill\combat\Ability_Rogue_FanofKnives.jpg</Image><Hotkey>a</Hotkey><Type>actions</Type><Version>0.1002b</Version><Actives>Dual Attack</Actives><Standard_Action_Passives>No Retaliation</Standard_Action_Passives><Group>Dual</Group><Name>Dual Attack</Name><Action_Type>Special Attack</Action_Type><Action_Tags>Two Handed</Action_Tags><Targeting_Mode>Single</Targeting_Mode></props></Dual_Attack><Off_Hand_Attack><params><Range>1</Range><Foc_Cost>0</Foc_Cost><Foc_Req>25</Foc_Req><Sta_Cost>4</Sta_Cost><Ess_Cost>0</Ess_Cost><Ap_Cost>3</Ap_Cost><Cooldown>-20</Cooldown><Sneak_Damage_Mod>25</Sneak_Damage_Mod><Sneak_Attack_Mod>0</Sneak_Attack_Mod><Sneak_Defense_Mod>-50</Sneak_Defense_Mod><Sneak_Armor_Mod>-25</Sneak_Armor_Mod></params><props><Image>{offhand_image}</Image><Hotkey>o</Hotkey><Type>actions</Type><Actives>Offhand Attack;</Actives><Group>Dual</Group><Name>Off Hand Attack</Name><Action_Type>Special Attack</Action_Type><Action_Tags>Off Hand</Action_Tags><Targeting_Mode>Single</Targeting_Mode></props></Off_Hand_Attack><Power_Strike><params><Range>1</Range><Damage_Mod>150</Damage_Mod><Sneak_Armor_Mod>-25</Sneak_Armor_Mod><Armor_Penetration>0</Armor_Penetration><Armor_Mod>100</Armor_Mod><Cp_Cost>1</Cp_Cost><Cooldown>1</Cooldown><Foc_Cost>10</Foc_Cost><Foc_Req>20</Foc_Req><Sta_Cost>7</Sta_Cost><Sneak_Attack_Mod>50</Sneak_Attack_Mod><Ess_Cost>0</Ess_Cost><Sneak_Damage_Mod>25</Sneak_Damage_Mod><Attack_Mod>100</Attack_Mod><Sneak_Damage_Bonus>0</Sneak_Damage_Bonus><Ap_Cost>4</Ap_Cost><Sneak_Defense_Mod>-50</Sneak_Defense_Mod></params><props><Image>mini\actions\new\icon_cleave.jpg</Image><Hotkey>a</Hotkey><Type>actions</Type><Version>0.1003b</Version><Actives>Attack;</Actives><Damage_Type>Physical</Damage_Type><Special_Requirements>Item(Weapon,Weapon_Type, Blade);</Special_Requirements><Group>Blade</Group><Name>Power Strike</Name><Action_Type>Special Attack</Action_Type><Action_Tags>Main Hand</Action_Tags><Targeting_Mode>Single</Targeting_Mode></props></Power_Strike><Sword_Thrust><params><Range>1</Range><Sneak_Armor_Mod>-25</Sneak_Armor_Mod><Armor_Penetration>{Strength}</Armor_Penetration><Armor_Mod>100-{Strength}</Armor_Mod><Cooldown>1</Cooldown><Foc_Cost>5</Foc_Cost><Foc_Req>30</Foc_Req><Sta_Cost>4</Sta_Cost><Sneak_Attack_Mod>0</Sneak_Attack_Mod><Ess_Cost>0</Ess_Cost><Attack_Mod>100</Attack_Mod><Ap_Cost>3</Ap_Cost><Cp_Cost>0</Cp_Cost><Sneak_Damage_Mod>25+{Strength}</Sneak_Damage_Mod><Sneak_Defense_Mod>-50</Sneak_Defense_Mod></params><props><Image>mini\actions\new\icon_thrust_02.jpg</Image><Actives>Attack;</Actives><Damage_Type>Piercing</Damage_Type><Special_Requirements>Item(Weapon,Weapon_Type, Blade);</Special_Requirements><Action_Type>Special Attack</Action_Type><Action_Tags>Main Hand</Action_Tags><Targeting_Mode>Single</Targeting_Mode><Type>actions</Type><Hotkey>a</Hotkey><Workspace_Group>Test</Workspace_Group><Version>0.1003b</Version><Group>Blade</Group><Name>Sword Thrust</Name></props></Sword_Thrust><Cleave><params><Range>1</Range><Damage_Mod>150</Damage_Mod><Sneak_Armor_Mod>-25</Sneak_Armor_Mod><Armor_Penetration>0</Armor_Penetration><Armor_Mod>100</Armor_Mod><Defense_Mod>125</Defense_Mod><Cp_Cost>0</Cp_Cost><Cooldown>1</Cooldown><Foc_Cost>10</Foc_Cost><Foc_Req>35</Foc_Req><Sta_Cost>8</Sta_Cost><Sneak_Attack_Mod>0</Sneak_Attack_Mod><Ess_Cost>0</Ess_Cost><Sneak_Damage_Mod>50</Sneak_Damage_Mod><Attack_Mod>50</Attack_Mod><Sneak_Damage_Bonus>0</Sneak_Damage_Bonus><Ap_Cost>4</Ap_Cost><Sneak_Defense_Mod>-50</Sneak_Defense_Mod></params><props><Image>mini\actions\new\icon_cleave_03.jpg</Image><Passives>Cleave(2,100,50-{Strength});</Passives><Actives>Attack;</Actives><Special_Requirements>Item(Weapon,Weapon_Type, Blade);</Special_Requirements><Action_Type>Special Attack</Action_Type><Action_Tags>Two Handed</Action_Tags><Targeting_Mode>Single</Targeting_Mode><Type>actions</Type><Hotkey>a</Hotkey><Workspace_Group>Test</Workspace_Group><Version>0.1003b</Version><Description>A power attack that will deal the remainer of its damage to the next enemy in line if original target has been slain. </Description><Group>Blade</Group><Name>Cleave</Name></props></Cleave><Lacerate><params><Range>1</Range><Damage_Mod>100</Damage_Mod><Sneak_Armor_Mod>-25</Sneak_Armor_Mod><Armor_Penetration>0</Armor_Penetration><Armor_Mod>50</Armor_Mod><Cp_Cost>1</Cp_Cost><Cooldown>1</Cooldown><Foc_Cost>10</Foc_Cost><Foc_Req>35</Foc_Req><Sta_Cost>3</Sta_Cost><Sneak_Attack_Mod>0</Sneak_Attack_Mod><Ess_Cost>0</Ess_Cost><Sneak_Damage_Mod>50</Sneak_Damage_Mod><Attack_Mod>100</Attack_Mod><Sneak_Damage_Bonus>0</Sneak_Damage_Bonus><Ap_Cost>3</Ap_Cost><Sneak_Defense_Mod>-50</Sneak_Defense_Mod></params><props><Image>mini\actions\PointedStrike.jpg</Image><Passives>OnAttack(AddCounter(Bleeding Counter, {active_last_damage_dealt}/10+5));</Passives><Actives>Attack;</Actives><Damage_Type>Piercing</Damage_Type><Special_Requirements></Special_Requirements><Action_Type>Special Attack</Action_Type><Action_Tags>Main Hand</Action_Tags><Targeting_Mode>Single</Targeting_Mode><Type>actions</Type><Hotkey>a</Hotkey><Dev_Notes>Item(MAIN_HAND,Weapon Type,BLADE,);</Dev_Notes><Workspace_Group>Implement</Workspace_Group><Version>0.1003b</Version><Group>Blade</Group><Name>Lacerate</Name></props></Lacerate><Quick_Strike><params><Range>1</Range><Damage_Mod>50</Damage_Mod><Sneak_Armor_Mod>-25</Sneak_Armor_Mod><Armor_Penetration>0</Armor_Penetration><Armor_Mod>100</Armor_Mod><Cp_Cost>0</Cp_Cost><Cooldown>-1</Cooldown><Foc_Cost>5</Foc_Cost><Foc_Req>20</Foc_Req><Sta_Cost>2</Sta_Cost><Sneak_Attack_Mod>0</Sneak_Attack_Mod><Ess_Cost>0</Ess_Cost><Sneak_Damage_Mod>50</Sneak_Damage_Mod><Attack_Mod>100</Attack_Mod><Sneak_Damage_Bonus>0</Sneak_Damage_Bonus><Ap_Cost>2</Ap_Cost><Sneak_Defense_Mod>-50</Sneak_Defense_Mod></params><props><Image>mini\actions\new\icon_thrust_01.jpg</Image><Actives>Attack;</Actives><Special_Requirements>Item(Weapon,Weapon_Type, Blade);</Special_Requirements><Action_Type>Special Attack</Action_Type><Action_Tags>Main Hand</Action_Tags><Targeting_Mode>Single</Targeting_Mode><Type>actions</Type><Hotkey>a</Hotkey><Workspace_Group>Polish</Workspace_Group><Ai_Logic>Damage</Ai_Logic><Version>0.1003b</Version><Group>Blade</Group><Name>Quick Strike</Name></props></Quick_Strike><Stab><params><Range>1</Range><Damage_Mod>75</Damage_Mod><Sneak_Armor_Mod>-75</Sneak_Armor_Mod><Armor_Penetration>5</Armor_Penetration><Armor_Mod>75</Armor_Mod><Cp_Cost>1</Cp_Cost><Cooldown>1</Cooldown><Foc_Cost>5</Foc_Cost><Foc_Req>45</Foc_Req><Sta_Cost>2</Sta_Cost><Sneak_Attack_Mod>0</Sneak_Attack_Mod><Ess_Cost>0</Ess_Cost><Sneak_Damage_Mod>150</Sneak_Damage_Mod><Attack_Mod>75</Attack_Mod><Sneak_Damage_Bonus>25</Sneak_Damage_Bonus><Ap_Cost>2</Ap_Cost><Sneak_Defense_Mod>-50</Sneak_Defense_Mod></params><props><Image>mini\actions\new\icon_backstab_01.jpg</Image><Targeting_Modifiers></Targeting_Modifiers><Actives>Attack;</Actives><Special_Requirements>Item(Weapon,Weapon_Type, Blade);</Special_Requirements><Action_Type>Special Attack</Action_Type><Action_Tags>Main Hand</Action_Tags><Targeting_Mode>Single</Targeting_Mode><Type>actions</Type><Hotkey>a</Hotkey><Workspace_Group>Test</Workspace_Group><Version>0.1003b</Version><Standard_Action_Passives>No retaliation</Standard_Action_Passives><Group>Blade</Group><Name>Stab</Name></props></Stab><Wand_Missile><params><Range>4</Range><Foc_Cost>5</Foc_Cost><Foc_Req>25</Foc_Req><Sta_Cost>1</Sta_Cost><Ess_Cost>0</Ess_Cost><Ap_Cost>3</Ap_Cost><Cooldown>{Weapon_cooldown}</Cooldown><Sneak_Attack_Mod>0</Sneak_Attack_Mod><Cp_Cost>1</Cp_Cost><Sneak_Damage_Mod>25</Sneak_Damage_Mod><Sneak_Defense_Mod>-50</Sneak_Defense_Mod><Sneak_Armor_Mod>-25</Sneak_Armor_Mod></params><props><Image>mini\item\weapons\basic\INV_Wand_18.jpg</Image><Hotkey>n</Hotkey><Type>actions</Type><Passives>ReduceRangedDurability(1)</Passives><Actives>Attack</Actives><Damage_Type>Magical</Damage_Type><Group>Ranged</Group><Name>Wand Missile</Name><Action_Type>Special Attack</Action_Type><Alt_Hotkey>checkParam(weapon,charges,1)</Alt_Hotkey><Action_Tags>Main Hand;</Action_Tags><Targeting_Mode>Single</Targeting_Mode></props></Wand_Missile><Heavy_Blow><params><Range>1</Range><Damage_Mod>150</Damage_Mod><Sneak_Armor_Mod>-25</Sneak_Armor_Mod><Armor_Penetration>0</Armor_Penetration><Armor_Mod>100</Armor_Mod><Cp_Cost>0</Cp_Cost><Cooldown>-1</Cooldown><Foc_Cost>0</Foc_Cost><Foc_Req>35</Foc_Req><Sta_Cost>7</Sta_Cost><Sneak_Attack_Mod>0</Sneak_Attack_Mod><Ess_Cost>5</Ess_Cost><Sneak_Damage_Mod>50</Sneak_Damage_Mod><Attack_Mod>75</Attack_Mod><Sneak_Damage_Bonus>0</Sneak_Damage_Bonus><Ap_Cost>4</Ap_Cost><Sneak_Defense_Mod>-50</Sneak_Defense_Mod></params><props><Image>mini\actions\Stun.jpg</Image><Passives>Bashing Attack(10+{Strength}/5+{weapon_weight}/5, 5+{Strength}/5);</Passives><Actives>Attack;</Actives><Special_Requirements>Item(Weapon,Weapon_Type, Blunt);</Special_Requirements><Action_Type>Special Attack</Action_Type><Action_Tags>Main Hand</Action_Tags><Targeting_Mode>Single</Targeting_Mode><Type>actions</Type><Hotkey>a</Hotkey><Dev_Notes>Bash {1}/{2} (reduce focus/initiative)</Dev_Notes><Workspace_Group>Focus</Workspace_Group><Version>0.1003b</Version><Group>Blunt</Group><Name>Heavy Blow</Name></props></Heavy_Blow><Whirlwind><params><Range>1</Range><Damage_Mod>50</Damage_Mod><Sneak_Armor_Mod>-25</Sneak_Armor_Mod><Armor_Penetration>0</Armor_Penetration><Armor_Mod>100</Armor_Mod><Cp_Cost>1</Cp_Cost><Cooldown>1</Cooldown><Foc_Cost>25</Foc_Cost><Foc_Req>75</Foc_Req><Sta_Cost>8</Sta_Cost><Sneak_Attack_Mod>0</Sneak_Attack_Mod><Ess_Cost>0</Ess_Cost><Sneak_Damage_Mod>50</Sneak_Damage_Mod><Attack_Mod>75</Attack_Mod><Sneak_Damage_Bonus>0</Sneak_Damage_Bonus><Ap_Cost>6</Ap_Cost><Radius>1</Radius><Sneak_Defense_Mod>-50</Sneak_Defense_Mod></params><props><Image>mini\skill\work\dual\BTN_CR_Bladestorm.jpg</Image><Hotkey>a</Hotkey><Type>actions</Type><Workspace_Group>Implement</Workspace_Group><Version>0.1002b</Version><Actives>Attack;Offhand Attack;</Actives><Standard_Action_Passives>No Retaliation</Standard_Action_Passives><Group>Dual</Group><Name>Whirlwind</Name><Action_Type>Special Attack</Action_Type><Action_Tags>Dual</Action_Tags><Targeting_Mode>Nova</Targeting_Mode></props></Whirlwind><Ranged_Attack><params><Range>{Ranged_range}</Range><Foc_Cost>0</Foc_Cost><Foc_Req>25</Foc_Req><Sta_Cost>1</Sta_Cost><Ess_Cost>0</Ess_Cost><Ap_Cost>2</Ap_Cost><Cooldown>-99</Cooldown><Sneak_Attack_Mod>25</Sneak_Attack_Mod><Cp_Cost>0</Cp_Cost><Sneak_Armor_Mod>-50</Sneak_Armor_Mod><Sneak_Defense_Mod>-50</Sneak_Defense_Mod><Sneak_Damage_Mod>25</Sneak_Damage_Mod></params><props><Image>{Ranged_Image}</Image><Hotkey>n</Hotkey><Type>actions</Type><Targeting_Modifiers>Clear Shot;</Targeting_Modifiers><Version>0.1002b</Version><Actives>RangedAttack;</Actives><Special_Requirements>Ref Not Empty(ranged,AMMO,);</Special_Requirements><Group>Ranged</Group><Name>Ranged Attack</Name><Action_Type>Special Attack</Action_Type><Targeting_Mode>Multi</Targeting_Mode><Std_Bools>Shorten Diagonals;</Std_Bools></props></Ranged_Attack><Throw><params><Range>2</Range><Foc_Cost>5</Foc_Cost><Foc_Req>25</Foc_Req><Sta_Cost>2+{weapon_weight}/5</Sta_Cost><Ess_Cost>0</Ess_Cost><Ap_Cost>2</Ap_Cost><Cooldown>-999</Cooldown><Sneak_Attack_Mod>0</Sneak_Attack_Mod><Cp_Cost>0</Cp_Cost><Damage_Mod>50+{source_throwing_mastery}</Damage_Mod><Attack_Mod>50+{source_throwing_mastery}</Attack_Mod><Sneak_Damage_Mod>25</Sneak_Damage_Mod><Sneak_Defense_Mod>-50</Sneak_Defense_Mod><Sneak_Armor_Mod>-25</Sneak_Armor_Mod></params><props><Image>{Weapon_Image}</Image><Hotkey>n</Hotkey><Type>actions</Type><Targeting_Modifiers>Range;Facing;Clear Shot;</Targeting_Modifiers><Version>0.1003b</Version><Actives>Throw</Actives><Damage_Type>{weapon_damage_type}</Damage_Type><Group>Ranged</Group><Name>Throw</Name><Action_Type>Special Attack</Action_Type><Action_Tags>Ranged;Throw</Action_Tags><Targeting_Mode>Single</Targeting_Mode></props></Throw><Lounge><params><Range>1</Range><Cooldown>0</Cooldown><Foc_Cost>5</Foc_Cost><Foc_Req>50</Foc_Req><Sta_Cost>6</Sta_Cost><Ess_Cost>0</Ess_Cost><Ap_Cost>3</Ap_Cost><Sneak_Damage_Mod>25</Sneak_Damage_Mod><Sneak_Attack_Mod>0</Sneak_Attack_Mod><Sneak_Defense_Mod>-50</Sneak_Defense_Mod><Sneak_Armor_Mod>-25</Sneak_Armor_Mod></params><props><Image>mini\actions\Leap.jpg</Image><Type>actions</Type><Dev_Notes>REDUCE DEFENSE</Dev_Notes><Targeting_Modifiers>Clear Shot;Facing;Vision</Targeting_Modifiers><Version>0.1002b</Version><Actives>Selective move;Attack</Actives><Group>Combo</Group><Name>Lounge</Name><Action_Type>Special Attack</Action_Type><Targeting_Mode>Multi</Targeting_Mode><Std_Bools>MULTI_TARGETING</Std_Bools></props></Lounge><Decapitate><params><Range>1</Range><Damage_Mod>50</Damage_Mod><Sneak_Armor_Mod>-25</Sneak_Armor_Mod><Armor_Penetration>0</Armor_Penetration><Armor_Mod>100</Armor_Mod><Cp_Cost>1</Cp_Cost><Cooldown>1</Cooldown><Foc_Cost>5</Foc_Cost><Foc_Req>30</Foc_Req><Sta_Cost>4</Sta_Cost><Sneak_Attack_Mod>500</Sneak_Attack_Mod><Ess_Cost>0</Ess_Cost><Sneak_Damage_Mod>25</Sneak_Damage_Mod><Attack_Mod>10</Attack_Mod><Sneak_Damage_Bonus>0</Sneak_Damage_Bonus><Ap_Cost>3</Ap_Cost><Sneak_Defense_Mod>-50</Sneak_Defense_Mod></params><props><Image>mini\item\weapons\basic\final\polearm\Scythe2.jpg</Image><Actives>Roll(Defense,-, {attack}/10, Instant Death)</Actives><Special_Requirements>Item(Weapon,Weapon_Group, Scythe);</Special_Requirements><Action_Type>Special Attack</Action_Type><Action_Tags>Two Handed;</Action_Tags><Targeting_Mode>Single</Targeting_Mode><Type>actions</Type><Hotkey>a</Hotkey><Workspace_Group>Test</Workspace_Group><Version>0.1003b</Version><Description>A wicked strike that slays target non-Monstrous Living creature if it the target fails a Defense roll against your Attack divided by 10 or by 2 if your make this as a Sneak Attack.</Description><Group>Polearm</Group><Name>Decapitate</Name></props></Decapitate><Dismember><params><Range>1</Range><Damage_Mod>100</Damage_Mod><Sneak_Armor_Mod>-25</Sneak_Armor_Mod><Armor_Penetration>0</Armor_Penetration><Armor_Mod>100</Armor_Mod><Cp_Cost>1</Cp_Cost><Cooldown>1</Cooldown><Foc_Cost>5</Foc_Cost><Foc_Req>35</Foc_Req><Sta_Cost>5</Sta_Cost><Sneak_Attack_Mod>0</Sneak_Attack_Mod><Ess_Cost>0</Ess_Cost><Sneak_Damage_Mod>25</Sneak_Damage_Mod><Attack_Mod>35</Attack_Mod><Sneak_Damage_Bonus>0</Sneak_Damage_Bonus><Ap_Cost>4</Ap_Cost><Sneak_Defense_Mod>-50</Sneak_Defense_Mod></params><props><Image>mini\skill\combat\Ability_Warrior_SavageBlow.jpg</Image><Passives>Fearsome(20);</Passives><Actives>Attack;Roll(Defense, Dmg(Pure, {target_Endurance}/2)|AddCounter(Bleeding, 20)))</Actives><Special_Requirements>Item(Weapon,Weapon_Type, Axe);</Special_Requirements><Action_Type>Special Attack</Action_Type><Action_Tags>Two Handed;</Action_Tags><Targeting_Mode>Single</Targeting_Mode><Type>actions</Type><Impact_Sprite></Impact_Sprite><Hotkey>a</Hotkey><Workspace_Group>Implement</Workspace_Group><Version>0.1003b</Version><Description>A wicked strike that slays target non-Monstrous Living creature if it the target fails a Defense roll against your Attack divided by 10 or by 2 if your make this as a Sneak Attack.</Description><Group>Axe</Group><Name>Dismember</Name></props></Dismember><Shield_Bash><params><Range>1</Range><Damage_Mod>50</Damage_Mod><Sneak_Armor_Mod>-25</Sneak_Armor_Mod><Armor_Penetration>0</Armor_Penetration><Armor_Mod>100</Armor_Mod><Cp_Cost>1</Cp_Cost><Cooldown>1</Cooldown><Foc_Cost>5</Foc_Cost><Foc_Req>30</Foc_Req><Sta_Cost>2</Sta_Cost><Sneak_Attack_Mod>0</Sneak_Attack_Mod><Ess_Cost>0</Ess_Cost><Sneak_Damage_Mod>50</Sneak_Damage_Mod><Attack_Mod>100</Attack_Mod><Sneak_Damage_Bonus>0</Sneak_Damage_Bonus><Ap_Cost>2</Ap_Cost><Sneak_Defense_Mod>-50</Sneak_Defense_Mod><Formula>3</Formula></params><props><Image>mini\skill\work\shield\Shield Bash.jpg</Image><Passives>Bashing Attack(5+{Strength}/5,10+{Strength}/5+{offhand_weight}/5)</Passives><Actives>Offhand Attack;Roll(Mass, Knockdown(2));</Actives><Special_Requirements>Item(Offhand,Weapon_Type, Shield);</Special_Requirements><Action_Type>Special Attack</Action_Type><Action_Tags>Off Hand;</Action_Tags><Targeting_Mode>Single</Targeting_Mode><Type>actions</Type><Hotkey>a</Hotkey><Workspace_Group>Test</Workspace_Group><Version>0.1003b</Version><Group>Shield</Group><Name>Shield Bash</Name></props></Shield_Bash><Shattering_Blow><params><Range>1</Range><Damage_Mod>150</Damage_Mod><Sneak_Armor_Mod>-25</Sneak_Armor_Mod><Armor_Penetration>0</Armor_Penetration><Armor_Mod>100</Armor_Mod><Cp_Cost>0</Cp_Cost><Cooldown>2</Cooldown><Foc_Cost>5</Foc_Cost><Foc_Req>25</Foc_Req><Sta_Cost>7</Sta_Cost><Sneak_Attack_Mod>0</Sneak_Attack_Mod><Ess_Cost>0</Ess_Cost><Sneak_Damage_Mod>50</Sneak_Damage_Mod><Attack_Mod>75</Attack_Mod><Sneak_Damage_Bonus>0</Sneak_Damage_Bonus><Ap_Cost>4</Ap_Cost><Formula>5+{Strength}</Formula><Sneak_Defense_Mod>-50</Sneak_Defense_Mod></params><props><Image>mini\actions\CrushingBlow.JPG</Image><Passives>CustonTarget(target_armor, AddParam(C_Durability, -{1}))</Passives><Actives>Attack;</Actives><Special_Requirements>Item(Weapon,Weapon_Type, Blunt);</Special_Requirements><Action_Type>Special Attack</Action_Type><Action_Tags>Two Handed;</Action_Tags><Targeting_Mode>Single</Targeting_Mode><Type>actions</Type><Hotkey>a</Hotkey><Workspace_Group>Design</Workspace_Group><Version>0.1003b</Version><Group>Blunt</Group><Name>Shattering Blow</Name></props></Shattering_Blow><Shockwave><params><Range>1</Range><Damage_Mod>75</Damage_Mod><Sneak_Armor_Mod>-25</Sneak_Armor_Mod><Armor_Penetration>0</Armor_Penetration><Armor_Mod>100</Armor_Mod><Cp_Cost>0</Cp_Cost><Cooldown>2</Cooldown><Foc_Cost>5</Foc_Cost><Foc_Req>20</Foc_Req><Sta_Cost>7</Sta_Cost><Sneak_Attack_Mod>0</Sneak_Attack_Mod><Ess_Cost>0</Ess_Cost><Sneak_Damage_Mod>50</Sneak_Damage_Mod><Attack_Mod>50</Attack_Mod><Sneak_Damage_Bonus>0</Sneak_Damage_Bonus><Ap_Cost>4</Ap_Cost><Radius>1</Radius><Sneak_Defense_Mod>-50</Sneak_Defense_Mod></params><props><Image>mini\actions\New folder\Ability_Paladin_SanctifiedWrath.jpg</Image><Passives></Passives><Actives>Attack;Roll(Mass, Knockdown(1));</Actives><Special_Requirements>Item(Weapon,Weapon_Type, Blunt);</Special_Requirements><Action_Type>Special Attack</Action_Type><Action_Tags>Two Handed;</Action_Tags><Effects_Wrap></Effects_Wrap><Targeting_Mode>Wave</Targeting_Mode><Type>actions</Type><Hotkey>a</Hotkey><Workspace_Group>Design</Workspace_Group><Version>0.1003b</Version><Standard_Action_Passives>No Retaliation</Standard_Action_Passives><Group>Blunt</Group><Name>Shockwave</Name></props></Shockwave><Disarm__Flail_><params><Range>1</Range><Damage_Mod>150</Damage_Mod><Sneak_Armor_Mod>-25</Sneak_Armor_Mod><Armor_Penetration>0</Armor_Penetration><Armor_Mod>100</Armor_Mod><Cp_Cost>0</Cp_Cost><Cooldown>0</Cooldown><Foc_Cost>5</Foc_Cost><Foc_Req>50</Foc_Req><Sta_Cost>5</Sta_Cost><Sneak_Attack_Mod>0</Sneak_Attack_Mod><Ess_Cost>0</Ess_Cost><Sneak_Damage_Mod>50</Sneak_Damage_Mod><Attack_Mod>75</Attack_Mod><Sneak_Damage_Bonus>0</Sneak_Damage_Bonus><Ap_Cost>3</Ap_Cost><Sneak_Defense_Mod>-50</Sneak_Defense_Mod></params><props><Image>mini\skill\combat\Ability_Warrior_UnrelentingAssault.jpg</Image><Hotkey>a</Hotkey><Type>actions</Type><Workspace_Group>Test</Workspace_Group><Version>0.1002b</Version><Actives>Roll(Quick Wit_Reflex, Disarm);</Actives><Group>Blunt</Group><Name>Disarm (Flail)</Name><Action_Type>Special Attack</Action_Type><Action_Tags>Main Hand</Action_Tags><Targeting_Mode>Single</Targeting_Mode></props></Disarm__Flail_><Coup_de_Grace><params><Range>1</Range><Damage_Mod>50</Damage_Mod><Sneak_Armor_Mod>25</Sneak_Armor_Mod><Armor_Penetration>5</Armor_Penetration><Armor_Mod>75</Armor_Mod><Cp_Cost>1</Cp_Cost><Cooldown>1</Cooldown><Foc_Cost>10</Foc_Cost><Foc_Req>75</Foc_Req><Sta_Cost>3</Sta_Cost><Sneak_Attack_Mod>0</Sneak_Attack_Mod><Ess_Cost>0</Ess_Cost><Sneak_Damage_Mod>125</Sneak_Damage_Mod><Attack_Mod>10</Attack_Mod><Sneak_Damage_Bonus>0</Sneak_Damage_Bonus><Ap_Cost>2</Ap_Cost><Sneak_Defense_Mod>25</Sneak_Defense_Mod></params><props><Image>mini\actions\new\icon_backstab_01.jpg</Image><Targeting_Modifiers>Only Living;</Targeting_Modifiers><Passives>OnAttack(Instant Death);</Passives><Actives>Attack;</Actives><Action_Type>Special Attack</Action_Type><Action_Tags>Main Hand</Action_Tags><Targeting_Mode>Single</Targeting_Mode><Type>actions</Type><Hotkey>a</Hotkey><Version>0.1002b</Version><Standard_Action_Passives>No retaliation</Standard_Action_Passives><Group>Special</Group><Name>Coup de Grace</Name></props></Coup_de_Grace><Arc_Shot><params><Range>{Ranged_range}+2</Range><Foc_Cost>5</Foc_Cost><Foc_Req>25</Foc_Req><Sta_Cost>2</Sta_Cost><Ess_Cost>0</Ess_Cost><Ap_Cost>2</Ap_Cost><Cooldown>1</Cooldown><Sneak_Attack_Mod>25</Sneak_Attack_Mod><Cp_Cost>0</Cp_Cost><Sneak_Armor_Mod>-50</Sneak_Armor_Mod><Sneak_Defense_Mod>-50</Sneak_Defense_Mod><Sneak_Damage_Mod>25</Sneak_Damage_Mod><Attack_Mod>50</Attack_Mod><Defense_Mod>50</Defense_Mod><Damage_Mod>125</Damage_Mod></params><props><Image>mini\skill\real\combat\ability_rogue_combatexpertise.jpg</Image><Hotkey>n</Hotkey><Type>actions</Type><Targeting_Modifiers></Targeting_Modifiers><Version>0.1003b</Version><Actives>RangedAttackArc;</Actives><Special_Requirements>Ref Not Empty(ranged,AMMO,);Item(Ranged,Weapon_Group,Bows);</Special_Requirements><Group>Ranged</Group><Name>Arc Shot</Name><Action_Type>Special Attack</Action_Type><Targeting_Mode>Multi</Targeting_Mode><Displayed_Name>Arc Shot</Displayed_Name></props></Arc_Shot><Improved_Dual_Attack><params><Range>1</Range><Defense_Mod>75</Defense_Mod><Damage_Mod>100</Damage_Mod><Foc_Cost>5</Foc_Cost><Foc_Req>35</Foc_Req><Sta_Cost>5</Sta_Cost><Ess_Cost>0</Ess_Cost><Attack_Mod>75</Attack_Mod><Ap_Cost>4</Ap_Cost><Cooldown>1</Cooldown><Sneak_Damage_Mod>25</Sneak_Damage_Mod><Sneak_Attack_Mod>0</Sneak_Attack_Mod><Sneak_Defense_Mod>-50</Sneak_Defense_Mod><Sneak_Armor_Mod>-25</Sneak_Armor_Mod></params><props><Image>mini\skill\combat\Ability_Rogue_FanofKnives.jpg</Image><Actives>Dual Attack</Actives><Action_Type>Special Attack</Action_Type><Action_Tags>Two Handed</Action_Tags><Targeting_Mode>Single</Targeting_Mode><Type>actions</Type><Base_Type>Dual Attack</Base_Type><Hotkey>a</Hotkey><Version>0.1002b</Version><Standard_Action_Passives>No Retaliation</Standard_Action_Passives><Group>Dual</Group><Name>Improved Dual Attack</Name><Displayed_Name>Improved Dual Attack</Displayed_Name></props></Improved_Dual_Attack><Mighty_Shot><params><Range>{Ranged_range}</Range><Foc_Cost>0</Foc_Cost><Foc_Req>25</Foc_Req><Sta_Cost>1</Sta_Cost><Ess_Cost>0</Ess_Cost><Ap_Cost>2</Ap_Cost><Cooldown>-99</Cooldown><Sneak_Attack_Mod>25</Sneak_Attack_Mod><Cp_Cost>0</Cp_Cost><Sneak_Armor_Mod>-50</Sneak_Armor_Mod><Sneak_Defense_Mod>-50</Sneak_Defense_Mod><Sneak_Damage_Mod>25</Sneak_Damage_Mod></params><props><Image>{Ranged_Image}</Image><Hotkey>n</Hotkey><Type>actions</Type><Targeting_Modifiers>Clear Shot;</Targeting_Modifiers><Version>0.1002b</Version><Actives>RangedAttack;Knockback</Actives><Special_Requirements>Ref Not Empty(ranged,AMMO,);</Special_Requirements><Group>Ranged</Group><Name>Mighty Shot</Name><Action_Type>Special Attack</Action_Type><Targeting_Mode>Multi</Targeting_Mode><Displayed_Name>Mighty Shot</Displayed_Name></props></Mighty_Shot><Power_Shot><params><Range>{Ranged_range}</Range><Foc_Cost>0</Foc_Cost><Foc_Req>25</Foc_Req><Sta_Cost>1</Sta_Cost><Ess_Cost>0</Ess_Cost><Ap_Cost>2</Ap_Cost><Cooldown>-99</Cooldown><Sneak_Attack_Mod>25</Sneak_Attack_Mod><Cp_Cost>0</Cp_Cost><Sneak_Armor_Mod>-50</Sneak_Armor_Mod><Sneak_Defense_Mod>-50</Sneak_Defense_Mod><Sneak_Damage_Mod>25</Sneak_Damage_Mod><Armor_Mod>50</Armor_Mod><Damage_Mod>75</Damage_Mod></params><props><Image>mini\skill\Ability_Hunter_CriticalShot.jpg</Image><Hotkey>n</Hotkey><Type>actions</Type><Targeting_Modifiers>Facing;</Targeting_Modifiers><Version>0.1002b</Version><Actives>RangedAttackNoAmmoRemove;CustomTarget(ranged, RemoveAmmo);</Actives><Special_Requirements>Ref Not Empty(ranged,AMMO,);</Special_Requirements><Group>Ranged</Group><Name>Power Shot</Name><Action_Type>Special Attack</Action_Type><Targeting_Mode>Ray</Targeting_Mode><Displayed_Name>Power Shot</Displayed_Name></props></Power_Shot><Shield_Push><params><Range>1</Range><Damage_Mod>50</Damage_Mod><Sneak_Armor_Mod>-25</Sneak_Armor_Mod><Armor_Penetration>0</Armor_Penetration><Armor_Mod>100</Armor_Mod><Cp_Cost>1</Cp_Cost><Cooldown>1</Cooldown><Foc_Cost>5</Foc_Cost><Foc_Req>30</Foc_Req><Sta_Cost>2</Sta_Cost><Sneak_Attack_Mod>0</Sneak_Attack_Mod><Ess_Cost>0</Ess_Cost><Sneak_Damage_Mod>50</Sneak_Damage_Mod><Attack_Mod>100</Attack_Mod><Sneak_Damage_Bonus>0</Sneak_Damage_Bonus><Ap_Cost>2</Ap_Cost><Sneak_Defense_Mod>-50</Sneak_Defense_Mod></params><props><Image>mini\skill\work\shield\Ability_Warrior_ShieldWall.jpg</Image><Actives>Roll(Mass, Knockback);</Actives><Special_Requirements>Item(Offhand,Weapon_Type, Shield);</Special_Requirements><Action_Type>Special Attack</Action_Type><Action_Tags>Off Hand;</Action_Tags><Targeting_Mode>Single</Targeting_Mode><Type>actions</Type><Hotkey>a</Hotkey><Workspace_Group>Test</Workspace_Group><Roll_Types_To_Save>Body Stregth;Reflex;</Roll_Types_To_Save><Version>0.1003b</Version><Group>Shield</Group><Name>Shield Push</Name><Displayed_Name>Shield Push</Displayed_Name></props></Shield_Push><Cleave__Axe_><params><Range>1</Range><Damage_Mod>150</Damage_Mod><Sneak_Armor_Mod>-25</Sneak_Armor_Mod><Armor_Penetration>0</Armor_Penetration><Armor_Mod>100</Armor_Mod><Defense_Mod>125</Defense_Mod><Cp_Cost>0</Cp_Cost><Cooldown>1</Cooldown><Foc_Cost>10</Foc_Cost><Foc_Req>35</Foc_Req><Sta_Cost>8</Sta_Cost><Sneak_Attack_Mod>0</Sneak_Attack_Mod><Ess_Cost>0</Ess_Cost><Sneak_Damage_Mod>50</Sneak_Damage_Mod><Attack_Mod>50</Attack_Mod><Sneak_Damage_Bonus>0</Sneak_Damage_Bonus><Ap_Cost>4</Ap_Cost><Sneak_Defense_Mod>-50</Sneak_Defense_Mod></params><props><Image>mini\skill\real\combat\Ability_Warrior_Cleave.jpg</Image><Passives>Cleave(2,100,50-{Strength});</Passives><Actives>Attack;</Actives><Special_Requirements>Item(Weapon,Weapon_Type, Axe);</Special_Requirements><Action_Type>Special Attack</Action_Type><Action_Tags>Two Handed</Action_Tags><Targeting_Mode>Single</Targeting_Mode><Type>actions</Type><Hotkey>a</Hotkey><Workspace_Group>Test</Workspace_Group><Version>0.1003b</Version><Description>A power attack that will deal the remainer of its damage to the next enemy in line if original target has been slain. </Description><Group>Axe</Group><Name>Cleave (Axe)</Name><Displayed_Name>Cleave (Axe)</Displayed_Name></props></Cleave__Axe_><Death_Wheel><params><Range>1</Range><Damage_Mod>100</Damage_Mod><Sneak_Armor_Mod>-25</Sneak_Armor_Mod><Armor_Penetration>0</Armor_Penetration><Armor_Mod>100</Armor_Mod><Cp_Cost>1</Cp_Cost><Cooldown>1</Cooldown><Foc_Cost>20</Foc_Cost><Foc_Req>65</Foc_Req><Sta_Cost>8</Sta_Cost><Sneak_Attack_Mod>0</Sneak_Attack_Mod><Ess_Cost>0</Ess_Cost><Sneak_Damage_Mod>50</Sneak_Damage_Mod><Attack_Mod>75</Attack_Mod><Sneak_Damage_Bonus>0</Sneak_Damage_Bonus><Ap_Cost>6</Ap_Cost><Radius>1</Radius><Sneak_Defense_Mod>-50</Sneak_Defense_Mod></params><props><Image>mini\actions\new\icon_cleave_01_blood.jpg</Image><Actives>Attack;</Actives><Action_Type>Special Attack</Action_Type><Action_Tags>Dual</Action_Tags><Targeting_Mode>Nova</Targeting_Mode><Type>actions</Type><Hotkey>a</Hotkey><Workspace_Group>Implement</Workspace_Group><Version>0.1002b</Version><Standard_Action_Passives>No Retaliation</Standard_Action_Passives><Group>Twohanded</Group><Name>Death Wheel</Name><Displayed_Name>Death Wheel</Displayed_Name></props></Death_Wheel><Spike_Stab><params><Range>1</Range><Sneak_Armor_Mod>-25</Sneak_Armor_Mod><Armor_Penetration>{Strength}</Armor_Penetration><Armor_Mod>100-{Strength}</Armor_Mod><Cooldown>1</Cooldown><Foc_Cost>0</Foc_Cost><Foc_Req>30</Foc_Req><Sta_Cost>4</Sta_Cost><Sneak_Attack_Mod>0</Sneak_Attack_Mod><Ess_Cost>0</Ess_Cost><Attack_Mod>100</Attack_Mod><Ap_Cost>3</Ap_Cost><Cp_Cost>0</Cp_Cost><Sneak_Damage_Mod>25+{Strength}</Sneak_Damage_Mod><Sneak_Defense_Mod>-50</Sneak_Defense_Mod></params><props><Image>mini\item\weapons\basic\final\axe\Pollaxe.jpg</Image><Actives>Attack;</Actives><Damage_Type>Piercing</Damage_Type><Special_Requirements>Item(Weapon,Weapon_Group, Pollaxe);</Special_Requirements><Action_Type>Special Attack</Action_Type><Action_Tags>Main Hand</Action_Tags><Targeting_Mode>Single</Targeting_Mode><Type>actions</Type><Hotkey>a</Hotkey><Workspace_Group>Test</Workspace_Group><Version>0.1003b</Version><Group>Axe</Group><Name>Spike Stab</Name><Displayed_Name>Spike Stab</Displayed_Name></props></Spike_Stab><Impale><params><Ap_Cost>4</Ap_Cost><Foc_Cost>15</Foc_Cost><Armor_Mod>100</Armor_Mod><Sneak_Damage_Bonus>0</Sneak_Damage_Bonus><Sneak_Defense_Mod>-50</Sneak_Defense_Mod><Sta_Cost>6</Sta_Cost><Ess_Cost>0</Ess_Cost><Cp_Cost>1</Cp_Cost><Sneak_Attack_Mod>500</Sneak_Attack_Mod><Attack_Mod>10</Attack_Mod><Damage_Mod>500</Damage_Mod><Range>1</Range><Foc_Req>75</Foc_Req><Sneak_Armor_Mod>-25</Sneak_Armor_Mod><Sneak_Damage_Mod>25</Sneak_Damage_Mod><Cooldown>1</Cooldown><Armor_Penetration>0</Armor_Penetration></params><props><Image>mini\item\weapons\basic\final\polearm\New folder\Spear03.JPG</Image><Passives></Passives><Actives>Attack</Actives><Special_Requirements>Item(Weapon,Weapon_Group, Spear);</Special_Requirements><Action_Type>Special Attack</Action_Type><Action_Tags>Two Handed;</Action_Tags><Targeting_Mode>Single</Targeting_Mode><Type>actions</Type><Hotkey>a</Hotkey><Dev_Notes>OnAttack(Conditional(String(), Instant Death)))</Dev_Notes><Workspace_Group>Test</Workspace_Group><Version>0.1003b</Version><Description>A wicked strike that slays target non-Monstrous Living creature if it the target fails a Defense roll against your Attack divided by 10 or by 2 if your make this as a Sneak Attack.</Description><Group>Polearm</Group><Name>Impale</Name><Displayed_Name>Impale</Displayed_Name></props></Impale><Crush><params><Range>1</Range><Damage_Mod>500</Damage_Mod><Sneak_Armor_Mod>-25</Sneak_Armor_Mod><Armor_Penetration>0</Armor_Penetration><Armor_Mod>100</Armor_Mod><Cp_Cost>1</Cp_Cost><Cooldown>1</Cooldown><Foc_Cost>15</Foc_Cost><Foc_Req>75</Foc_Req><Sta_Cost>6</Sta_Cost><Sneak_Attack_Mod>500</Sneak_Attack_Mod><Ess_Cost>0</Ess_Cost><Sneak_Damage_Mod>25</Sneak_Damage_Mod><Attack_Mod>10</Attack_Mod><Sneak_Damage_Bonus>0</Sneak_Damage_Bonus><Ap_Cost>4</Ap_Cost><Sneak_Defense_Mod>-50</Sneak_Defense_Mod><Formula>25+{Strength}*2</Formula></params><props><Image>mini\skill\combat\Ability_Paladin_JudgementRed.jpg</Image><Passives>Bashing Attack({Strength}, {Strength}*3);</Passives><Damage_Type>Bludgeoning</Damage_Type><Actives>Attack;ZoneDamage({1}, 1);</Actives><Special_Requirements>Item(Weapon,Weapon_Type, Blunt);</Special_Requirements><Action_Type>Special Attack</Action_Type><Action_Tags>Two Handed;</Action_Tags><Targeting_Mode>Single</Targeting_Mode><Type>actions</Type><Hotkey>a</Hotkey><Dev_Notes>OnAttack(Conditional(String(), Instant Death)))</Dev_Notes><Workspace_Group>Test</Workspace_Group><Version>0.1003b</Version><Description>A wicked strike that slays target non-Monstrous Living creature if it the target fails a Defense roll against your Attack divided by 10 or by 2 if your make this as a Sneak Attack.</Description><Group>Blunt</Group><Name>Crush</Name><Displayed_Name>Crush</Displayed_Name></props></Crush><Disarm__Polearm_><params><Ess_Cost>0</Ess_Cost><Sneak_Armor_Mod>-25</Sneak_Armor_Mod><Sneak_Attack_Mod>0</Sneak_Attack_Mod><Range>1</Range><Sneak_Defense_Mod>-50</Sneak_Defense_Mod><Foc_Req>50</Foc_Req><Armor_Mod>100</Armor_Mod><Cp_Cost>0</Cp_Cost><Sneak_Damage_Mod>50</Sneak_Damage_Mod><Foc_Cost>5</Foc_Cost><Sta_Cost>5</Sta_Cost><Cooldown>0</Cooldown><Armor_Penetration>0</Armor_Penetration><Damage_Mod>150</Damage_Mod><Ap_Cost>3</Ap_Cost><Attack_Mod>75</Attack_Mod><Sneak_Damage_Bonus>0</Sneak_Damage_Bonus></params><props><Image>mini\actions\New folder\Ability_Paladin_SanctifiedWrath.jpg</Image><Hotkey>a</Hotkey><Type>actions</Type><Workspace_Group>Test</Workspace_Group><Version>0.1002b</Version><Actives>Roll(Quick Wit_Reflex, Disarm);</Actives><Group>Blunt</Group><Name>Disarm (Polearm)</Name><Action_Type>Special Attack</Action_Type><Action_Tags>Main Hand</Action_Tags><Targeting_Mode>Single</Targeting_Mode><Displayed_Name>Disarm (Polearm)</Displayed_Name></props></Disarm__Polearm_><Headblow><params><Range>1</Range><Damage_Mod>150</Damage_Mod><Sneak_Armor_Mod>-25</Sneak_Armor_Mod><Armor_Penetration>0</Armor_Penetration><Armor_Mod>100</Armor_Mod><Cp_Cost>0</Cp_Cost><Cooldown>1</Cooldown><Foc_Cost>5</Foc_Cost><Foc_Req>35</Foc_Req><Sta_Cost>5</Sta_Cost><Sneak_Attack_Mod>0</Sneak_Attack_Mod><Ess_Cost>0</Ess_Cost><Sneak_Damage_Mod>50</Sneak_Damage_Mod><Attack_Mod>50</Attack_Mod><Sneak_Damage_Bonus>0</Sneak_Damage_Bonus><Ap_Cost>3</Ap_Cost><Sneak_Defense_Mod>-50</Sneak_Defense_Mod></params><props><Image>mini\actions\Stun.jpg</Image><Passives>Bashing Attack(10+{Strength}/5+{weapon_weight}/5, 5+{Strength}/5)</Passives><Actives>Attack;</Actives><Special_Requirements>Item(Weapon,Weapon_Group, Stave);</Special_Requirements><Action_Type>Special Attack</Action_Type><Action_Tags>Main Hand</Action_Tags><Targeting_Mode>Single</Targeting_Mode><Type>actions</Type><Hotkey>a</Hotkey><Dev_Notes>Bash {1}/{2} (reduce focus/initiative)</Dev_Notes><Workspace_Group>Focus</Workspace_Group><Version>0.1003b</Version><Group>Polearm</Group><Name>Headblow</Name><Displayed_Name>Headblow</Displayed_Name></props></Headblow><Feint><params><Range>1</Range><Cooldown>0</Cooldown><Foc_Cost>5</Foc_Cost><Foc_Req>50</Foc_Req><Sta_Cost>6</Sta_Cost><Ess_Cost>0</Ess_Cost><Ap_Cost>3</Ap_Cost><Sneak_Damage_Mod>25</Sneak_Damage_Mod><Sneak_Attack_Mod>0</Sneak_Attack_Mod><Sneak_Defense_Mod>-50</Sneak_Defense_Mod><Sneak_Armor_Mod>-25</Sneak_Armor_Mod></params><props><Image>mini\actions\Leap.jpg</Image><Type>actions</Type><Dev_Notes>Target loses Stamina</Dev_Notes><Targeting_Modifiers>Clear Shot;Facing;Vision</Targeting_Modifiers><Version>0.1002b</Version><Actives>Selective move;Attack</Actives><Group>Combo</Group><Name>Feint</Name><Action_Type>Special Attack</Action_Type><Targeting_Mode>Multi</Targeting_Mode><Displayed_Name>Feint</Displayed_Name><Std_Bools>MULTI_TARGETING</Std_Bools></props></Feint><Throw_Main_Hand_Weapon><params><Foc_Cost>5</Foc_Cost><Sta_Cost>2+{weapon_weight}/5</Sta_Cost><Sneak_Defense_Mod>-50</Sneak_Defense_Mod><Ess_Cost>0</Ess_Cost><Ap_Cost>2</Ap_Cost><Attack_Mod>50+{source_throwing_mastery}</Attack_Mod><Cp_Cost>0</Cp_Cost><Sneak_Armor_Mod>-25</Sneak_Armor_Mod><Sneak_Attack_Mod>0</Sneak_Attack_Mod><Cooldown>-999</Cooldown><Range>2</Range><Foc_Req>25</Foc_Req><Sneak_Damage_Mod>25</Sneak_Damage_Mod><Damage_Mod>50+{source_throwing_mastery}</Damage_Mod></params><props><Image>{Weapon_Image}</Image><Targeting_Modifiers>Range;Facing;Clear Shot;Not Self;</Targeting_Modifiers><Actives>ThrowMainHand</Actives><Damage_Type>{weapon_damage_type}</Damage_Type><Action_Type>Special Attack</Action_Type><Action_Tags>Ranged;Throw</Action_Tags><Targeting_Mode>Single</Targeting_Mode><Type>actions</Type><Hotkey>n</Hotkey><Version>0.1003b</Version><Group>Ranged</Group><Name>Throw Main Hand Weapon</Name><Displayed_Name>Throw Main Hand Weapon</Displayed_Name></props></Throw_Main_Hand_Weapon><Throw_Off_Hand_Weapon><params><Range>2</Range><Foc_Cost>5</Foc_Cost><Foc_Req>25</Foc_Req><Sta_Cost>2+{weapon_weight}/5</Sta_Cost><Ess_Cost>0</Ess_Cost><Ap_Cost>2</Ap_Cost><Cooldown>-999</Cooldown><Sneak_Attack_Mod>0</Sneak_Attack_Mod><Cp_Cost>0</Cp_Cost><Damage_Mod>50+{source_throwing_mastery}</Damage_Mod><Attack_Mod>50+{source_throwing_mastery}</Attack_Mod><Sneak_Damage_Mod>25</Sneak_Damage_Mod><Sneak_Defense_Mod>-50</Sneak_Defense_Mod><Sneak_Armor_Mod>-25</Sneak_Armor_Mod></params><props><Image>{Offhand_Image}</Image><Targeting_Modifiers>Range;Facing;Clear Shot;Not Self;</Targeting_Modifiers><Actives>ThrowOffHand</Actives><Damage_Type>{weapon_damage_type}</Damage_Type><Action_Type>Special Attack</Action_Type><Action_Tags>Ranged;Throw;Off Hand;</Action_Tags><Targeting_Mode>Single</Targeting_Mode><Type>actions</Type><Hotkey>n</Hotkey><Version>0.1003b</Version><Group>Ranged</Group><Name>Throw Off Hand Weapon</Name><Displayed_Name>Throw Off Hand Weapon</Displayed_Name></props></Throw_Off_Hand_Weapon><Knockdown__Polearm_><params><Range>1</Range><Damage_Mod>50</Damage_Mod><Sneak_Armor_Mod>-25</Sneak_Armor_Mod><Armor_Penetration>0</Armor_Penetration><Armor_Mod>100</Armor_Mod><Cp_Cost>1</Cp_Cost><Cooldown>1</Cooldown><Foc_Cost>5</Foc_Cost><Foc_Req>30</Foc_Req><Sta_Cost>2</Sta_Cost><Sneak_Attack_Mod>0</Sneak_Attack_Mod><Ess_Cost>0</Ess_Cost><Sneak_Damage_Mod>50</Sneak_Damage_Mod><Attack_Mod>100</Attack_Mod><Sneak_Damage_Bonus>0</Sneak_Damage_Bonus><Ap_Cost>2</Ap_Cost><Sneak_Defense_Mod>-50</Sneak_Defense_Mod><Formula>3</Formula></params><props><Image>mini\item\weapons\basic\final\polearm\INV_Staff_27.jpg</Image><Passives>Deal damage based on target's Weight</Passives><Actives>Roll(Reflex, Knockdown({1}))</Actives><Special_Requirements>Item(Weapon,Weapon_Type, Polearm);</Special_Requirements><Action_Type>Special Attack</Action_Type><Action_Tags>Two Handed;</Action_Tags><Targeting_Mode>Single</Targeting_Mode><Type>actions</Type><Hotkey>a</Hotkey><Workspace_Group>Test</Workspace_Group><Version>0.1003b</Version><Group>Polearm</Group><Name>Knockdown (Polearm)</Name><Displayed_Name>Knockdown (Polearm)</Displayed_Name></props></Knockdown__Polearm_></Special_Attack><Special_Action><Spell_Echo><params><Range>0</Range><Duration>0</Duration><Foc_Cost>0</Foc_Cost><Sta_Cost>0</Sta_Cost><Ess_Cost>0</Ess_Cost><Ap_Cost>2</Ap_Cost><Sneak_Damage_Mod>25</Sneak_Damage_Mod><Sneak_Attack_Mod>0</Sneak_Attack_Mod><Sneak_Defense_Mod>-50</Sneak_Defense_Mod><Sneak_Armor_Mod>-25</Sneak_Armor_Mod></params><props><Image>UI\actions\BTNMind.jpg</Image><Type>actions</Type><Actives>Spell Echo(SUMMONER,);</Actives><Group>Arcanum</Group><Name>Spell Echo</Name><Action_Type>Special Action</Action_Type><Targeting_Mode>SINGLE</Targeting_Mode></props></Spell_Echo><Use_Inventory><params><Range>0</Range><Duration>0</Duration><Foc_Cost>0</Foc_Cost><Sta_Cost>0</Sta_Cost><Ess_Cost>0</Ess_Cost><Ap_Cost>2</Ap_Cost><Cooldown>-8</Cooldown><Sneak_Damage_Mod>25</Sneak_Damage_Mod><Sneak_Attack_Mod>0</Sneak_Attack_Mod><Sneak_Defense_Mod>-50</Sneak_Defense_Mod><Sneak_Armor_Mod>-25</Sneak_Armor_Mod></params><props><Image>UI\actions\inv.jpg</Image><Hotkey>i</Hotkey><Type>actions</Type><Actives>Use Inventory(2)</Actives><Group>Hero</Group><Name>Use Inventory</Name><Action_Type>Special Action</Action_Type><Action_Tags>Attack Of Opportunity;</Action_Tags><Targeting_Mode>SINGLE</Targeting_Mode><Std_Bools>cancellable</Std_Bools></props></Use_Inventory><Stone_Gaze><params><Range>0</Range><Duration>0</Duration><Foc_Cost>0</Foc_Cost><Sta_Cost>0</Sta_Cost><Ess_Cost>0</Ess_Cost><Ap_Cost>2</Ap_Cost><Sneak_Damage_Mod>25</Sneak_Damage_Mod><Sneak_Attack_Mod>0</Sneak_Attack_Mod><Sneak_Defense_Mod>-50</Sneak_Defense_Mod><Sneak_Armor_Mod>-25</Sneak_Armor_Mod></params><props><Image>UI\actions\BTNMind.jpg</Image><Type>actions</Type><Actives>Spell Echo(SUMMONER,);</Actives><Group>Arcanum</Group><Name>Stone Gaze</Name><Action_Type>Special Action</Action_Type><Targeting_Mode>SINGLE</Targeting_Mode></props></Stone_Gaze><Reload_Bow><params><Range>0</Range><Duration>0</Duration><Foc_Cost>0</Foc_Cost><Sta_Cost>0</Sta_Cost><Ess_Cost>0</Ess_Cost><Ap_Cost>1</Ap_Cost><Cooldown>-99</Cooldown><Sneak_Damage_Mod>25</Sneak_Damage_Mod><Sneak_Attack_Mod>0</Sneak_Attack_Mod><Sneak_Defense_Mod>-50</Sneak_Defense_Mod><Sneak_Armor_Mod>-25</Sneak_Armor_Mod></params><props><Image>UI\actions\inv.jpg</Image><Type>actions</Type><Version>0.1003b</Version><Actives>Reload;</Actives><Special_Requirements>Item(Ranged,Weapon_Group,Bows);</Special_Requirements><Group>Item</Group><Name>Reload Bow</Name><Action_Type>Special Action</Action_Type><Targeting_Mode>Single</Targeting_Mode></props></Reload_Bow><Reload_Crossbow><params><Range>0</Range><Duration>0</Duration><Foc_Cost>2</Foc_Cost><Sta_Cost>1</Sta_Cost><Ess_Cost>0</Ess_Cost><Ap_Cost>2</Ap_Cost><Foc_Req>15</Foc_Req><Cooldown>-99</Cooldown><Sneak_Damage_Mod>25</Sneak_Damage_Mod><Sneak_Attack_Mod>0</Sneak_Attack_Mod><Sneak_Defense_Mod>-50</Sneak_Defense_Mod><Sneak_Armor_Mod>-25</Sneak_Armor_Mod></params><props><Image>UI\actions\inv.jpg</Image><Type>actions</Type><Version>0.1003b</Version><Actives>Reload;</Actives><Special_Requirements>Item(Ranged,Weapon_Group,Crossbows);</Special_Requirements><Group>Item</Group><Name>Reload Crossbow</Name><Action_Type>Special Action</Action_Type><Action_Tags>Attack Of Opportunity;</Action_Tags><Targeting_Mode>Single</Targeting_Mode></props></Reload_Crossbow><Pick_Up_Items><params><Range>0</Range><Duration>0</Duration><Foc_Cost>0</Foc_Cost><Sta_Cost>0</Sta_Cost><Ess_Cost>0</Ess_Cost><Ap_Cost>2</Ap_Cost><Cooldown>-8</Cooldown><Sneak_Damage_Mod>25</Sneak_Damage_Mod><Sneak_Attack_Mod>0</Sneak_Attack_Mod><Sneak_Defense_Mod>-50</Sneak_Defense_Mod><Sneak_Armor_Mod>-25</Sneak_Armor_Mod></params><props><Image>mini\actions\misc\pick up.jpg</Image><Hotkey>i</Hotkey><Type>actions</Type><Actives>Pick Up(2)</Actives><Group>Hero</Group><Name>Pick Up Items</Name><Action_Type>Special Action</Action_Type><Action_Tags>Attack Of Opportunity;</Action_Tags><Targeting_Mode>SINGLE</Targeting_Mode><Std_Bools>cancellable</Std_Bools></props></Pick_Up_Items><Quick_Focus><params><Range>0</Range><Duration>0</Duration><Foc_Cost>0</Foc_Cost><Sta_Cost>1</Sta_Cost><Ess_Cost>0</Ess_Cost><Ap_Cost>1</Ap_Cost><Cooldown>1</Cooldown><Formula>10+{source_discipline_mastery}/2</Formula><Sneak_Damage_Mod>25</Sneak_Damage_Mod><Sneak_Attack_Mod>0</Sneak_Attack_Mod><Sneak_Defense_Mod>-50</Sneak_Defense_Mod><Sneak_Armor_Mod>-25</Sneak_Armor_Mod></params><props><Image>mini\skill\real\misc\Discipline\Guarded Rest.jpg</Image><Hotkey>f</Hotkey><Type>actions</Type><Version>0.1002</Version><Actives>AddParam(C_Focus, {1});</Actives><Group>Skill</Group><Name>Quick Focus</Name><Action_Type>Special Action</Action_Type><Action_Tags>Attack Of Opportunity;</Action_Tags><Targeting_Mode>Self</Targeting_Mode><Displayed_Name>Quick Focus</Displayed_Name><Std_Bools></Std_Bools></props></Quick_Focus><Quick_Rest><params><Range>0</Range><Duration>0</Duration><Foc_Cost>0</Foc_Cost><Sta_Cost>0</Sta_Cost><Ess_Cost>0</Ess_Cost><Ap_Cost>2</Ap_Cost><Cooldown>1</Cooldown><Formula>2+{source_athletics_Mastery}/5</Formula><Sneak_Damage_Mod>25</Sneak_Damage_Mod><Sneak_Attack_Mod>0</Sneak_Attack_Mod><Sneak_Defense_Mod>-50</Sneak_Defense_Mod><Sneak_Armor_Mod>-25</Sneak_Armor_Mod></params><props><Image>mini\skill\real\misc\Discipline\Deep Concentration.jpg</Image><Hotkey>f</Hotkey><Type>actions</Type><Version>0.1002b</Version><Actives>AddParam(C_Stamina, {1});</Actives><Group>Skill</Group><Name>Quick Rest</Name><Action_Type>Special Action</Action_Type><Action_Tags>Attack Of Opportunity;</Action_Tags><Targeting_Mode>Self</Targeting_Mode><Displayed_Name>Quick Rest</Displayed_Name><Std_Bools></Std_Bools></props></Quick_Rest><Lay_on_Hands><params><Range>1</Range><Duration>0</Duration><Foc_Cost>4</Foc_Cost><Sta_Cost>3</Sta_Cost><Ess_Cost>12</Ess_Cost><Ap_Cost>1</Ap_Cost><Cooldown>-1</Cooldown><Formula>75+{Charisma}*5</Formula><Sneak_Damage_Mod>25</Sneak_Damage_Mod><Sneak_Attack_Mod>0</Sneak_Attack_Mod><Sneak_Defense_Mod>-50</Sneak_Defense_Mod><Sneak_Armor_Mod>-25</Sneak_Armor_Mod><Foc_Req>25</Foc_Req></params><props><Image>mini\skill\real\misc\Meditation\Untitled-14.jpg</Image><Targeting_Modifiers>Only Living;Range;Facing;</Targeting_Modifiers><Actives>AddParam(C_Toughness, {1});AddParam(C_Endurance, {1}*3/2);</Actives><Action_Type>Special Action</Action_Type><Action_Tags></Action_Tags><Targeting_Mode>Any Ally</Targeting_Mode><Std_Bools></Std_Bools><Type>actions</Type><Hotkey>f</Hotkey><Version>0.1003b</Version><Group>Skill</Group><Name>Lay on Hands</Name><Displayed_Name>Lay on Hands</Displayed_Name></props></Lay_on_Hands><Condemn><params><Range>0</Range><Duration>0</Duration><Foc_Cost>0</Foc_Cost><Sta_Cost>1</Sta_Cost><Ess_Cost>0</Ess_Cost><Ap_Cost>1</Ap_Cost><Cooldown>1</Cooldown><Formula>2+{source_athletics_Mastery}/5</Formula><Sneak_Damage_Mod>25</Sneak_Damage_Mod><Sneak_Attack_Mod>0</Sneak_Attack_Mod><Sneak_Defense_Mod>-50</Sneak_Defense_Mod><Sneak_Armor_Mod>-25</Sneak_Armor_Mod></params><props><Image>mini\skill\real\misc\Meditation\Deep Rest.jpg</Image><Hotkey>f</Hotkey><Type>actions</Type><Version>0.1002</Version><Actives>Roll(Faith, AddParam(C_Morale, -{1}));</Actives><Group>Skill</Group><Name>Condemn</Name><Action_Type>Special Action</Action_Type><Action_Tags>Attack Of Opportunity;</Action_Tags><Targeting_Mode>Self</Targeting_Mode><Displayed_Name>Condemn</Displayed_Name><Std_Bools></Std_Bools></props></Condemn><Stealth_Mode><params><Range>0</Range><Cooldown>0</Cooldown><Foc_Cost>0</Foc_Cost><Foc_Req>25</Foc_Req><Sta_Cost>0</Sta_Cost><Ess_Cost>0</Ess_Cost><Ap_Cost>1</Ap_Cost><Sneak_Damage_Mod>25</Sneak_Damage_Mod><Sneak_Attack_Mod>0</Sneak_Attack_Mod><Sneak_Defense_Mod>-50</Sneak_Defense_Mod><Sneak_Armor_Mod>-25</Sneak_Armor_Mod></params><props><Image>mini\skill\work\stealth\Ability_Vanish.jpg</Image><Hotkey>l</Hotkey><Type>actions</Type><Workspace_Group>Implement</Workspace_Group><Version>0.1003b</Version><Actives>StealthMode</Actives><Group>Mode</Group><Name>Stealth Mode</Name><Action_Type>Special Action</Action_Type><Targeting_Mode>SINGLE</Targeting_Mode></props></Stealth_Mode><Search_Mode><params><Range>0</Range><Cooldown>0</Cooldown><Foc_Cost>0</Foc_Cost><Foc_Req>20</Foc_Req><Sta_Cost>0</Sta_Cost><Ess_Cost>0</Ess_Cost><Ap_Cost>1</Ap_Cost><Sneak_Damage_Mod>25</Sneak_Damage_Mod><Sneak_Attack_Mod>0</Sneak_Attack_Mod><Sneak_Defense_Mod>-50</Sneak_Defense_Mod><Sneak_Armor_Mod>-25</Sneak_Armor_Mod></params><props><Image>mini\skill\misc\TRADE_ARCHAEOLOGY.jpg</Image><Hotkey>l</Hotkey><Type>actions</Type><Workspace_Group>Implement</Workspace_Group><Version>0.1003b</Version><Actives>SearchMode</Actives><Group>Mode</Group><Name>Search Mode</Name><Action_Type>Special Action</Action_Type><Targeting_Mode>SINGLE</Targeting_Mode><Displayed_Name>Search Mode</Displayed_Name></props></Search_Mode><Hide><params><Range>0</Range><Cooldown>0</Cooldown><Foc_Cost>0</Foc_Cost><Foc_Req>25</Foc_Req><Sta_Cost>0</Sta_Cost><Ess_Cost>0</Ess_Cost><Ap_Cost>2</Ap_Cost><Sneak_Damage_Mod>25</Sneak_Damage_Mod><Sneak_Attack_Mod>0</Sneak_Attack_Mod><Sneak_Defense_Mod>-50</Sneak_Defense_Mod><Sneak_Armor_Mod>-25</Sneak_Armor_Mod></params><props><Image>mini\skill\work\stealth\BTNCloakOfFrost.jpg</Image><Hotkey>l</Hotkey><Type>actions</Type><Workspace_Group>Implement</Workspace_Group><Version>0.1003b</Version><Actives>HideMode</Actives><Group>Mode</Group><Name>Hide</Name><Action_Type>Special Action</Action_Type><Targeting_Mode>SINGLE</Targeting_Mode><Displayed_Name>Hide</Displayed_Name></props></Hide><Warcry846_To_Me_><params><Range>0</Range><Duration>0</Duration><Foc_Cost>10</Foc_Cost><Sta_Cost>5</Sta_Cost><Ess_Cost>0</Ess_Cost><Ap_Cost>1</Ap_Cost><Cooldown>1</Cooldown><Formula>2+[RANDOM(10)]+{source_leadership_Mastery}/5+{level}/2</Formula><Sneak_Damage_Mod>25</Sneak_Damage_Mod><Sneak_Attack_Mod>0</Sneak_Attack_Mod><Sneak_Defense_Mod>-50</Sneak_Defense_Mod><Sneak_Armor_Mod>-25</Sneak_Armor_Mod><Foc_Req>25</Foc_Req></params><props><Image>mini\skill\real\misc\Discipline\Intense Concentration.jpg</Image><Hotkey>f</Hotkey><Type>actions</Type><Version>0.1003b</Version><Actives>AddParam(C_Initiative_Bonus, {1});AddParam(C_N_Of_actions, {2});CustomTarget(Source, AddParam(C_Toughness, {3}*3/2));</Actives><Group>Warcry</Group><Name>Warcry: To Me!</Name><Action_Type>Special Action</Action_Type><Action_Tags></Action_Tags><Targeting_Mode>Nova</Targeting_Mode><Displayed_Name>Warcry: To Me!</Displayed_Name><Std_Bools>No Enemy Fire;</Std_Bools></props></Warcry846_To_Me_><Warcry846_Stand_Fast_><params><Range>0</Range><Duration>0</Duration><Foc_Cost>12</Foc_Cost><Sta_Cost>2</Sta_Cost><Ess_Cost>0</Ess_Cost><Ap_Cost>2</Ap_Cost><Cooldown>1</Cooldown><Formula>6+{Mastery}/5+{level}/2</Formula><Sneak_Damage_Mod>25</Sneak_Damage_Mod><Sneak_Attack_Mod>0</Sneak_Attack_Mod><Sneak_Defense_Mod>-50</Sneak_Defense_Mod><Sneak_Armor_Mod>-25</Sneak_Armor_Mod><Foc_Req>25</Foc_Req><Cp_Cost>0</Cp_Cost></params><props><Image>mini\skill\Ability_Warrior_RallyingCry.jpg</Image><Hotkey>f</Hotkey><Type>actions</Type><Version>0.1003b</Version><Actives>AddParam(C_Stamina, {1});CustomTarget(Source, AddParam(C_Stamina, {1}*3/2));</Actives><Group>Warcry</Group><Name>Warcry: Stand Fast!</Name><Action_Type>Special Action</Action_Type><Action_Tags></Action_Tags><Targeting_Mode>Nova</Targeting_Mode><Displayed_Name>Warcry: Stand Fast!</Displayed_Name><Std_Bools>No Enemy Fire;</Std_Bools></props></Warcry846_Stand_Fast_><Warcry846_Slay765_Kill765_Burn_><params><Range>0</Range><Duration>0</Duration><Foc_Cost>10</Foc_Cost><Sta_Cost>5</Sta_Cost><Ess_Cost>0</Ess_Cost><Ap_Cost>1</Ap_Cost><Cooldown>1</Cooldown><Formula>2+[RANDOM(10)]+{source_leadership_Mastery}/5+{level}/2</Formula><Sneak_Damage_Mod>25</Sneak_Damage_Mod><Sneak_Attack_Mod>0</Sneak_Attack_Mod><Sneak_Defense_Mod>-50</Sneak_Defense_Mod><Sneak_Armor_Mod>-25</Sneak_Armor_Mod><Cp_Cost>0</Cp_Cost></params><props><Image>mini\skill\real\misc\Discipline\Intense Concentration.jpg</Image><Hotkey>f</Hotkey><Type>actions</Type><Version>0.1003b</Version><Actives>AddCounter(Rage, {1});CustomTarget(Source, AddCounter(Rage, {1}*3/2));</Actives><Group>Warcry</Group><Name>Warcry: Slay, Kill, Burn!</Name><Action_Type>Special Action</Action_Type><Action_Tags></Action_Tags><Targeting_Mode>Nova</Targeting_Mode><Displayed_Name>Warcry: Slay, Kill, Burn!</Displayed_Name><Std_Bools>No Enemy Fire;</Std_Bools></props></Warcry846_Slay765_Kill765_Burn_><Warcry846_To_Arms_><params><Range>0</Range><Duration>0</Duration><Foc_Cost>5</Foc_Cost><Sta_Cost>5</Sta_Cost><Ess_Cost>0</Ess_Cost><Ap_Cost>2</Ap_Cost><Cooldown>1</Cooldown><Formula>15+{Mastery}*2+{level}*4</Formula><Sneak_Damage_Mod>25</Sneak_Damage_Mod><Sneak_Attack_Mod>0</Sneak_Attack_Mod><Sneak_Defense_Mod>-50</Sneak_Defense_Mod><Sneak_Armor_Mod>-25</Sneak_Armor_Mod><Foc_Req>15</Foc_Req><Cp_Cost>0</Cp_Cost></params><props><Image>mini\skill\real\misc\Discipline\Intense Concentration.jpg</Image><Hotkey>f</Hotkey><Type>actions</Type><Version>0.1003b</Version><Actives>AddParam(C_Initiative_Bonus, {1});AddParam(C_focus, {1}/10);AddParam(C_N_Of_actions, 1);CustomTarget(Source, AddParam(C_focus, {1}/5));</Actives><Group>Skill</Group><Name>Warcry: To Arms!</Name><Action_Type>Special Action</Action_Type><Action_Tags></Action_Tags><Targeting_Mode>Nova</Targeting_Mode><Displayed_Name>Warcry: To Arms!</Displayed_Name><Std_Bools>No Enemy Fire;</Std_Bools></props></Warcry846_To_Arms_><Warcry846_For_Glory_><params><Range>0</Range><Duration>0</Duration><Foc_Cost>12</Foc_Cost><Sta_Cost>5</Sta_Cost><Ess_Cost>0</Ess_Cost><Ap_Cost>1</Ap_Cost><Cooldown>1</Cooldown><Formula>15+{Mastery}+{level}*4</Formula><Sneak_Damage_Mod>25</Sneak_Damage_Mod><Sneak_Attack_Mod>0</Sneak_Attack_Mod><Sneak_Defense_Mod>-50</Sneak_Defense_Mod><Sneak_Armor_Mod>-25</Sneak_Armor_Mod><Foc_Req>25</Foc_Req><Cp_Cost>0</Cp_Cost></params><props><Image>mini\skill\Ability_Warrior_RallyingCry.jpg</Image><Hotkey>f</Hotkey><Type>actions</Type><Version>0.1003b</Version><Actives>AddParam(C_Morale, {1});CustomTarget(Source, AddParam(C_Morale, {1}*3/2));</Actives><Group>Warcry</Group><Name>Warcry: For Glory!</Name><Action_Type>Special Action</Action_Type><Action_Tags></Action_Tags><Targeting_Mode>Nova</Targeting_Mode><Displayed_Name>Warcry: For Glory!</Displayed_Name><Std_Bools>No Enemy Fire;</Std_Bools></props></Warcry846_For_Glory_><Command846_Retreat_><params><Range>0</Range><Duration>0</Duration><Foc_Cost>3</Foc_Cost><Sta_Cost>2</Sta_Cost><Ess_Cost>0</Ess_Cost><Ap_Cost>1</Ap_Cost><Cooldown>1</Cooldown><Formula>2+[RANDOM(10)]+{source_leadership_Mastery}/5+{level}/2</Formula><Sneak_Damage_Mod>25</Sneak_Damage_Mod><Sneak_Attack_Mod>0</Sneak_Attack_Mod><Sneak_Defense_Mod>-50</Sneak_Defense_Mod><Sneak_Armor_Mod>-25</Sneak_Armor_Mod><Cp_Cost>0</Cp_Cost><Foc_Req>22</Foc_Req></params><props><Image>mini\skill\Ability_Warrior_RallyingCry.jpg</Image><Targeting_Modifiers>string({party}, {source_party}) OR ref(summoner, source);num({Intelligence}, 6);</Targeting_Modifiers><Actives>ActivateIfCan(Move Back)</Actives><Action_Type>Special Action</Action_Type><Action_Tags></Action_Tags><Targeting_Mode>Any Ally</Targeting_Mode><Std_Bools>No Friendly Fire;</Std_Bools><Type>actions</Type><Hotkey>f</Hotkey><Version>0.1003b</Version><Group>Skill</Group><Name>Command: Retreat!</Name><Displayed_Name>Command: Retreat!</Displayed_Name></props></Command846_Retreat_><Warcry846_Flee_or_Die_><params><Range>0</Range><Duration>0</Duration><Foc_Cost>10</Foc_Cost><Sta_Cost>5</Sta_Cost><Ess_Cost>0</Ess_Cost><Ap_Cost>1</Ap_Cost><Cooldown>1</Cooldown><Formula>2+[RANDOM(10)]+{source_leadership_Mastery}/5+{level}/2</Formula><Sneak_Damage_Mod>25</Sneak_Damage_Mod><Sneak_Attack_Mod>0</Sneak_Attack_Mod><Sneak_Defense_Mod>-50</Sneak_Defense_Mod><Sneak_Armor_Mod>-25</Sneak_Armor_Mod><Cp_Cost>0</Cp_Cost><Foc_Req>25</Foc_Req></params><props><Image>mini\skill\real\misc\Discipline\Intense Concentration.jpg</Image><Hotkey>f</Hotkey><Type>actions</Type><Version>0.1003b</Version><Actives>RollCustomFormulas(Mind Affecting, -, {1}, AddParam(C_Morale, -{2}), -);</Actives><Group>Warcry</Group><Name>Warcry: Flee or Die!</Name><Action_Type>Special Action</Action_Type><Action_Tags></Action_Tags><Targeting_Mode>Nova</Targeting_Mode><Displayed_Name>Warcry: Flee or Die!</Displayed_Name><Std_Bools>No Friendly Fire;</Std_Bools></props></Warcry846_Flee_or_Die_><Command846_Forward_><params><Range>0</Range><Duration>0</Duration><Foc_Cost>3</Foc_Cost><Sta_Cost>2</Sta_Cost><Ess_Cost>0</Ess_Cost><Ap_Cost>1</Ap_Cost><Cooldown>-1</Cooldown><Formula>2+[RANDOM(10)]+{source_leadership_Mastery}/5+{level}/2</Formula><Sneak_Damage_Mod>25</Sneak_Damage_Mod><Sneak_Attack_Mod>0</Sneak_Attack_Mod><Sneak_Defense_Mod>-50</Sneak_Defense_Mod><Sneak_Armor_Mod>-25</Sneak_Armor_Mod><Cp_Cost>0</Cp_Cost><Foc_Req>18</Foc_Req></params><props><Image>mini\skill\Ability_Warrior_RallyingCry.jpg</Image><Targeting_Modifiers>string({party}, {source_party}) OR ref(summoner, source);num({Intelligence}, 6);</Targeting_Modifiers><Actives>ActivateIfCan(Move);</Actives><Action_Type>Special Action</Action_Type><Action_Tags></Action_Tags><Custom_Soundset></Custom_Soundset><Targeting_Mode>Any Ally</Targeting_Mode><Std_Bools>No Friendly Fire;</Std_Bools><Type>actions</Type><Hotkey>f</Hotkey><Version>0.1003b</Version><Group>Skill</Group><Name>Command: Forward!</Name><Displayed_Name>Command: Forward!</Displayed_Name></props></Command846_Forward_><Command846_Hold_Position_><params><Range>0</Range><Duration>0</Duration><Foc_Cost>3</Foc_Cost><Sta_Cost>2</Sta_Cost><Ess_Cost>0</Ess_Cost><Ap_Cost>1</Ap_Cost><Cooldown>-1</Cooldown><Formula>2+[RANDOM(10)]+{source_leadership_Mastery}/5+{level}/2</Formula><Sneak_Damage_Mod>25</Sneak_Damage_Mod><Sneak_Attack_Mod>0</Sneak_Attack_Mod><Sneak_Defense_Mod>-50</Sneak_Defense_Mod><Sneak_Armor_Mod>-25</Sneak_Armor_Mod><Cp_Cost>0</Cp_Cost><Foc_Req>20</Foc_Req></params><props><Image>mini\skill\Ability_Warrior_RallyingCry.jpg</Image><Targeting_Modifiers>string({party}, {source_party}) OR ref(summoner, source);num({Intelligence}, 6);</Targeting_Modifiers><Actives>ActivateIfCan(Defend);</Actives><Action_Type>Special Action</Action_Type><Action_Tags></Action_Tags><Targeting_Mode>Any Ally</Targeting_Mode><Std_Bools>No Friendly Fire;</Std_Bools><Type>actions</Type><Hotkey>f</Hotkey><Version>0.1003b</Version><Group>Skill</Group><Name>Command: Hold Position!</Name><Displayed_Name>Command: Hold Position!</Displayed_Name></props></Command846_Hold_Position_><Toss_Item><params><Range>2</Range><Duration>0</Duration><Foc_Cost>0</Foc_Cost><Sta_Cost>0</Sta_Cost><Ess_Cost>0</Ess_Cost><Ap_Cost>1</Ap_Cost><Cooldown>-2</Cooldown><Formula>10+{source_discipline_mastery}/2</Formula><Sneak_Damage_Mod>25</Sneak_Damage_Mod><Sneak_Attack_Mod>0</Sneak_Attack_Mod><Sneak_Defense_Mod>-50</Sneak_Defense_Mod><Sneak_Armor_Mod>-25</Sneak_Armor_Mod></params><props><Image>mini\skill\real\Spell_Shadow_Requiem.jpg</Image><Hotkey>f</Hotkey><Type>actions</Type><Version>0.1003b</Version><Actives>TossItem</Actives><Group>Skill</Group><Name>Toss Item</Name><Action_Type>Special Action</Action_Type><Action_Tags></Action_Tags><Targeting_Mode>Self</Targeting_Mode><Displayed_Name>Toss Item</Displayed_Name><Std_Bools></Std_Bools></props></Toss_Item><Warcry846_Sonic_Blast><params><Range>1</Range><Duration>0</Duration><Foc_Cost>12</Foc_Cost><Sta_Cost>6</Sta_Cost><Ess_Cost>0</Ess_Cost><Ap_Cost>2</Ap_Cost><Cooldown>1</Cooldown><Formula>25+[RANDOM(50)]+{Mastery}*2+{level}*5</Formula><Sneak_Damage_Mod>25</Sneak_Damage_Mod><Sneak_Attack_Mod>0</Sneak_Attack_Mod><Sneak_Defense_Mod>-50</Sneak_Defense_Mod><Sneak_Armor_Mod>-25</Sneak_Armor_Mod><Cp_Cost>0</Cp_Cost><Foc_Req>30</Foc_Req></params><props><Image>mini\skill\real\misc\Discipline\Intense Concentration.jpg</Image><Actives>SpellDmg({1});</Actives><Damage_Type>Sonic</Damage_Type><Action_Type>Special Action</Action_Type><Action_Tags></Action_Tags><Targeting_Mode>Spray</Targeting_Mode><Std_Bools></Std_Bools><Type>actions</Type><Hotkey>f</Hotkey><Version>0.1003b</Version><Group>Warcry</Group><Name>Warcry: Sonic Blast</Name><Displayed_Name>Warcry: Sonic Blast</Displayed_Name></props></Warcry846_Sonic_Blast><Enter><params><Range>0</Range><Duration>0</Duration><Foc_Cost>0</Foc_Cost><Sta_Cost>0</Sta_Cost><Ess_Cost>0</Ess_Cost><Ap_Cost>2</Ap_Cost><Cooldown>-8</Cooldown><Sneak_Damage_Mod>25</Sneak_Damage_Mod><Sneak_Attack_Mod>0</Sneak_Attack_Mod><Sneak_Defense_Mod>-50</Sneak_Defense_Mod><Sneak_Armor_Mod>-25</Sneak_Armor_Mod></params><props><Image>mini\actions\Cripple.JPG</Image><Hotkey>n</Hotkey><Type>actions</Type><Version>0.05</Version><Actives></Actives><Group>Hero</Group><Name>Enter</Name><Action_Type>Special Action</Action_Type><Action_Tags></Action_Tags><Targeting_Mode>Self</Targeting_Mode><Displayed_Name>Enter</Displayed_Name><Std_Bools>cancellable</Std_Bools></props></Enter><Unlock><params><Range>1</Range><Duration>0</Duration><Foc_Cost>5</Foc_Cost><Sta_Cost>0</Sta_Cost><Ess_Cost>0</Ess_Cost><Ap_Cost>3</Ap_Cost><Cooldown>-2</Cooldown><Sneak_Damage_Mod>25</Sneak_Damage_Mod><Sneak_Attack_Mod>0</Sneak_Attack_Mod><Sneak_Defense_Mod>-50</Sneak_Defense_Mod><Sneak_Armor_Mod>-25</Sneak_Armor_Mod><Foc_Req>35</Foc_Req></params><props><Image>mini\actions\Armored Fist.jpg</Image><Targeting_Modifiers>Locked Obj</Targeting_Modifiers><Actives></Actives><Action_Type>Special Action</Action_Type><Action_Tags>Attack Of Opportunity;</Action_Tags><Targeting_Mode>Bf Obj</Targeting_Mode><Std_Bools>cancellable;</Std_Bools><Type>actions</Type><Hotkey>u</Hotkey><Version>0.05</Version><Group>Hero</Group><Name>Unlock</Name><Displayed_Name>Unlock</Displayed_Name></props></Unlock><Disarm_Trap><params><Range>1</Range><Duration>0</Duration><Foc_Cost>10</Foc_Cost><Sta_Cost>0</Sta_Cost><Ess_Cost>0</Ess_Cost><Ap_Cost>3</Ap_Cost><Cooldown>-2</Cooldown><Sneak_Damage_Mod>25</Sneak_Damage_Mod><Sneak_Attack_Mod>0</Sneak_Attack_Mod><Sneak_Defense_Mod>-50</Sneak_Defense_Mod><Sneak_Armor_Mod>-25</Sneak_Armor_Mod><Foc_Req>45</Foc_Req></params><props><Image>mini\actions\Piercing Shot.JPG</Image><Targeting_Modifiers>Trap</Targeting_Modifiers><Actives></Actives><Action_Type>Special Action</Action_Type><Action_Tags>Attack Of Opportunity;</Action_Tags><Targeting_Mode>Bf Obj</Targeting_Mode><Std_Bools>cancellable;</Std_Bools><Type>actions</Type><Hotkey>u</Hotkey><Version>0.05</Version><Group>Hero</Group><Name>Disarm Trap</Name><Displayed_Name>Disarm Trap</Displayed_Name></props></Disarm_Trap><Watch><params><Range>{source_sight_range}+3</Range><Duration>0</Duration><Foc_Cost>0</Foc_Cost><Sta_Cost>0</Sta_Cost><Ess_Cost>0</Ess_Cost><Ap_Cost>0</Ap_Cost><Cooldown>-2</Cooldown><Sneak_Damage_Mod>25</Sneak_Damage_Mod><Sneak_Attack_Mod>0</Sneak_Attack_Mod><Sneak_Defense_Mod>-50</Sneak_Defense_Mod><Sneak_Armor_Mod>-25</Sneak_Armor_Mod><Foc_Req>35</Foc_Req></params><props><Image>mini\actions\watch.jpg</Image><Targeting_Modifiers>Clear Shot;Facing;Range;</Targeting_Modifiers><Actives>Watch</Actives><Action_Type>Special Action</Action_Type><Action_Tags>Instant;</Action_Tags><Targeting_Mode>Blast</Targeting_Mode><Std_Bools>cancellable;</Std_Bools><Type>actions</Type><Hotkey>h</Hotkey><Version>0.05</Version><Group>Hero</Group><Name>Watch</Name><Displayed_Name>Watch</Displayed_Name></props></Watch></Special_Action><Hidden><Flee><params><Range>0</Range><Cooldown>-100</Cooldown><Foc_Cost>0</Foc_Cost><Sta_Cost>0</Sta_Cost><Ess_Cost>0</Ess_Cost><Ap_Cost>1</Ap_Cost><Sneak_Damage_Mod>25</Sneak_Damage_Mod><Sneak_Attack_Mod>0</Sneak_Attack_Mod><Sneak_Defense_Mod>-50</Sneak_Defense_Mod><Sneak_Armor_Mod>-25</Sneak_Armor_Mod><Foc_Req>0</Foc_Req></params><props><Image>mini\actions\New folder\Spell_Misc_EmotionAfraid.jpg</Image><Actives>Flee</Actives><Special_Requirements></Special_Requirements><Action_Type>Hidden</Action_Type><Action_Tags>Channeling</Action_Tags><Targeting_Mode>SINGLE</Targeting_Mode><Type>actions</Type><Hotkey></Hotkey><Version>0.05</Version><Group>Standard</Group><Name>Flee</Name><Custom_Props>Fleeing</Custom_Props><Displayed_Name>Flee</Displayed_Name></props></Flee><Cower><params><Range>0</Range><Cooldown>-999</Cooldown><Foc_Cost>0</Foc_Cost><Sta_Cost>0</Sta_Cost><Ess_Cost>0</Ess_Cost><Ap_Cost>1</Ap_Cost><Sneak_Damage_Mod>25</Sneak_Damage_Mod><Sneak_Attack_Mod>0</Sneak_Attack_Mod><Sneak_Defense_Mod>-50</Sneak_Defense_Mod><Sneak_Armor_Mod>-25</Sneak_Armor_Mod><Foc_Req>0</Foc_Req></params><props><Image>mini\actions\New folder\Spell_Misc_EmotionAfraid.jpg</Image><Hotkey>s</Hotkey><Type>actions</Type><Version>0.1003b</Version><Actives>CowerMode;AddParam(C_Focus, -5);</Actives><Special_Requirements></Special_Requirements><Group>Hidden</Group><Name>Cower</Name><Action_Type>Hidden</Action_Type><Targeting_Mode>Self</Targeting_Mode><Displayed_Name>Cower</Displayed_Name></props></Cower><Rage><params><Range>0</Range><Cooldown>-999</Cooldown><Foc_Cost>0</Foc_Cost><Sta_Cost>0</Sta_Cost><Ess_Cost>0</Ess_Cost><Ap_Cost>1</Ap_Cost><Sneak_Damage_Mod>25</Sneak_Damage_Mod><Sneak_Attack_Mod>0</Sneak_Attack_Mod><Sneak_Defense_Mod>-50</Sneak_Defense_Mod><Sneak_Armor_Mod>-25</Sneak_Armor_Mod><Foc_Req>0</Foc_Req></params><props><Image>mini\actions\New folder\Spell_Misc_EmotionAngry.jpg</Image><Hotkey>s</Hotkey><Type>actions</Type><Version>0.1003b</Version><Actives>SelfAttack;AddParam(C_Focus, -5);</Actives><Special_Requirements></Special_Requirements><Group>Hidden</Group><Name>Rage</Name><Action_Type>Hidden</Action_Type><Targeting_Mode>Self</Targeting_Mode><Displayed_Name>Rage</Displayed_Name></props></Rage><Dummy_Action><params><Range>0</Range><Cooldown>-999</Cooldown><Foc_Cost>0</Foc_Cost><Sta_Cost>0</Sta_Cost><Ess_Cost>0</Ess_Cost><Ap_Cost>0</Ap_Cost><Sneak_Damage_Mod>25</Sneak_Damage_Mod><Sneak_Attack_Mod>0</Sneak_Attack_Mod><Sneak_Defense_Mod>-50</Sneak_Defense_Mod><Sneak_Armor_Mod>-25</Sneak_Armor_Mod><Foc_Req>0</Foc_Req></params><props><Image>mini\actions\New folder\Spell_Nature_FocusedMind.jpg</Image><Hotkey>s</Hotkey><Type>actions</Type><Version>0.1003b</Version><Actives></Actives><Special_Requirements></Special_Requirements><Group>Hidden</Group><Name>Dummy Action</Name><Action_Type>Hidden</Action_Type><Targeting_Mode>Self</Targeting_Mode><Displayed_Name>Dummy Action</Displayed_Name></props></Dummy_Action><Stumble><params><Range>0</Range><Cooldown>-999</Cooldown><Foc_Cost>0</Foc_Cost><Sta_Cost>0</Sta_Cost><Ess_Cost>0</Ess_Cost><Ap_Cost>1</Ap_Cost><Sneak_Damage_Mod>25</Sneak_Damage_Mod><Sneak_Attack_Mod>0</Sneak_Attack_Mod><Sneak_Defense_Mod>-50</Sneak_Defense_Mod><Sneak_Armor_Mod>-25</Sneak_Armor_Mod><Foc_Req>0</Foc_Req></params><props><Image>mini\skill\misc\masteries\Untitled-1 - Copy (15) - Copy22.jpg</Image><Hotkey>s</Hotkey><Type>actions</Type><Version>0.1003b</Version><Actives>CowerMode;AddParam(C_Focus, -5);</Actives><Special_Requirements></Special_Requirements><Group>Hidden</Group><Name>Stumble</Name><Action_Type>Hidden</Action_Type><Targeting_Mode>Self</Targeting_Mode><Displayed_Name>Stumble</Displayed_Name></props></Stumble></Hidden><Special_Move><Sidestep_Left><params><Range>0</Range><Cooldown>1</Cooldown><Foc_Cost>0</Foc_Cost><Sta_Cost>1</Sta_Cost><Ess_Cost>0</Ess_Cost><Ap_Cost>1</Ap_Cost><Sneak_Damage_Mod>25</Sneak_Damage_Mod><Sneak_Attack_Mod>0</Sneak_Attack_Mod><Sneak_Defense_Mod>-50</Sneak_Defense_Mod><Sneak_Armor_Mod>-25</Sneak_Armor_Mod></params><props><Image>mini\actions\March2.jpg</Image><Type>actions</Type><Version>0.1002b</Version><Actives>Sidestep Left</Actives><Standard_Action_Passives>Dexterous;</Standard_Action_Passives><Special_Requirements>Free Cell(LEFT)</Special_Requirements><Group>Standard</Group><Name>Sidestep Left</Name><Action_Type>Special Move</Action_Type><Targeting_Mode>SINGLE</Targeting_Mode></props></Sidestep_Left><Sidestep_Right><params><Range>0</Range><Cooldown>1</Cooldown><Foc_Cost>0</Foc_Cost><Sta_Cost>1</Sta_Cost><Ess_Cost>0</Ess_Cost><Ap_Cost>1</Ap_Cost><Sneak_Damage_Mod>25</Sneak_Damage_Mod><Sneak_Attack_Mod>0</Sneak_Attack_Mod><Sneak_Defense_Mod>-50</Sneak_Defense_Mod><Sneak_Armor_Mod>-25</Sneak_Armor_Mod></params><props><Image>mini\actions\March.JPG</Image><Type>actions</Type><Version>0.1002b</Version><Actives>Sidestep Right</Actives><Standard_Action_Passives>Dexterous;</Standard_Action_Passives><Special_Requirements>Free Cell(RIGHT)</Special_Requirements><Group>Standard</Group><Name>Sidestep Right</Name><Action_Type>Special Move</Action_Type><Targeting_Mode>SINGLE</Targeting_Mode></props></Sidestep_Right><Leap><params><Range>1</Range><Cooldown>-1</Cooldown><Foc_Cost>0</Foc_Cost><Foc_Req>25</Foc_Req><Sta_Cost>3</Sta_Cost><Ess_Cost>0</Ess_Cost><Ap_Cost>1</Ap_Cost><Sneak_Damage_Mod>25</Sneak_Damage_Mod><Sneak_Attack_Mod>0</Sneak_Attack_Mod><Sneak_Defense_Mod>-50</Sneak_Defense_Mod><Sneak_Armor_Mod>-25</Sneak_Armor_Mod></params><props><Image>mini\actions\Dodge2.jpg</Image><Type>actions</Type><Targeting_Modifiers>Clear Shot;</Targeting_Modifiers><Version>0.1002b</Version><Actives>Selective move</Actives><Standard_Action_Passives>Dexterous;</Standard_Action_Passives><Group>Standard</Group><Name>Leap</Name><Action_Type>Special Move</Action_Type><Targeting_Mode>Cell</Targeting_Mode><Std_Bools></Std_Bools></props></Leap><Flight_2><params><Range>2</Range><Cooldown>0</Cooldown><Foc_Cost>10</Foc_Cost><Foc_Req>35</Foc_Req><Sta_Cost>4</Sta_Cost><Ess_Cost>0</Ess_Cost><Ap_Cost>2</Ap_Cost><Sneak_Damage_Mod>25</Sneak_Damage_Mod><Sneak_Attack_Mod>0</Sneak_Attack_Mod><Sneak_Defense_Mod>-50</Sneak_Defense_Mod><Sneak_Armor_Mod>-25</Sneak_Armor_Mod></params><props><Image>mini\actions\Leap.jpg</Image><Type>actions</Type><Version>0.05</Version><Actives>Selective move</Actives><Standard_Action_Passives>Dexterous</Standard_Action_Passives><Group>Standard</Group><Name>Flight 2</Name><Action_Type>Special Move</Action_Type><Action_Tags>Flying;</Action_Tags><Targeting_Mode>Cell</Targeting_Mode></props></Flight_2><Dragon_Flight><params><Range>3</Range><Cooldown>0</Cooldown><Foc_Cost>5</Foc_Cost><Foc_Req>25</Foc_Req><Sta_Cost>4</Sta_Cost><Ess_Cost>0</Ess_Cost><Ap_Cost>2</Ap_Cost><Sneak_Damage_Mod>25</Sneak_Damage_Mod><Sneak_Attack_Mod>0</Sneak_Attack_Mod><Sneak_Defense_Mod>-50</Sneak_Defense_Mod><Sneak_Armor_Mod>-25</Sneak_Armor_Mod></params><props><Image>mini\actions\Leap.jpg</Image><Type>actions</Type><Version>0.05</Version><Actives>Selective move</Actives><Standard_Action_Passives>Dexterous;</Standard_Action_Passives><Group>Creature</Group><Name>Dragon Flight</Name><Action_Type>Special Move</Action_Type><Action_Tags>Flying;</Action_Tags><Targeting_Mode>Cell</Targeting_Mode><Std_Bools>Shorten Diagonals</Std_Bools></props></Dragon_Flight><Turn_About_Clockwise><params><Range>0</Range><Cooldown>2</Cooldown><Foc_Cost>4</Foc_Cost><Sta_Cost>0</Sta_Cost><Ess_Cost>0</Ess_Cost><Ap_Cost>1</Ap_Cost><Foc_Req>20</Foc_Req><Sneak_Damage_Mod>25</Sneak_Damage_Mod><Sneak_Attack_Mod>0</Sneak_Attack_Mod><Sneak_Defense_Mod>-50</Sneak_Defense_Mod><Sneak_Armor_Mod>-25</Sneak_Armor_Mod></params><props><Image>mini\actions\Round Attack.JPG</Image><Hotkey>e</Hotkey><Type>actions</Type><Version>0.1003b</Version><Actives>TurnClockwise;TurnClockwise;</Actives><Standard_Action_Passives>Dexterous</Standard_Action_Passives><Group>Standard</Group><Name>Turn About Clockwise</Name><Action_Type>Special Move</Action_Type><Targeting_Mode>SINGLE</Targeting_Mode></props></Turn_About_Clockwise><Turn_About_Anticlockwise><params><Range>0</Range><Cooldown>2</Cooldown><Foc_Cost>4</Foc_Cost><Sta_Cost>0</Sta_Cost><Ess_Cost>0</Ess_Cost><Ap_Cost>1</Ap_Cost><Foc_Req>20</Foc_Req><Sneak_Damage_Mod>25</Sneak_Damage_Mod><Sneak_Attack_Mod>0</Sneak_Attack_Mod><Sneak_Defense_Mod>-50</Sneak_Defense_Mod><Sneak_Armor_Mod>-25</Sneak_Armor_Mod></params><props><Image>mini\actions\Round Attack.JPG</Image><Hotkey>e</Hotkey><Type>actions</Type><Version>0.1003b</Version><Actives>TurnAnticlockwise;TurnAnticlockwise;</Actives><Standard_Action_Passives>Dexterous</Standard_Action_Passives><Group>Standard</Group><Name>Turn About Anticlockwise</Name><Action_Type>Special Move</Action_Type><Targeting_Mode>SINGLE</Targeting_Mode></props></Turn_About_Anticlockwise><Flight><params><Range>3</Range><Cooldown>1</Cooldown><Foc_Cost>6</Foc_Cost><Foc_Req>25</Foc_Req><Sta_Cost>4</Sta_Cost><Ess_Cost>0</Ess_Cost><Ap_Cost>3</Ap_Cost><Sneak_Damage_Mod>25</Sneak_Damage_Mod><Sneak_Attack_Mod>0</Sneak_Attack_Mod><Sneak_Defense_Mod>-50</Sneak_Defense_Mod><Sneak_Armor_Mod>-25</Sneak_Armor_Mod></params><props><Image>mini\actions\Leap.jpg</Image><Type>actions</Type><Version>0.05</Version><Actives>Selective move</Actives><Standard_Action_Passives>Dexterous;</Standard_Action_Passives><Group>Creature</Group><Name>Flight</Name><Action_Type>Special Move</Action_Type><Action_Tags>Flying;</Action_Tags><Targeting_Mode>Cell</Targeting_Mode><Displayed_Name>Flight</Displayed_Name><Std_Bools>Shorten Diagonals</Std_Bools></props></Flight><Short_Flight><params><Range>2</Range><Cooldown>0</Cooldown><Foc_Cost>4</Foc_Cost><Foc_Req>25</Foc_Req><Sta_Cost>3</Sta_Cost><Ess_Cost>0</Ess_Cost><Ap_Cost>2</Ap_Cost><Sneak_Damage_Mod>25</Sneak_Damage_Mod><Sneak_Attack_Mod>0</Sneak_Attack_Mod><Sneak_Defense_Mod>-50</Sneak_Defense_Mod><Sneak_Armor_Mod>-25</Sneak_Armor_Mod></params><props><Image>mini\actions\Leap.jpg</Image><Type>actions</Type><Version>0.05</Version><Actives>Selective move</Actives><Standard_Action_Passives>Dexterous;</Standard_Action_Passives><Group>Creature</Group><Name>Short Flight</Name><Action_Type>Special Move</Action_Type><Action_Tags>Flying;</Action_Tags><Targeting_Mode>Cell</Targeting_Mode><Displayed_Name>Short Flight</Displayed_Name><Std_Bools>Shorten Diagonals</Std_Bools></props></Short_Flight><Quick_Turn_Anticlockwise><params><Cooldown>1</Cooldown><Endurance_Cost></Endurance_Cost><Ap_Cost>0</Ap_Cost><Range>0</Range><Foc_Req>15</Foc_Req><Ess_Cost>0</Ess_Cost><Sta_Cost>1</Sta_Cost><Foc_Cost>2</Foc_Cost><Sneak_Damage_Mod>25</Sneak_Damage_Mod><Sneak_Attack_Mod>0</Sneak_Attack_Mod><Sneak_Defense_Mod>-50</Sneak_Defense_Mod><Sneak_Armor_Mod>-25</Sneak_Armor_Mod></params><props><Image>UI\actions\turn anticlockwise quick2.jpg</Image><Hotkey>e</Hotkey><Type>actions</Type><Version>0.05</Version><Actives>TurnAnticlockwise;</Actives><Standard_Action_Passives>Dexterous</Standard_Action_Passives><Group>Standard</Group><Name>Quick Turn Anticlockwise</Name><Action_Type>Special Move</Action_Type><Targeting_Mode>SINGLE</Targeting_Mode><Displayed_Name>Quick Turn Anticlockwise</Displayed_Name></props></Quick_Turn_Anticlockwise><Quick_Turn_Clockwise><params><Cooldown>1</Cooldown><Endurance_Cost></Endurance_Cost><Ap_Cost>0</Ap_Cost><Range>0</Range><Ess_Cost>0</Ess_Cost><Foc_Req>15</Foc_Req><Sta_Cost>1</Sta_Cost><Foc_Cost>2</Foc_Cost><Sneak_Damage_Mod>25</Sneak_Damage_Mod><Sneak_Attack_Mod>0</Sneak_Attack_Mod><Sneak_Defense_Mod>-50</Sneak_Defense_Mod><Sneak_Armor_Mod>-25</Sneak_Armor_Mod></params><props><Image>UI\actions\turn clockwise quick2.jpg</Image><Hotkey>e</Hotkey><Type>actions</Type><Version>0.05</Version><Actives>TurnClockwise;</Actives><Standard_Action_Passives>Dexterous</Standard_Action_Passives><Group>Standard</Group><Name>Quick Turn Clockwise</Name><Action_Type>Special Move</Action_Type><Action_Tags></Action_Tags><Targeting_Mode>SINGLE</Targeting_Mode><Displayed_Name>Quick Turn Clockwise</Displayed_Name></props></Quick_Turn_Clockwise><Shadow_Step><params><Range>2</Range><Cooldown>-2</Cooldown><Foc_Cost>2</Foc_Cost><Foc_Req>25</Foc_Req><Sta_Cost>3</Sta_Cost><Ess_Cost>10</Ess_Cost><Ap_Cost>1</Ap_Cost><Sneak_Damage_Mod>25</Sneak_Damage_Mod><Sneak_Attack_Mod>0</Sneak_Attack_Mod><Sneak_Defense_Mod>-50</Sneak_Defense_Mod><Sneak_Armor_Mod>-25</Sneak_Armor_Mod></params><props><Image>mini\spell\Darkness\Shade2.jpg</Image><Targeting_Modifiers>Clear Shot;</Targeting_Modifiers><Actives>Selective move</Actives><Action_Type>Special Move</Action_Type><Action_Tags>Flying;</Action_Tags><Targeting_Mode>Cell</Targeting_Mode><Std_Bools></Std_Bools><Type>actions</Type><Version>0.05</Version><Standard_Action_Passives>Dexterous;</Standard_Action_Passives><Group>Creature</Group><Name>Shadow Step</Name><Displayed_Name>Shadow Step</Displayed_Name></props></Shadow_Step><Swap_Positions><params><Range>1</Range><Duration>0</Duration><Foc_Cost>0</Foc_Cost><Sta_Cost>2</Sta_Cost><Ess_Cost>0</Ess_Cost><Ap_Cost>2</Ap_Cost><Cooldown>1</Cooldown><Formula>2+{source_athletics_Mastery}/5</Formula><Sneak_Damage_Mod>25</Sneak_Damage_Mod><Sneak_Attack_Mod>0</Sneak_Attack_Mod><Sneak_Defense_Mod>-50</Sneak_Defense_Mod><Sneak_Armor_Mod>-25</Sneak_Armor_Mod><Foc_Req>25</Foc_Req></params><props><Image>mini\skill\real\misc\Meditation\Untitled-13.jpg</Image><Targeting_Modifiers>Not Self;Facing;Range;cost({active_name});string({party}, {source_party}) OR ref(summoner, source);num({Intelligence}, 10);</Targeting_Modifiers><Actives>SwapSelf;PayCost({active_name});</Actives><Action_Type>Special Move</Action_Type><Action_Tags></Action_Tags><Targeting_Mode>Any Ally</Targeting_Mode><Std_Bools></Std_Bools><Type>actions</Type><Hotkey>f</Hotkey><Version>0.1003b</Version><Group>Skill</Group><Name>Swap Positions</Name><Displayed_Name>Swap Positions</Displayed_Name></props></Swap_Positions><Displace><params><Range>1</Range><Duration>0</Duration><Foc_Cost>0</Foc_Cost><Sta_Cost>2</Sta_Cost><Ess_Cost>0</Ess_Cost><Ap_Cost>2</Ap_Cost><Cooldown>1</Cooldown><Formula>2+{source_athletics_Mastery}/5</Formula><Sneak_Damage_Mod>25</Sneak_Damage_Mod><Sneak_Attack_Mod>0</Sneak_Attack_Mod><Sneak_Defense_Mod>-50</Sneak_Defense_Mod><Sneak_Armor_Mod>-25</Sneak_Armor_Mod><Foc_Req>25</Foc_Req></params><props><Image>mini\skill\real\misc\Meditation\Untitled-13.jpg</Image><Targeting_Modifiers>Not Self;Facing;Range;cost({active_name});string({party}, {source_party}) OR ref(summoner, source);num({Intelligence}, 8);</Targeting_Modifiers><Actives>Displace;PayCost({active_name});</Actives><Special_Requirements></Special_Requirements><Action_Type>Special Move</Action_Type><Action_Tags></Action_Tags><Targeting_Mode>Any Ally</Targeting_Mode><Std_Bools>Shorten Diagonals;</Std_Bools><Type>actions</Type><Hotkey>f</Hotkey><Version>0.1003b</Version><Group>Skill</Group><Name>Displace</Name><Displayed_Name>Displace</Displayed_Name></props></Displace></Special_Move><Mode><Defend><params><Range>0</Range><Duration>0</Duration><Cooldown>0</Cooldown><Foc_Cost>0</Foc_Cost><Sta_Cost>0</Sta_Cost><Ess_Cost>0</Ess_Cost><Ap_Cost>1</Ap_Cost><Sneak_Damage_Mod>25</Sneak_Damage_Mod><Sneak_Attack_Mod>0</Sneak_Attack_Mod><Sneak_Defense_Mod>-50</Sneak_Defense_Mod><Sneak_Armor_Mod>-25</Sneak_Armor_Mod></params><props><Image>mini\actions\misc\defend.jpg</Image><Hotkey>f</Hotkey><Type>actions</Type><Version>0.05</Version><Actives>Mode Defend</Actives><Group>Standard</Group><Name>Defend</Name><Action_Type>Mode</Action_Type><Targeting_Mode>Self</Targeting_Mode></props></Defend><On_Alert><params><Range>0</Range><Cooldown>0</Cooldown><Foc_Cost>0</Foc_Cost><Foc_Req>25</Foc_Req><Sta_Cost>0</Sta_Cost><Ess_Cost>0</Ess_Cost><Ap_Cost>1</Ap_Cost><Sneak_Damage_Mod>25</Sneak_Damage_Mod><Sneak_Attack_Mod>0</Sneak_Attack_Mod><Sneak_Defense_Mod>-50</Sneak_Defense_Mod><Sneak_Armor_Mod>-25</Sneak_Armor_Mod></params><props><Image>mini\actions\misc\icon_defend_01.jpg</Image><Hotkey>t</Hotkey><Type>actions</Type><Workspace_Group>Polish</Workspace_Group><Actives>AlertMode</Actives><Group>Standard</Group><Name>On Alert</Name><Action_Type>Mode</Action_Type><Targeting_Mode>SINGLE</Targeting_Mode></props></On_Alert><Meditate><params><Range>0</Range><Cooldown>0</Cooldown><Foc_Cost>0</Foc_Cost><Foc_Req>15</Foc_Req><Sta_Cost>0</Sta_Cost><Ess_Cost>0</Ess_Cost><Ap_Cost>1</Ap_Cost><Interrupt_Damage>20</Interrupt_Damage><Sneak_Damage_Mod>25</Sneak_Damage_Mod><Sneak_Attack_Mod>0</Sneak_Attack_Mod><Sneak_Defense_Mod>-50</Sneak_Defense_Mod><Sneak_Armor_Mod>-25</Sneak_Armor_Mod></params><props><Image>mini\actions\misc\icon_meditate_02.jpg</Image><Hotkey>m</Hotkey><Type>actions</Type><Actives>MeditateMode</Actives><Group>Standard</Group><Name>Meditate</Name><Action_Type>Mode</Action_Type><Targeting_Mode>Self</Targeting_Mode></props></Meditate><Rest><params><Range>0</Range><Cooldown>0</Cooldown><Foc_Cost>0</Foc_Cost><Sta_Cost>0</Sta_Cost><Ess_Cost>0</Ess_Cost><Ap_Cost>1</Ap_Cost><Sneak_Damage_Mod>25</Sneak_Damage_Mod><Sneak_Attack_Mod>0</Sneak_Attack_Mod><Sneak_Defense_Mod>-50</Sneak_Defense_Mod><Sneak_Armor_Mod>-25</Sneak_Armor_Mod></params><props><Image>mini\actions\misc\icon_rest_01.jpg</Image><Hotkey>r</Hotkey><Type>actions</Type><Actives>RestMode;</Actives><Group>Standard</Group><Name>Rest</Name><Action_Type>Mode</Action_Type><Targeting_Mode>SINGLE</Targeting_Mode></props></Rest><Concentrate><params><Range>0</Range><Cooldown>0</Cooldown><Foc_Cost>0</Foc_Cost><Sta_Cost>0</Sta_Cost><Ess_Cost>0</Ess_Cost><Ap_Cost>1</Ap_Cost><Interrupt_Damage>20</Interrupt_Damage><Sneak_Damage_Mod>25</Sneak_Damage_Mod><Sneak_Attack_Mod>0</Sneak_Attack_Mod><Sneak_Defense_Mod>-50</Sneak_Defense_Mod><Sneak_Armor_Mod>-25</Sneak_Armor_Mod></params><props><Image>mini\actions\misc\icon_discipline_03.jpg</Image><Hotkey>c</Hotkey><Type>actions</Type><Actives>ConcentrateMode;</Actives><Group>Standard</Group><Name>Concentrate</Name><Action_Type>Mode</Action_Type><Targeting_Mode>SINGLE</Targeting_Mode></props></Concentrate><Deep_Meditation><params><Range>0</Range><Cooldown>0</Cooldown><Foc_Cost>0</Foc_Cost><Foc_Req>15</Foc_Req><Sta_Cost>1</Sta_Cost><Ess_Cost>0</Ess_Cost><Ap_Cost>1</Ap_Cost><Sneak_Damage_Mod>25</Sneak_Damage_Mod><Sneak_Attack_Mod>0</Sneak_Attack_Mod><Sneak_Defense_Mod>-50</Sneak_Defense_Mod><Sneak_Armor_Mod>-25</Sneak_Armor_Mod></params><props><Image>UI\actions\Prayer3.jpg</Image><Hotkey>m</Hotkey><Base_Type>Meditate</Base_Type><Type>actions</Type><Actives>MeditateMode</Actives><Group>Standard</Group><Name>Deep Meditation</Name><Action_Type>Mode</Action_Type><Targeting_Mode>Self</Targeting_Mode></props></Deep_Meditation><Guarded_Rest><params><Range>0</Range><Cooldown>0</Cooldown><Foc_Cost>0</Foc_Cost><Sta_Cost>0</Sta_Cost><Ess_Cost>0</Ess_Cost><Ap_Cost>1</Ap_Cost><Sneak_Damage_Mod>25</Sneak_Damage_Mod><Sneak_Attack_Mod>0</Sneak_Attack_Mod><Sneak_Defense_Mod>-50</Sneak_Defense_Mod><Sneak_Armor_Mod>-25</Sneak_Armor_Mod></params><props><Image>UI\actions\Prayer5.jpg</Image><Hotkey>r</Hotkey><Base_Type>Rest</Base_Type><Type>actions</Type><Actives>RestMode;</Actives><Group>Standard</Group><Name>Guarded Rest</Name><Action_Type>Mode</Action_Type><Targeting_Mode>SINGLE</Targeting_Mode></props></Guarded_Rest><Intense_Concentration><params><Range>0</Range><Cooldown>0</Cooldown><Foc_Cost>0</Foc_Cost><Sta_Cost>2</Sta_Cost><Ess_Cost>0</Ess_Cost><Ap_Cost>1</Ap_Cost><Sneak_Damage_Mod>25</Sneak_Damage_Mod><Sneak_Attack_Mod>0</Sneak_Attack_Mod><Sneak_Defense_Mod>-50</Sneak_Defense_Mod><Sneak_Armor_Mod>-25</Sneak_Armor_Mod></params><props><Image>mini\actions\misc\icon_discipline_02.jpg</Image><Hotkey>c</Hotkey><Base_Type>Concentrate</Base_Type><Type>actions</Type><Workspace_Group>Test</Workspace_Group><Actives>ConcentrateMode;</Actives><Group>Standard</Group><Name>Intense Concentration</Name><Action_Type>Mode</Action_Type><Targeting_Mode>SINGLE</Targeting_Mode></props></Intense_Concentration><Void_Meditation><params><Range>0</Range><Cooldown>0</Cooldown><Foc_Cost>0</Foc_Cost><Foc_Req>15</Foc_Req><Sta_Cost>1</Sta_Cost><Ess_Cost>0</Ess_Cost><Ap_Cost>1</Ap_Cost><Sneak_Damage_Mod>25</Sneak_Damage_Mod><Sneak_Attack_Mod>0</Sneak_Attack_Mod><Sneak_Defense_Mod>-50</Sneak_Defense_Mod><Sneak_Armor_Mod>-25</Sneak_Armor_Mod></params><props><Image>UI\actions\Prayer3.jpg</Image><Hotkey>m</Hotkey><Base_Type>Meditate</Base_Type><Type>actions</Type><Actives>MeditateMode</Actives><Group>Standard</Group><Name>Void Meditation</Name><Action_Type>Mode</Action_Type><Targeting_Mode>Self</Targeting_Mode></props></Void_Meditation><Deep_Rest><params><Range>0</Range><Cooldown>0</Cooldown><Foc_Cost>0</Foc_Cost><Sta_Cost>0</Sta_Cost><Ess_Cost>0</Ess_Cost><Ap_Cost>1</Ap_Cost><Sneak_Damage_Mod>25</Sneak_Damage_Mod><Sneak_Attack_Mod>0</Sneak_Attack_Mod><Sneak_Defense_Mod>-50</Sneak_Defense_Mod><Sneak_Armor_Mod>-25</Sneak_Armor_Mod></params><props><Image>UI\actions\Prayer5.jpg</Image><Hotkey>r</Hotkey><Base_Type>Rest</Base_Type><Type>actions</Type><Actives>RestMode;</Actives><Group>Standard</Group><Name>Deep Rest</Name><Action_Type>Mode</Action_Type><Targeting_Mode>SINGLE</Targeting_Mode></props></Deep_Rest><Deep_Concentration><params><Range>0</Range><Cooldown>0</Cooldown><Foc_Cost>0</Foc_Cost><Sta_Cost>0</Sta_Cost><Ess_Cost>0</Ess_Cost><Ap_Cost>2</Ap_Cost><Sneak_Damage_Mod>25</Sneak_Damage_Mod><Sneak_Attack_Mod>0</Sneak_Attack_Mod><Sneak_Defense_Mod>-50</Sneak_Defense_Mod><Sneak_Armor_Mod>-25</Sneak_Armor_Mod></params><props><Image>UI\actions\Concentrate.jpg</Image><Hotkey>c</Hotkey><Base_Type>Concentrate</Base_Type><Type>actions</Type><Actives>ConcentrateMode;</Actives><Group>Standard</Group><Name>Deep Concentration</Name><Action_Type>Mode</Action_Type><Targeting_Mode>SINGLE</Targeting_Mode></props></Deep_Concentration><Divination><params><Range>0</Range><Cooldown>0</Cooldown><Foc_Cost>5</Foc_Cost><Foc_Req>20</Foc_Req><Sta_Cost>1</Sta_Cost><Ess_Cost>0</Ess_Cost><Ap_Cost>1</Ap_Cost><Sneak_Damage_Mod>25</Sneak_Damage_Mod><Sneak_Attack_Mod>0</Sneak_Attack_Mod><Sneak_Defense_Mod>-50</Sneak_Defense_Mod><Sneak_Armor_Mod>-25</Sneak_Armor_Mod></params><props><Image>mini\actions\misc\icon_meditate_01.jpg</Image><Hotkey>v</Hotkey><Type>actions</Type><Actives>DivinationMode;</Actives><Group>Standard</Group><Name>Divination</Name><Action_Type>Mode</Action_Type><Targeting_Mode>SINGLE</Targeting_Mode></props></Divination><Prayer><params><Range>0</Range><Cooldown>0</Cooldown><Foc_Cost>10</Foc_Cost><Foc_Req>25</Foc_Req><Sta_Cost>2</Sta_Cost><Ess_Cost>0</Ess_Cost><Ap_Cost>1</Ap_Cost><Sneak_Damage_Mod>25</Sneak_Damage_Mod><Sneak_Attack_Mod>0</Sneak_Attack_Mod><Sneak_Defense_Mod>-50</Sneak_Defense_Mod><Sneak_Armor_Mod>-25</Sneak_Armor_Mod></params><props><Image>mini\skill\misc\masteries\Untitled-1 - Copy (14) - Copy.jpg</Image><Hotkey>p</Hotkey><Type>actions</Type><Workspace_Group>Implement</Workspace_Group><Version>0.1003b</Version><Actives>PrayerMode</Actives><Group>Special</Group><Name>Prayer</Name><Action_Type>Mode</Action_Type><Targeting_Mode>SINGLE</Targeting_Mode></props></Prayer><Meditate_Alertly><params><Range>0</Range><Cooldown>0</Cooldown><Foc_Cost>0</Foc_Cost><Foc_Req>15</Foc_Req><Sta_Cost>0</Sta_Cost><Ess_Cost>0</Ess_Cost><Ap_Cost>1</Ap_Cost><Interrupt_Damage>40</Interrupt_Damage><Sneak_Damage_Mod>25</Sneak_Damage_Mod><Sneak_Attack_Mod>0</Sneak_Attack_Mod><Sneak_Defense_Mod>-50</Sneak_Defense_Mod><Sneak_Armor_Mod>-25</Sneak_Armor_Mod></params><props><Image>mini\actions\misc\icon_meditate_02.jpg</Image><Hotkey>m</Hotkey><Base_Type>Meditate</Base_Type><Type>actions</Type><Actives>MeditateModeAlert</Actives><Group>Standard</Group><Name>Meditate Alertly</Name><Action_Type>Mode</Action_Type><Targeting_Mode>Self</Targeting_Mode></props></Meditate_Alertly></Mode></XML>