<XML><Standard><On_Cooldown><params></params><props><Image>mini\abils\xp2_textures_bif-0000000280.jpg</Image><Type>buffs</Type><Group>Standard</Group><Name>On Cooldown</Name><Buff_Type>Standard</Buff_Type></props></On_Cooldown><Claimed><params></params><props><Image>mini\abils\xp2_textures_bif-0000000272.jpg</Image><Type>buffs</Type><Group>Standard</Group><Name>Claimed</Name><Buff_Type>Standard</Buff_Type></props></Claimed><Concentration><params></params><props><Image>mini\abils\xp2_textures_bif-0000000280.jpg</Image><Type>buffs</Type><Group>Mode</Group><Name>Concentration</Name><Buff_Type>Standard</Buff_Type></props></Concentration><Resting><params></params><props><Image>mini\buff\Pure Heart.jpg</Image><Type>buffs</Type><Group>Mode</Group><Name>Resting</Name><Buff_Type>Standard</Buff_Type></props></Resting><Channeling><params></params><props><Image>mini\abils\xp2_textures_bif-0000000255.jpg</Image><Type>buffs</Type><Group>Mode</Group><Name>Channeling</Name><Buff_Type>Standard</Buff_Type></props></Channeling><Meditation><params></params><props><Image>mini\abils\xp2_textures_bif-0000000282.jpg</Image><Type>buffs</Type><Group>Mode</Group><Name>Meditation</Name><Buff_Type>Standard</Buff_Type></props></Meditation><Defending><params></params><props><Image>UI\BUFFS (2).jpg</Image><Type>buffs</Type><Group>Standard</Group><Name>Defending</Name><Buff_Type>Standard</Buff_Type></props></Defending><Waiting><params></params><props><Image>mini\buff\new\xp2_textures_bif-0000000756.jpg</Image><Type>buffs</Type><Group>Standard</Group><Name>Waiting</Name><Buff_Type>Standard</Buff_Type></props></Waiting><Alert><params></params><props><Image>mini\abils\Concentration.jpg</Image><Type>buffs</Type><Group>Mode</Group><Name>Alert</Name><Buff_Type>Standard</Buff_Type></props></Alert><Treason><params></params><props><Image>mini\buff\Cursed2.jpg</Image><Type>buffs</Type><Group>Debuff</Group><Name>Treason</Name><Buff_Type>Standard</Buff_Type></props></Treason><Encumbered><params></params><props><Image>mini\buff\Weakened.jpg</Image><Type>buffs</Type><Group>Debuff</Group><Name>Encumbered</Name><Buff_Type>Standard</Buff_Type></props></Encumbered><Overburdened><params></params><props><Image>mini\buff\Incapacitate.jpg</Image><Type>buffs</Type><Group>Debuff</Group><Name>Overburdened</Name><Buff_Type>Standard</Buff_Type></props></Overburdened><Exhausted><params></params><props><Image>mini\buff\Wounded.jpg</Image><Type>buffs</Type><Group>Debuff</Group><Name>Exhausted</Name><Buff_Type>Standard</Buff_Type></props></Exhausted><Discombobulated><params></params><props><Image>mini\buff\Haze3.jpg</Image><Type>buffs</Type><Group>Debuff</Group><Name>Discombobulated</Name><Buff_Type>Standard</Buff_Type></props></Discombobulated><Razorsharp><params></params><props><Image>mini\buff\Alert.jpg</Image><Type>buffs</Type><Group>Buff</Group><Name>Razorsharp</Name><Buff_Type>Standard</Buff_Type></props></Razorsharp><Inspired><params></params><props><Image>mini\buff\Divine Grace.jpg</Image><Type>buffs</Type><Group>Buff</Group><Name>Inspired</Name><Buff_Type>Standard</Buff_Type></props></Inspired><Dizzy><params></params><props><Image>mini\buff\Haze.jpg</Image><Type>buffs</Type><Group>Debuff</Group><Name>Dizzy</Name><Buff_Type>Standard</Buff_Type></props></Dizzy><Fatigued><params></params><props><Image>mini\buff\xp2_textures_bif-0000000577.jpg</Image><Type>buffs</Type><Group>Debuff</Group><Name>Fatigued</Name><Buff_Type>Standard</Buff_Type></props></Fatigued><Fearful><params></params><props><Image>mini\buff\Cursed.jpg</Image><Type>buffs</Type><Group>Debuff</Group><Name>Fearful</Name><Buff_Type>Standard</Buff_Type></props></Fearful><Energized><params></params><props><Image>mini\buff\Fire Rage.jpg</Image><Type>buffs</Type><Group>Buff</Group><Name>Energized</Name><Buff_Type>Standard</Buff_Type></props></Energized><Main_Hand_Cadence><params></params><props><Image>mini\abils\Piercing.jpg</Image><Type>buffs</Type><Group>Standard</Group><Name>Main Hand Cadence</Name><Buff_Type>Standard</Buff_Type></props></Main_Hand_Cadence><Off_Hand_Cadence><params></params><props><Image>mini\abils\Piercing.jpg</Image><Type>buffs</Type><Group>Standard</Group><Name>Off Hand Cadence</Name><Buff_Type>Standard</Buff_Type></props></Off_Hand_Cadence><Concealed><params></params><props><Image>mini\abils\Fearsome.jpg</Image><Type>buffs</Type><Group>Standard</Group><Name>Concealed</Name><Buff_Type>Standard</Buff_Type></props></Concealed><Illuminated><params></params><props><Image>mini\abils\New folder\illumination.jpg</Image><Type>buffs</Type><Group>Standard</Group><Name>Illuminated</Name><Buff_Type>Standard</Buff_Type><Displayed_Name>Illuminated</Displayed_Name><Std_Bools>Apply Thru;</Std_Bools></props></Illuminated><Concealment><params></params><props><Image>mini\abils\Fearsome.jpg</Image><Type>buffs</Type><Group>Standard</Group><Name>Concealment</Name><Buff_Type>Standard</Buff_Type><Displayed_Name>Concealment</Displayed_Name><Std_Bools>Stacking;Dispelable</Std_Bools></props></Concealment><Wounded><params></params><props><Image>mini\buff\xp2_textures_bif-0000000551.jpg</Image><Type>buffs</Type><Group>Debuff</Group><Name>Wounded</Name><Buff_Type>Standard</Buff_Type></props></Wounded><Critically_Wounded><params></params><props><Image>mini\buff\new\xp2_textures_bif-0000000804.jpg</Image><Type>buffs</Type><Group>Debuff</Group><Name>Critically Wounded</Name><Buff_Type>Standard</Buff_Type></props></Critically_Wounded><Essence_Regeneration><params></params><props><Image>mini\abils\xp2_textures_bif-0000000313.jpg</Image><Type>buffs</Type><Group>Standard</Group><Name>Essence Regeneration</Name><Buff_Type>Standard</Buff_Type></props></Essence_Regeneration><Late><params></params><props><Image>mini\buff\new\xp2_textures_bif-000000075623.jpg</Image><Type>buffs</Type><Group>Standard</Group><Name>Late</Name><Buff_Type>Standard</Buff_Type></props></Late><Favored><params></params><props><Image>mini\abils\xp2_textures_bif-0000000294.jpg</Image><Type>buffs</Type><Group>Standard</Group><Name>Favored</Name><Buff_Type>Standard</Buff_Type></props></Favored><Panic><params></params><props><Image>mini\buff\Cursed2.jpg</Image><Type>buffs</Type><Group>Debuff</Group><Name>Panic</Name><Buff_Type>Standard</Buff_Type></props></Panic><Immobilized><params></params><props><Image>mini\buff\Slow.jpg</Image><Type>buffs</Type><Group>Debuff</Group><Name>Immobilized</Name><Buff_Type>Standard</Buff_Type></props></Immobilized></Standard><Item><Wand846_Spellpower_Bonus><params></params><props><Image>mini\abils\New folder\xp2_textures_bif-0000000550.jpg</Image><Type>buffs</Type><Group>Standard</Group><Name>Wand: Spellpower Bonus</Name><Buff_Type>Item</Buff_Type></props></Wand846_Spellpower_Bonus><Orb846_Essence_Regeneration><params></params><props><Image>mini\abils\xp2_textures_bif-0000000256.jpg</Image><Type>buffs</Type><Group>Standard</Group><Name>Orb: Essence Regeneration</Name><Buff_Type>Item</Buff_Type><Displayed_Name>Orb: Essence Regeneration</Displayed_Name></props></Orb846_Essence_Regeneration><Spellpower_Bonus><params></params><props><Image>mini\abils\xp2_textures_bif-0000000256.jpg</Image><Type>buffs</Type><Group>Standard</Group><Name>Spellpower Bonus</Name><Buff_Type>Item</Buff_Type></props></Spellpower_Bonus><Poison_Coating><params></params><props><Image>mini\buff\Poison.jpg</Image><Type>buffs</Type><Version>0.1003b</Version><Group>Item</Group><Name>Poison Coating</Name><Buff_Type>Item</Buff_Type><Displayed_Name>Poison Coating</Displayed_Name><Custom_Props>Poison Counter</Custom_Props></props></Poison_Coating><Weakening_Poison_Coating><params></params><props><Image>mini\buff\Poison4.jpg</Image><Base_Type>Poison Coating</Base_Type><Type>buffs</Type><Version>0.1003b</Version><Group>Item</Group><Name>Weakening Poison Coating</Name><Buff_Type>Item</Buff_Type><Displayed_Name>Weakening Poison Coating</Displayed_Name><Custom_Props>Poison Counter</Custom_Props></props></Weakening_Poison_Coating><Hallucinogetic_Poison_Coating><params></params><props><Image>mini\buff\Poison3.jpg</Image><Base_Type>Poison Coating</Base_Type><Type>buffs</Type><Version>0.1003b</Version><Group>Item</Group><Name>Hallucinogetic Poison Coating</Name><Buff_Type>Item</Buff_Type><Displayed_Name>Hallucinogetic Poison Coating</Displayed_Name><Custom_Props>Poison Counter</Custom_Props></props></Hallucinogetic_Poison_Coating><Paralyzing_Poison_Coating><params></params><props><Image>mini\buff\Poison2.jpg</Image><Base_Type>Poison Coating</Base_Type><Type>buffs</Type><Version>0.1003b</Version><Group>Item</Group><Name>Paralyzing Poison Coating</Name><Buff_Type>Item</Buff_Type><Displayed_Name>Paralyzing Poison Coating</Displayed_Name><Custom_Props>Poison Counter</Custom_Props><Std_Bools></Std_Bools></props></Paralyzing_Poison_Coating></Item><Other><Dummy_Buff><params></params><props><Image>mini\abils\xp2_textures_bif-0000000256.jpg</Image><Type>buffs</Type><Group>Standard</Group><Name>Dummy Buff</Name><Buff_Type>Other</Buff_Type></props></Dummy_Buff></Other><Passive><Increased_Spellpower><params></params><props><Image>mini\abils\xp2_textures_bif-0000000256.jpg</Image><Type>buffs</Type><Group>Standard</Group><Name>Increased Spellpower</Name><Buff_Type>Passive</Buff_Type></props></Increased_Spellpower><Increased_Intelligence><params></params><props><Image>mini\abils\xp2_textures_bif-0000000256.jpg</Image><Type>buffs</Type><Group>Standard</Group><Name>Increased Intelligence</Name><Buff_Type>Passive</Buff_Type></props></Increased_Intelligence><Heavenly_Might><params></params><props><Image>mini\abils\New folder\illumination.jpg</Image><Type>buffs</Type><Group>Skill</Group><Name>Heavenly Might</Name><Buff_Type>Passive</Buff_Type></props></Heavenly_Might><Righteous_Might><params></params><props><Image>mini\buff\Divine Aura2.jpg</Image><Type>buffs</Type><Group>Skill</Group><Name>Righteous Might</Name><Buff_Type>Passive</Buff_Type></props></Righteous_Might><Celestial_Grace><params></params><props><Image>mini\abils\xp2_textures_bif-0000000294.jpg</Image><Type>buffs</Type><Group>Skill</Group><Name>Celestial Grace</Name><Buff_Type>Passive</Buff_Type></props></Celestial_Grace></Passive><Rules><Bleeding><params></params><props><Image>UI\emblems\std\chaos\1flame.jpg</Image><Type>buffs</Type><Group>Rules</Group><Name>Bleeding</Name><Buff_Type>Rules</Buff_Type></props></Bleeding><Frost><params></params><props><Image>mini\buff\Freeze.jpg</Image><Type>buffs</Type><Group>Rules</Group><Name>Frost</Name><Buff_Type>Rules</Buff_Type></props></Frost><Frozen><params></params><props><Image>mini\buff\Freeze.jpg</Image><Type>buffs</Type><Group>Standard</Group><Name>Frozen</Name><Buff_Type>Rules</Buff_Type></props></Frozen><Ablaze><params></params><props><Image>mini\buff\Aflame.jpg</Image><Type>buffs</Type><Group>Standard</Group><Name>Ablaze</Name><Buff_Type>Rules</Buff_Type></props></Ablaze><Spotted><params><Duration>1</Duration></params><props><Image>mini\buff\Alert.jpg</Image><Type>buffs</Type><Group>Standard</Group><Name>Spotted</Name><Buff_Type>Rules</Buff_Type></props></Spotted><Enraged><params></params><props><Image>mini\buff\Rage.jpg</Image><Type>buffs</Type><Group>Standard</Group><Name>Enraged</Name><Buff_Type>Rules</Buff_Type></props></Enraged><Poison><params></params><props><Image>mini\buff\Poison.jpg</Image><Type>buffs</Type><Group>Rules</Group><Name>Poison</Name><Buff_Type>Rules</Buff_Type></props></Poison><Contaminated><params></params><props><Image>mini\buff\new2\xp2_textures_bif-0000000562.jpg</Image><Type>buffs</Type><Version>0.1001</Version><Group>Rules</Group><Name>Contaminated</Name><Buff_Type>Rules</Buff_Type><Displayed_Name>Contaminated</Displayed_Name></props></Contaminated><Weakening_Poison><params></params><props><Image>mini\buff\Poison4.jpg</Image><Base_Type>Weakening Poison Coating</Base_Type><Type>buffs</Type><Version>0.1003b</Version><Group>Rules</Group><Name>Weakening Poison</Name><Buff_Type>Rules</Buff_Type><Displayed_Name>Weakening Poison</Displayed_Name><Std_Bools>Duration added</Std_Bools></props></Weakening_Poison><Hallucinogetic_Poison><params></params><props><Image>mini\buff\Poison3.jpg</Image><Base_Type>Upgraded Poison Coating</Base_Type><Type>buffs</Type><Version>0.1003b</Version><Group>Rules</Group><Name>Hallucinogetic Poison</Name><Buff_Type>Rules</Buff_Type><Displayed_Name>Hallucinogetic Poison</Displayed_Name><Std_Bools>Duration added</Std_Bools></props></Hallucinogetic_Poison><Entangled><params></params><props><Image>mini\buff\new\xp2_textures_bif-0000000594.jpg</Image><Type>buffs</Type><Version>0.1002b</Version><Group>Rules</Group><Name>Entangled</Name><Buff_Type>Rules</Buff_Type><Displayed_Name>Entangled</Displayed_Name></props></Entangled><Ensnared><params></params><props><Image>mini\buff\new\textures_02_bif-0000002980.jpg</Image><Type>buffs</Type><Version>0.1002b</Version><Group>Rules</Group><Name>Ensnared</Name><Buff_Type>Rules</Buff_Type><Displayed_Name>Ensnared</Displayed_Name></props></Ensnared><Blighted><params></params><props><Image>mini\buff\new2\xp2_textures_bif-0000000646.jpg</Image><Type>buffs</Type><Version>0.1002b</Version><Group>Rules</Group><Name>Blighted</Name><Buff_Type>Rules</Buff_Type><Displayed_Name>Blighted</Displayed_Name></props></Blighted><Corroding><params></params><props><Image>mini\buff\new2\xp2_textures_bif-0000000651.jpg</Image><Type>buffs</Type><Version>0.1002b</Version><Group>Rules</Group><Name>Corroding</Name><Buff_Type>Rules</Buff_Type><Displayed_Name>Corroding</Displayed_Name></props></Corroding><Knocked_Down><params></params><props><Image>mini\buff\new\xp2_textures_bif-0000000536.jpg</Image><Type>buffs</Type><Version>0.1002b</Version><Group>Rules</Group><Name>Knocked Down</Name><Buff_Type>Rules</Buff_Type><Displayed_Name>Knocked Down</Displayed_Name></props></Knocked_Down><Paralyzing_Poison><params></params><props><Image>mini\buff\Poison2.jpg</Image><Base_Type>Weakening Poison Coating</Base_Type><Type>buffs</Type><Version>0.1003b</Version><Group>Rules</Group><Name>Paralyzing Poison</Name><Buff_Type>Rules</Buff_Type><Displayed_Name>Paralyzing Poison</Displayed_Name><Custom_Props></Custom_Props><Std_Bools>Duration Added;</Std_Bools></props></Paralyzing_Poison><Watching><params></params><props><Image>mini\abils\charm.jpg</Image><Type>buffs</Type><Version>0.05</Version><Group>Rules</Group><Name>Watching</Name><Buff_Type>Rules</Buff_Type><Displayed_Name>Watching</Displayed_Name></props></Watching></Rules><Spell><Aflame><params></params><props><Image>mini\buff\Aflame.jpg</Image><Type>buffs</Type><Group>Standard</Group><Name>Aflame</Name><Buff_Type>Spell</Buff_Type></props></Aflame><Haze><params></params><props><Image>mini\buff\Haze.jpg</Image><Type>buffs</Type><Group>Darkness</Group><Name>Haze</Name><Buff_Type>Spell</Buff_Type></props></Haze><Weakened><params></params><props><Image>mini\buff\Weakened.jpg</Image><Type>buffs</Type><Group>Darkness</Group><Name>Weakened</Name><Buff_Type>Spell</Buff_Type></props></Weakened><Incapacitate><params></params><props><Image>mini\buff\Incapacitate.jpg</Image><Type>buffs</Type><Group>Standard</Group><Name>Incapacitate</Name><Buff_Type>Spell</Buff_Type></props></Incapacitate><Scared><params></params><props><Image>mini\buff\Scared.jpg</Image><Type>buffs</Type><Group>Darkness</Group><Name>Scared</Name><Buff_Type>Spell</Buff_Type></props></Scared><Silence><params></params><props><Image>mini\buff\Silence.jpg</Image><Type>buffs</Type><Group>Standard</Group><Name>Silence</Name><Buff_Type>Spell</Buff_Type></props></Silence><Charm><params></params><props><Image>mini\buff\Mesmerized2.jpg</Image><Type>buffs</Type><Group>Darkness</Group><Name>Charm</Name><Buff_Type>Spell</Buff_Type></props></Charm><Witchblade><params></params><props><Image>mini\buff\Witchblade.jpg</Image><Type>buffs</Type><Group>Darkness</Group><Name>Witchblade</Name><Buff_Type>Spell</Buff_Type></props></Witchblade><Undeath><params></params><props><Image>mini\buff\xp2_textures_bif-0000000553.jpg</Image><Type>buffs</Type><Group>Darkness</Group><Name>Undeath</Name><Buff_Type>Spell</Buff_Type></props></Undeath><Lobotomize><params></params><props><Image>mini\buff\Haze.jpg</Image><Type>buffs</Type><Group>Darkness</Group><Name>Lobotomize</Name><Buff_Type>Spell</Buff_Type></props></Lobotomize><Corruption><params></params><props><Image>mini\buff\new\Corruption.jpg</Image><Type>buffs</Type><Group>Debuff</Group><Name>Corruption</Name><Buff_Type>Spell</Buff_Type></props></Corruption><Cursed_Weapon><params></params><props><Image>mini\buff\Witchblade.jpg</Image><Type>buffs</Type><Group>Debuff</Group><Name>Cursed Weapon</Name><Buff_Type>Spell</Buff_Type></props></Cursed_Weapon><Greater_Blessing><params></params><props><Image>mini\buff\Divine Aura.jpg</Image><Type>buffs</Type><Group>Light</Group><Name>Greater Blessing</Name><Buff_Type>Spell</Buff_Type></props></Greater_Blessing><Lesser_Blessing><params></params><props><Image>mini\buff\Bless.jpg</Image><Type>buffs</Type><Group>Light</Group><Name>Lesser Blessing</Name><Buff_Type>Spell</Buff_Type></props></Lesser_Blessing><Regeneration><params></params><props><Image>mini\buff\Pure Heart.jpg</Image><Type>buffs</Type><Group>Light</Group><Name>Regeneration</Name><Buff_Type>Spell</Buff_Type></props></Regeneration><Shielded><params></params><props><Image>mini\buff\Shielded.jpg</Image><Type>buffs</Type><Group>Standard</Group><Name>Shielded</Name><Buff_Type>Spell</Buff_Type></props></Shielded><Witch_King_s_Boon><params></params><props><Image>mini\buff\new\Corruption.jpg</Image><Type>buffs</Type><Group>Deity</Group><Name>Witch King's Boon</Name><Buff_Type>Spell</Buff_Type><Displayed_Name>Witch King's Boon</Displayed_Name><Std_Bools>Stacking;</Std_Bools></props></Witch_King_s_Boon><Sorcerous_Might><params></params><props><Image>mini\buff\new\xp2_textures_bif-0000000827.jpg</Image><Type>buffs</Type><Group>Deity</Group><Name>Sorcerous Might</Name><Buff_Type>Spell</Buff_Type><Std_Bools>Stacking;</Std_Bools></props></Sorcerous_Might><Raised_><params></params><props><Image>mini\buff\xp2_textures_bif-0000000553.jpg</Image><Type>buffs</Type><Group>Death</Group><Name>Raised </Name><Buff_Type>Spell</Buff_Type></props></Raised_><Spell_Matrix><params></params><props><Image>mini\buff\new\xp2_textures_bif-0000000827.jpg</Image><Type>buffs</Type><Group>Arcane</Group><Name>Spell Matrix</Name><Buff_Type>Spell</Buff_Type><Std_Bools>Dispelable;</Std_Bools></props></Spell_Matrix><Soul_Catcher><params></params><props><Image>UI\emblems\std\death\0Wraith God.jpg</Image><Type>buffs</Type><Group>Death</Group><Name>Soul Catcher</Name><Buff_Type>Spell</Buff_Type></props></Soul_Catcher><Bloodlust><params></params><props><Image>mini\buff\Cursed2.jpg</Image><Type>buffs</Type><Version>0.1002</Version><Group>Death</Group><Name>Bloodlust</Name><Buff_Type>Spell</Buff_Type><Displayed_Name>Bloodlust</Displayed_Name></props></Bloodlust><Light><params></params><props><Image>mini\abils\New folder\illumination.jpg</Image><Type>buffs</Type><Version>0.05</Version><Group>Light</Group><Name>Light</Name><Buff_Type>Spell</Buff_Type><Displayed_Name>Light</Displayed_Name><Std_Bools>Stacking;</Std_Bools></props></Light></Spell></XML>