<XML><Empty><Ancient_Ruins><params><Glory_Reward>25</Glory_Reward><Xp_Reward>150</Xp_Reward><Gold_Reward>100</Gold_Reward><Power_Level>3</Power_Level></params><props><Image>mini\dungeon\new4\stairs.jpg</Image><Lore></Lore><Dungeon_Map_Modifier>Ruins</Dungeon_Map_Modifier><Encounters></Encounters><Dungeon_Level>Two</Dungeon_Level><Alt_Encounters></Alt_Encounters><Dungeon_Group>Misc</Dungeon_Group><Dungeon_Type>Boss</Dungeon_Type><Type>dungeons</Type><Arcade_Region></Arcade_Region><Dev_Notes></Dev_Notes><Workspace_Group>Test</Workspace_Group><Version>0.05</Version><Description></Description><Map_Background>big\new dungeons\ruins .jpg</Map_Background><Color_Theme></Color_Theme><Map_Objects></Map_Objects><Map_Preset_Objects></Map_Preset_Objects><Group>Playtest</Group><Dungeon_Map_Template></Dungeon_Map_Template><Name>Ancient Ruins</Name><Displayed_Name>Ancient Ruins</Displayed_Name><Spawning_Delays></Spawning_Delays></props></Ancient_Ruins><Lower_Hell><params><Glory_Reward>25</Glory_Reward><Xp_Reward>150</Xp_Reward><Gold_Reward>100</Gold_Reward><Power_Level>3</Power_Level></params><props><Image>mini\dungeon\new5\hell.jpg</Image><Lore></Lore><Dungeon_Map_Modifier>Ruins</Dungeon_Map_Modifier><Encounters></Encounters><Dungeon_Level>Two</Dungeon_Level><Alt_Encounters></Alt_Encounters><Dungeon_Group>Misc</Dungeon_Group><Dungeon_Type>Boss</Dungeon_Type><Type>dungeons</Type><Arcade_Region></Arcade_Region><Dev_Notes></Dev_Notes><Workspace_Group>Test</Workspace_Group><Version>0.05</Version><Description></Description><Map_Background>big\New2\214290.jpg</Map_Background><Color_Theme>red</Color_Theme><Map_Objects></Map_Objects><Map_Preset_Objects></Map_Preset_Objects><Group>Playtest</Group><Dungeon_Map_Template></Dungeon_Map_Template><Name>Lower Hell</Name><Displayed_Name>Lower Hell</Displayed_Name><Spawning_Delays></Spawning_Delays></props></Lower_Hell><Elf_Cottage><params><Glory_Reward>25</Glory_Reward><Xp_Reward>150</Xp_Reward><Gold_Reward>100</Gold_Reward><Power_Level>3</Power_Level></params><props><Image>mini\dungeon\new5\vines.jpg</Image><Lore></Lore><Dungeon_Map_Modifier>Deep Wood</Dungeon_Map_Modifier><Encounters></Encounters><Dungeon_Level>Two</Dungeon_Level><Alt_Encounters></Alt_Encounters><Dungeon_Group>Misc</Dungeon_Group><Dungeon_Type>Boss</Dungeon_Type><Type>dungeons</Type><Arcade_Region></Arcade_Region><Dev_Notes></Dev_Notes><Workspace_Group>Test</Workspace_Group><Version>0.05</Version><Description></Description><Map_Background>big\New2\322925.jpg</Map_Background><Color_Theme>blue</Color_Theme><Map_Objects></Map_Objects><Map_Preset_Objects></Map_Preset_Objects><Group>Playtest</Group><Dungeon_Map_Template></Dungeon_Map_Template><Name>Elf Cottage</Name><Displayed_Name>Elf Cottage</Displayed_Name><Spawning_Delays></Spawning_Delays></props></Elf_Cottage><Sewers><params><Glory_Reward>25</Glory_Reward><Xp_Reward>150</Xp_Reward><Gold_Reward>100</Gold_Reward><Power_Level>3</Power_Level></params><props><Image>mini\dungeon\new5\sewers.jpg</Image><Lore></Lore><Dungeon_Map_Modifier>Deep Wood</Dungeon_Map_Modifier><Encounters></Encounters><Dungeon_Level>Two</Dungeon_Level><Alt_Encounters></Alt_Encounters><Dungeon_Group>Misc</Dungeon_Group><Dungeon_Type>Boss</Dungeon_Type><Type>dungeons</Type><Arcade_Region></Arcade_Region><Dev_Notes></Dev_Notes><Workspace_Group>Test</Workspace_Group><Version>0.05</Version><Description></Description><Map_Background>big\new dungeons\black dungeon.jpg</Map_Background><Color_Theme>green</Color_Theme><Map_Objects></Map_Objects><Map_Preset_Objects></Map_Preset_Objects><Group>Playtest</Group><Dungeon_Map_Template></Dungeon_Map_Template><Name>Sewers</Name><Displayed_Name>Sewers</Displayed_Name><Spawning_Delays></Spawning_Delays></props></Sewers><Dark_Mansion><params><Glory_Reward>25</Glory_Reward><Xp_Reward>150</Xp_Reward><Gold_Reward>100</Gold_Reward><Power_Level>3</Power_Level></params><props><Image>mini\dungeon\undead\dark mansion2.jpg</Image><Lore></Lore><Dungeon_Map_Modifier>Deep Wood</Dungeon_Map_Modifier><Encounters></Encounters><Dungeon_Level>Two</Dungeon_Level><Alt_Encounters></Alt_Encounters><Dungeon_Group>Misc</Dungeon_Group><Dungeon_Type>Boss</Dungeon_Type><Type>dungeons</Type><Arcade_Region></Arcade_Region><Dev_Notes></Dev_Notes><Workspace_Group>Test</Workspace_Group><Version>0.05</Version><Description></Description><Map_Background>big\new dungeons\darkest.jpg</Map_Background><Color_Theme></Color_Theme><Map_Objects></Map_Objects><Map_Preset_Objects></Map_Preset_Objects><Group>Playtest</Group><Dungeon_Map_Template></Dungeon_Map_Template><Name>Dark Mansion</Name><Displayed_Name>Dark Mansion</Displayed_Name><Spawning_Delays></Spawning_Delays></props></Dark_Mansion><Elven_Crypt><params><Glory_Reward>25</Glory_Reward><Xp_Reward>150</Xp_Reward><Gold_Reward>100</Gold_Reward><Power_Level>3</Power_Level></params><props><Image>mini\dungeon\new5\souls.jpg</Image><Lore></Lore><Dungeon_Map_Modifier>Deep Wood</Dungeon_Map_Modifier><Encounters></Encounters><Dungeon_Level>Two</Dungeon_Level><Alt_Encounters></Alt_Encounters><Dungeon_Group>Misc</Dungeon_Group><Dungeon_Type>Boss</Dungeon_Type><Type>dungeons</Type><Arcade_Region></Arcade_Region><Dev_Notes></Dev_Notes><Workspace_Group>Test</Workspace_Group><Version>0.05</Version><Description></Description><Map_Background>big\new dungeons\elven dungeon.jpg</Map_Background><Color_Theme></Color_Theme><Map_Objects></Map_Objects><Map_Preset_Objects></Map_Preset_Objects><Group>Playtest</Group><Dungeon_Map_Template></Dungeon_Map_Template><Name>Elven Crypt</Name><Displayed_Name>Elven Crypt</Displayed_Name><Spawning_Delays></Spawning_Delays></props></Elven_Crypt><Wizard_Study><params><Glory_Reward>25</Glory_Reward><Xp_Reward>150</Xp_Reward><Gold_Reward>100</Gold_Reward><Power_Level>3</Power_Level></params><props><Image>mini\dungeon\new5\library.jpg</Image><Lore></Lore><Dungeon_Map_Modifier>Ruins</Dungeon_Map_Modifier><Encounters></Encounters><Dungeon_Level>Two</Dungeon_Level><Alt_Encounters></Alt_Encounters><Dungeon_Group>Misc</Dungeon_Group><Dungeon_Type>Boss</Dungeon_Type><Type>dungeons</Type><Arcade_Region></Arcade_Region><Dev_Notes></Dev_Notes><Workspace_Group>Test</Workspace_Group><Version>0.05</Version><Description></Description><Map_Background>big\New2\015.jpg</Map_Background><Color_Theme>blue</Color_Theme><Map_Objects></Map_Objects><Map_Preset_Objects></Map_Preset_Objects><Group>Playtest</Group><Dungeon_Map_Template></Dungeon_Map_Template><Name>Wizard Study</Name><Displayed_Name>Wizard Study</Displayed_Name><Spawning_Delays></Spawning_Delays></props></Wizard_Study><Arcane_Vault><params><Glory_Reward>25</Glory_Reward><Xp_Reward>150</Xp_Reward><Gold_Reward>100</Gold_Reward><Power_Level>3</Power_Level></params><props><Image>mini\dungeon\new5\study.jpg</Image><Lore></Lore><Dungeon_Map_Modifier>Ruins</Dungeon_Map_Modifier><Encounters></Encounters><Dungeon_Level>Two</Dungeon_Level><Alt_Encounters></Alt_Encounters><Dungeon_Group>Misc</Dungeon_Group><Dungeon_Type>Boss</Dungeon_Type><Type>dungeons</Type><Arcade_Region></Arcade_Region><Dev_Notes></Dev_Notes><Workspace_Group>Test</Workspace_Group><Version>0.05</Version><Description></Description><Map_Background>big\New2\fantasy-castles- .jpg</Map_Background><Color_Theme>blue</Color_Theme><Map_Objects></Map_Objects><Map_Preset_Objects></Map_Preset_Objects><Group>Playtest</Group><Dungeon_Map_Template></Dungeon_Map_Template><Name>Arcane Vault</Name><Displayed_Name>Arcane Vault</Displayed_Name><Spawning_Delays></Spawning_Delays></props></Arcane_Vault><Archives><params><Glory_Reward>25</Glory_Reward><Xp_Reward>150</Xp_Reward><Gold_Reward>100</Gold_Reward><Power_Level>3</Power_Level></params><props><Image>mini\dungeon\new5\study3.jpg</Image><Lore></Lore><Dungeon_Map_Modifier>Ruins</Dungeon_Map_Modifier><Encounters></Encounters><Dungeon_Level>Two</Dungeon_Level><Alt_Encounters></Alt_Encounters><Dungeon_Group>Misc</Dungeon_Group><Dungeon_Type>Boss</Dungeon_Type><Type>dungeons</Type><Arcade_Region></Arcade_Region><Dev_Notes></Dev_Notes><Workspace_Group>Test</Workspace_Group><Version>0.05</Version><Description></Description><Map_Background>big\New2\fantasy-castles- .jpg</Map_Background><Color_Theme>blue</Color_Theme><Map_Objects></Map_Objects><Map_Preset_Objects></Map_Preset_Objects><Group>Playtest</Group><Dungeon_Map_Template></Dungeon_Map_Template><Name>Archives</Name><Displayed_Name>Archives</Displayed_Name><Spawning_Delays></Spawning_Delays></props></Archives><Ravenguard_Fort><params><Glory_Reward>25</Glory_Reward><Xp_Reward>150</Xp_Reward><Gold_Reward>100</Gold_Reward><Power_Level>3</Power_Level></params><props><Image>mini\dungeon\new5\tower.jpg</Image><Lore></Lore><Dungeon_Map_Modifier>Deep Wood</Dungeon_Map_Modifier><Encounters></Encounters><Dungeon_Level>Two</Dungeon_Level><Alt_Encounters></Alt_Encounters><Dungeon_Group>Misc</Dungeon_Group><Dungeon_Type>Boss</Dungeon_Type><Type>dungeons</Type><Arcade_Region></Arcade_Region><Dev_Notes></Dev_Notes><Workspace_Group>Test</Workspace_Group><Version>0.05</Version><Description></Description><Map_Background>big\new dungeons\subterranean city.jpg</Map_Background><Color_Theme></Color_Theme><Map_Objects></Map_Objects><Map_Preset_Objects></Map_Preset_Objects><Group>Playtest</Group><Dungeon_Map_Template></Dungeon_Map_Template><Name>Ravenguard Fort</Name><Displayed_Name>Ravenguard Fort</Displayed_Name><Spawning_Delays></Spawning_Delays></props></Ravenguard_Fort><Eerie_Woods><params><Glory_Reward>25</Glory_Reward><Xp_Reward>150</Xp_Reward><Gold_Reward>100</Gold_Reward><Power_Level>3</Power_Level></params><props><Image>mini\dungeon\new5\tower.jpg</Image><Lore></Lore><Dungeon_Map_Modifier>Deep Wood</Dungeon_Map_Modifier><Encounters></Encounters><Dungeon_Level>Two</Dungeon_Level><Alt_Encounters></Alt_Encounters><Dungeon_Group>Misc</Dungeon_Group><Dungeon_Type>Boss</Dungeon_Type><Type>dungeons</Type><Arcade_Region></Arcade_Region><Dev_Notes></Dev_Notes><Workspace_Group>Test</Workspace_Group><Version>0.05</Version><Description></Description><Map_Background>big\new dungeons\subterranean city.jpg</Map_Background><Color_Theme></Color_Theme><Map_Objects></Map_Objects><Map_Preset_Objects></Map_Preset_Objects><Group>Playtest</Group><Dungeon_Map_Template></Dungeon_Map_Template><Name>Eerie Woods</Name><Displayed_Name>Eerie Woods</Displayed_Name><Spawning_Delays></Spawning_Delays></props></Eerie_Woods><Forgotten_Tomb><params><Glory_Reward>25</Glory_Reward><Xp_Reward>150</Xp_Reward><Gold_Reward>100</Gold_Reward><Power_Level>3</Power_Level></params><props><Image>mini\dungeon\new4\overgrown tomb.jpg</Image><Lore></Lore><Dungeon_Map_Modifier>Hall</Dungeon_Map_Modifier><Encounters></Encounters><Dungeon_Level>Two</Dungeon_Level><Alt_Encounters></Alt_Encounters><Dungeon_Group>Misc</Dungeon_Group><Dungeon_Type>Boss</Dungeon_Type><Type>dungeons</Type><Arcade_Region></Arcade_Region><Dev_Notes></Dev_Notes><Workspace_Group>Test</Workspace_Group><Version>0.05</Version><Description></Description><Map_Background>big\new dungeons\elven dungeon.jpg</Map_Background><Color_Theme></Color_Theme><Map_Objects></Map_Objects><Map_Preset_Objects></Map_Preset_Objects><Group>Playtest</Group><Dungeon_Map_Template></Dungeon_Map_Template><Name>Forgotten Tomb</Name><Displayed_Name>Forgotten Tomb</Displayed_Name><Spawning_Delays></Spawning_Delays></props></Forgotten_Tomb><Gnome_Vaults><params><Glory_Reward>25</Glory_Reward><Xp_Reward>150</Xp_Reward><Gold_Reward>100</Gold_Reward><Power_Level>3</Power_Level></params><props><Image>mini\dungeon\arcane\wizarding_bank.jpg</Image><Lore></Lore><Dungeon_Map_Modifier>Cavern</Dungeon_Map_Modifier><Encounters></Encounters><Dungeon_Level>Two</Dungeon_Level><Alt_Encounters></Alt_Encounters><Dungeon_Group>Misc</Dungeon_Group><Dungeon_Type>Boss</Dungeon_Type><Type>dungeons</Type><Arcade_Region></Arcade_Region><Dev_Notes></Dev_Notes><Workspace_Group>Test</Workspace_Group><Version>0.05</Version><Description></Description><Map_Background>big\dungeons\dungeon2.jpg</Map_Background><Color_Theme></Color_Theme><Map_Objects></Map_Objects><Map_Preset_Objects></Map_Preset_Objects><Group>Playtest</Group><Dungeon_Map_Template></Dungeon_Map_Template><Name>Gnome Vaults</Name><Displayed_Name>Gnome Vaults</Displayed_Name><Spawning_Delays></Spawning_Delays></props></Gnome_Vaults><Volcano_Island><params><Glory_Reward>25</Glory_Reward><Xp_Reward>150</Xp_Reward><Gold_Reward>100</Gold_Reward><Power_Level>3</Power_Level></params><props><Image>mini\dungeon\new6\volcano.jpg</Image><Lore></Lore><Dungeon_Map_Modifier>Cavern</Dungeon_Map_Modifier><Encounters></Encounters><Dungeon_Level>Two</Dungeon_Level><Alt_Encounters></Alt_Encounters><Dungeon_Group>Misc</Dungeon_Group><Dungeon_Type>Boss</Dungeon_Type><Type>dungeons</Type><Arcade_Region></Arcade_Region><Dev_Notes></Dev_Notes><Workspace_Group>Test</Workspace_Group><Version>0.05</Version><Description></Description><Map_Background>big\dungeons\island.jpg</Map_Background><Color_Theme></Color_Theme><Map_Objects></Map_Objects><Map_Preset_Objects></Map_Preset_Objects><Group>Playtest</Group><Dungeon_Map_Template></Dungeon_Map_Template><Name>Volcano Island</Name><Displayed_Name>Volcano Island</Displayed_Name><Spawning_Delays></Spawning_Delays></props></Volcano_Island><Cathedral><params><Glory_Reward>25</Glory_Reward><Xp_Reward>150</Xp_Reward><Gold_Reward>100</Gold_Reward><Power_Level>3</Power_Level></params><props><Image>mini\dungeon\new6\church.jpg</Image><Lore></Lore><Dungeon_Map_Modifier>Hall</Dungeon_Map_Modifier><Encounters></Encounters><Dungeon_Level>Two</Dungeon_Level><Alt_Encounters></Alt_Encounters><Dungeon_Group>Misc</Dungeon_Group><Dungeon_Type>Boss</Dungeon_Type><Type>dungeons</Type><Arcade_Region></Arcade_Region><Dev_Notes></Dev_Notes><Workspace_Group>Test</Workspace_Group><Version>0.05</Version><Description></Description><Map_Background>big\New2\temple.jpg</Map_Background><Color_Theme></Color_Theme><Map_Objects></Map_Objects><Map_Preset_Objects></Map_Preset_Objects><Group>Playtest</Group><Dungeon_Map_Template></Dungeon_Map_Template><Name>Cathedral</Name><Displayed_Name>Cathedral</Displayed_Name><Spawning_Delays></Spawning_Delays></props></Cathedral><Stronghold><params><Glory_Reward>25</Glory_Reward><Xp_Reward>150</Xp_Reward><Gold_Reward>100</Gold_Reward><Power_Level>3</Power_Level></params><props><Image>mini\dungeon\underground\dungeon4.jpg</Image><Lore></Lore><Dungeon_Map_Modifier>Hall</Dungeon_Map_Modifier><Encounters></Encounters><Dungeon_Level>Two</Dungeon_Level><Alt_Encounters></Alt_Encounters><Dungeon_Group>Misc</Dungeon_Group><Dungeon_Type>Boss</Dungeon_Type><Type>dungeons</Type><Arcade_Region></Arcade_Region><Dev_Notes></Dev_Notes><Workspace_Group>Test</Workspace_Group><Version>0.05</Version><Description></Description><Map_Background>big\dread keep.jpg</Map_Background><Color_Theme></Color_Theme><Map_Objects></Map_Objects><Map_Preset_Objects></Map_Preset_Objects><Group>Playtest</Group><Dungeon_Map_Template></Dungeon_Map_Template><Name>Stronghold</Name><Displayed_Name>Stronghold</Displayed_Name><Spawning_Delays></Spawning_Delays></props></Stronghold><Crusader_Dungeons><params><Glory_Reward>25</Glory_Reward><Xp_Reward>150</Xp_Reward><Gold_Reward>100</Gold_Reward><Power_Level>3</Power_Level></params><props><Image>mini\dungeon\new6\prison.jpg</Image><Lore></Lore><Dungeon_Map_Modifier>Hall</Dungeon_Map_Modifier><Encounters></Encounters><Dungeon_Level>Two</Dungeon_Level><Alt_Encounters></Alt_Encounters><Dungeon_Group>Misc</Dungeon_Group><Dungeon_Type>Boss</Dungeon_Type><Type>dungeons</Type><Arcade_Region></Arcade_Region><Dev_Notes></Dev_Notes><Workspace_Group>Test</Workspace_Group><Version>0.05</Version><Description></Description><Map_Background>big\new dungeons\subterranean city.jpg</Map_Background><Color_Theme></Color_Theme><Map_Objects></Map_Objects><Map_Preset_Objects></Map_Preset_Objects><Group>Playtest</Group><Dungeon_Map_Template></Dungeon_Map_Template><Name>Crusader Dungeons</Name><Displayed_Name>Crusader Dungeons</Displayed_Name><Spawning_Delays></Spawning_Delays></props></Crusader_Dungeons><Dungeon_Fort><params><Glory_Reward>25</Glory_Reward><Xp_Reward>150</Xp_Reward><Gold_Reward>100</Gold_Reward><Power_Level>3</Power_Level></params><props><Image>mini\dungeon\underground\undercity.jpg</Image><Lore></Lore><Dungeon_Map_Modifier>Hall</Dungeon_Map_Modifier><Encounters></Encounters><Dungeon_Level>Two</Dungeon_Level><Alt_Encounters></Alt_Encounters><Dungeon_Group>Misc</Dungeon_Group><Dungeon_Type>Boss</Dungeon_Type><Type>dungeons</Type><Arcade_Region></Arcade_Region><Dev_Notes></Dev_Notes><Workspace_Group>Test</Workspace_Group><Version>0.05</Version><Description></Description><Map_Background>big\new dungeons\subterranean city.jpg</Map_Background><Color_Theme></Color_Theme><Map_Objects></Map_Objects><Map_Preset_Objects></Map_Preset_Objects><Group>Playtest</Group><Dungeon_Map_Template></Dungeon_Map_Template><Name>Dungeon Fort</Name><Displayed_Name>Dungeon Fort</Displayed_Name><Spawning_Delays></Spawning_Delays></props></Dungeon_Fort><Snowcloud_Peaks><params><Glory_Reward>25</Glory_Reward><Xp_Reward>150</Xp_Reward><Gold_Reward>100</Gold_Reward><Power_Level>3</Power_Level></params><props><Image>mini\dungeon\new6\snowcloud peaks.jpg</Image><Lore></Lore><Dungeon_Map_Modifier>Rocky</Dungeon_Map_Modifier><Encounters></Encounters><Dungeon_Level>Two</Dungeon_Level><Alt_Encounters></Alt_Encounters><Dungeon_Group>Misc</Dungeon_Group><Dungeon_Type>Boss</Dungeon_Type><Type>dungeons</Type><Arcade_Region></Arcade_Region><Dev_Notes></Dev_Notes><Workspace_Group>Test</Workspace_Group><Version>0.05</Version><Description></Description><Map_Background>big\New2\north.jpg</Map_Background><Color_Theme></Color_Theme><Map_Objects></Map_Objects><Map_Preset_Objects></Map_Preset_Objects><Group>Playtest</Group><Dungeon_Map_Template></Dungeon_Map_Template><Name>Snowcloud Peaks</Name><Displayed_Name>Snowcloud Peaks</Displayed_Name><Spawning_Delays></Spawning_Delays></props></Snowcloud_Peaks><Feywood><params><Glory_Reward>25</Glory_Reward><Xp_Reward>150</Xp_Reward><Gold_Reward>100</Gold_Reward><Power_Level>3</Power_Level></params><props><Image>mini\dungeon\new5\mystic wood.jpg</Image><Lore></Lore><Dungeon_Map_Modifier>Deep Wood</Dungeon_Map_Modifier><Encounters></Encounters><Dungeon_Level>Two</Dungeon_Level><Alt_Encounters></Alt_Encounters><Dungeon_Group>Misc</Dungeon_Group><Dungeon_Type>Boss</Dungeon_Type><Type>dungeons</Type><Arcade_Region></Arcade_Region><Dev_Notes></Dev_Notes><Workspace_Group>Test</Workspace_Group><Version>0.05</Version><Description></Description><Map_Background>big\New2\2880424.jpg</Map_Background><Color_Theme></Color_Theme><Map_Objects></Map_Objects><Map_Preset_Objects></Map_Preset_Objects><Group>Playtest</Group><Dungeon_Map_Template></Dungeon_Map_Template><Name>Feywood</Name><Displayed_Name>Feywood</Displayed_Name><Spawning_Delays></Spawning_Delays></props></Feywood><Underworld_Keep><params><Glory_Reward>25</Glory_Reward><Xp_Reward>150</Xp_Reward><Gold_Reward>100</Gold_Reward><Power_Level>3</Power_Level></params><props><Image>mini\dungeon\new6\dungeon5.jpg</Image><Lore></Lore><Dungeon_Map_Modifier>Rocky</Dungeon_Map_Modifier><Encounters></Encounters><Dungeon_Level>Two</Dungeon_Level><Alt_Encounters></Alt_Encounters><Dungeon_Group>Misc</Dungeon_Group><Dungeon_Type>Boss</Dungeon_Type><Type>dungeons</Type><Arcade_Region></Arcade_Region><Dev_Notes></Dev_Notes><Workspace_Group>Test</Workspace_Group><Version>0.05</Version><Description></Description><Map_Background>big\new dungeons\black dungeon.jpg</Map_Background><Color_Theme></Color_Theme><Map_Objects></Map_Objects><Map_Preset_Objects></Map_Preset_Objects><Group>Playtest</Group><Dungeon_Map_Template></Dungeon_Map_Template><Name>Underworld Keep</Name><Displayed_Name>Underworld Keep</Displayed_Name><Spawning_Delays></Spawning_Delays></props></Underworld_Keep><Ravenwood><params><Glory_Reward>25</Glory_Reward><Xp_Reward>150</Xp_Reward><Gold_Reward>100</Gold_Reward><Power_Level>3</Power_Level></params><props><Image>mini\dungeon\new5\tombstones.jpg</Image><Lore></Lore><Dungeon_Map_Modifier>Deep Wood</Dungeon_Map_Modifier><Encounters></Encounters><Dungeon_Level>Two</Dungeon_Level><Alt_Encounters></Alt_Encounters><Dungeon_Group>Misc</Dungeon_Group><Dungeon_Type>Boss</Dungeon_Type><Type>dungeons</Type><Arcade_Region></Arcade_Region><Dev_Notes></Dev_Notes><Workspace_Group>Test</Workspace_Group><Version>0.05</Version><Description></Description><Map_Background>big\New2\dangerous_forest.jpg</Map_Background><Color_Theme></Color_Theme><Map_Objects></Map_Objects><Map_Preset_Objects></Map_Preset_Objects><Group>Playtest</Group><Dungeon_Map_Template></Dungeon_Map_Template><Name>Ravenwood</Name><Displayed_Name>Ravenwood</Displayed_Name><Spawning_Delays></Spawning_Delays></props></Ravenwood><Mograve_Keep><params><Glory_Reward>25</Glory_Reward><Xp_Reward>150</Xp_Reward><Gold_Reward>100</Gold_Reward><Power_Level>3</Power_Level></params><props><Image>mini\dungeon\human\Von Finsterheim Castle.jpg</Image><Lore></Lore><Dungeon_Map_Modifier>Deep Wood</Dungeon_Map_Modifier><Encounters></Encounters><Dungeon_Level>Two</Dungeon_Level><Alt_Encounters></Alt_Encounters><Dungeon_Group>Misc</Dungeon_Group><Dungeon_Type>Boss</Dungeon_Type><Type>dungeons</Type><Arcade_Region></Arcade_Region><Dev_Notes></Dev_Notes><Workspace_Group>Test</Workspace_Group><Version>0.05</Version><Description></Description><Map_Background>big\New2\dark_castle3.jpg</Map_Background><Color_Theme></Color_Theme><Map_Objects></Map_Objects><Map_Preset_Objects></Map_Preset_Objects><Group>Playtest</Group><Dungeon_Map_Template></Dungeon_Map_Template><Name>Mograve Keep</Name><Displayed_Name>Mograve Keep</Displayed_Name><Spawning_Delays></Spawning_Delays></props></Mograve_Keep><Forsaken_Gardens><params><Glory_Reward>25</Glory_Reward><Xp_Reward>150</Xp_Reward><Gold_Reward>100</Gold_Reward><Power_Level>3</Power_Level></params><props><Image>mini\dungeon\new4\marsh.jpg</Image><Lore></Lore><Dungeon_Map_Modifier>Deep Wood</Dungeon_Map_Modifier><Encounters></Encounters><Dungeon_Level>Two</Dungeon_Level><Alt_Encounters></Alt_Encounters><Dungeon_Group>Misc</Dungeon_Group><Dungeon_Type>Boss</Dungeon_Type><Type>dungeons</Type><Arcade_Region></Arcade_Region><Dev_Notes></Dev_Notes><Workspace_Group>Test</Workspace_Group><Version>0.05</Version><Description></Description><Map_Background>big\New2\516513.jpg</Map_Background><Color_Theme></Color_Theme><Map_Objects></Map_Objects><Map_Preset_Objects></Map_Preset_Objects><Group>Playtest</Group><Dungeon_Map_Template></Dungeon_Map_Template><Name>Forsaken Gardens</Name><Displayed_Name>Forsaken Gardens</Displayed_Name><Spawning_Delays></Spawning_Delays></props></Forsaken_Gardens><Grave_Hill><params><Glory_Reward>25</Glory_Reward><Xp_Reward>150</Xp_Reward><Gold_Reward>100</Gold_Reward><Power_Level>3</Power_Level></params><props><Image>mini\dungeon\new4\grave hill.jpg</Image><Lore></Lore><Dungeon_Map_Modifier>Deep Wood</Dungeon_Map_Modifier><Encounters></Encounters><Dungeon_Level>Two</Dungeon_Level><Alt_Encounters></Alt_Encounters><Dungeon_Group>Misc</Dungeon_Group><Dungeon_Type>Boss</Dungeon_Type><Type>dungeons</Type><Arcade_Region></Arcade_Region><Dev_Notes></Dev_Notes><Workspace_Group>Test</Workspace_Group><Version>0.05</Version><Description></Description><Map_Background>big\New2\dark forest.jpg</Map_Background><Color_Theme></Color_Theme><Map_Objects></Map_Objects><Map_Preset_Objects></Map_Preset_Objects><Group>Playtest</Group><Dungeon_Map_Template></Dungeon_Map_Template><Name>Grave Hill</Name><Displayed_Name>Grave Hill</Displayed_Name><Spawning_Delays></Spawning_Delays></props></Grave_Hill><Highland_Keep><params><Glory_Reward>25</Glory_Reward><Xp_Reward>150</Xp_Reward><Gold_Reward>100</Gold_Reward><Power_Level>3</Power_Level></params><props><Image>mini\dungeon\new4\castle.jpg</Image><Lore></Lore><Dungeon_Map_Modifier>Deep Wood</Dungeon_Map_Modifier><Encounters></Encounters><Dungeon_Level>Two</Dungeon_Level><Alt_Encounters></Alt_Encounters><Dungeon_Group>Misc</Dungeon_Group><Dungeon_Type>Boss</Dungeon_Type><Type>dungeons</Type><Arcade_Region></Arcade_Region><Dev_Notes></Dev_Notes><Workspace_Group>Test</Workspace_Group><Version>0.05</Version><Description></Description><Map_Background>big\New2\dnight_valley .jpg</Map_Background><Color_Theme></Color_Theme><Map_Objects></Map_Objects><Map_Preset_Objects></Map_Preset_Objects><Group>Playtest</Group><Dungeon_Map_Template></Dungeon_Map_Template><Name>Highland Keep</Name><Displayed_Name>Highland Keep</Displayed_Name><Spawning_Delays></Spawning_Delays></props></Highland_Keep><Observatory><params><Glory_Reward>25</Glory_Reward><Xp_Reward>150</Xp_Reward><Gold_Reward>100</Gold_Reward><Power_Level>3</Power_Level></params><props><Image>mini\dungeon\new4\town.jpg</Image><Lore></Lore><Dungeon_Map_Modifier>Deep Wood</Dungeon_Map_Modifier><Encounters></Encounters><Dungeon_Level>Two</Dungeon_Level><Alt_Encounters></Alt_Encounters><Dungeon_Group>Misc</Dungeon_Group><Dungeon_Type>Boss</Dungeon_Type><Type>dungeons</Type><Arcade_Region></Arcade_Region><Dev_Notes></Dev_Notes><Workspace_Group>Test</Workspace_Group><Version>0.05</Version><Description></Description><Map_Background>big\New2\ancient tech spire.jpg</Map_Background><Color_Theme></Color_Theme><Map_Objects></Map_Objects><Map_Preset_Objects></Map_Preset_Objects><Group>Playtest</Group><Dungeon_Map_Template></Dungeon_Map_Template><Name>Observatory</Name><Displayed_Name>Observatory</Displayed_Name><Spawning_Delays></Spawning_Delays></props></Observatory><Tavern><params><Glory_Reward>25</Glory_Reward><Xp_Reward>150</Xp_Reward><Gold_Reward>100</Gold_Reward><Turns_In_Game>0</Turns_In_Game><Loot_Value>0</Loot_Value><Power_Level>0</Power_Level></params><props><Image>macro\place\Misty Shores\Neugard Tavern.jpg</Image><Encounters>Robber Band;Hired Thugs;Brawlers;Guards;Cutthroats;Killer Crew;Bandit Lord;Warband;Dwarf Rabble;Dwarven Company;</Encounters><Dungeon_Level>One</Dungeon_Level><Alt_Encounters></Alt_Encounters><Dungeon_Group>Human</Dungeon_Group><Dungeon_Type>Average</Dungeon_Type><Type>dungeons</Type><Arcade_Region></Arcade_Region><Workspace_Group>Focus</Workspace_Group><Version>0.05</Version><Description>[Quest] This may once have been a well-off farm, but no more. Dangers aside, the [faction] want this place cleared out and you could certainly use their support. </Description><Map_Background>big\new4\tavern.jpg</Map_Background><Color_Theme>red</Color_Theme><Group>Skirmish</Group><Name>Tavern</Name><Dungeon_Map_Template>Wooden Interior</Dungeon_Map_Template><Displayed_Name>Tavern</Displayed_Name></props></Tavern></Empty><Misty_Shores><Smuggler_Grotto><params><Glory_Reward>25</Glory_Reward><Xp_Reward>150</Xp_Reward><Gold_Reward>100</Gold_Reward><Power_Level>1</Power_Level></params><props><Image>mini\dungeon\human\Smuggler Grottos.jpg</Image><Arcade_Route>Eerie Coast;Rocky Climb;</Arcade_Route><Encounters>Undead Minions;Wraiths;Death Lord;</Encounters><Dungeon_Level>One</Dungeon_Level><Alt_Encounters>Dungeon Critters;Wolf Pack;Sewer Horrors;Night Terrors;</Alt_Encounters><Dungeon_Group>Human</Dungeon_Group><Dungeon_Type>Average</Dungeon_Type><Type>dungeons</Type><Arcade_Region>Misty Shores</Arcade_Region><Version>0.05</Version><Map_Background>big\new dungeons\subterranean city.jpg</Map_Background><Group>Arcade</Group><Name>Smuggler Grotto</Name></props></Smuggler_Grotto><Lichyard><params><Glory_Reward>25</Glory_Reward><Xp_Reward>150</Xp_Reward><Gold_Reward>100</Gold_Reward></params><props><Image>mini\dungeon\undead\Cemetary.jpg</Image><Type>dungeons</Type><Arcade_Region>Misty Shores</Arcade_Region><Dungeon_Level>Two</Dungeon_Level><Map_Background>big\dungeons\mansion.jpg</Map_Background><Group>Arcade</Group><Dungeon_Group>Undead</Dungeon_Group><Name>Lichyard</Name><Dungeon_Type>Average</Dungeon_Type></props></Lichyard><Dark_Castle><params><Glory_Reward>25</Glory_Reward><Xp_Reward>150</Xp_Reward><Gold_Reward>100</Gold_Reward></params><props><Image>mini\dungeon\human\castle.jpg</Image><Type>dungeons</Type><Arcade_Region>Misty Shores</Arcade_Region><Version>0.05</Version><Dungeon_Level>Four</Dungeon_Level><Map_Background>big\new dungeons\Night Castle.jpg</Map_Background><Group>Arcade</Group><Dungeon_Group>Undead</Dungeon_Group><Name>Dark Castle</Name><Dungeon_Type>Average</Dungeon_Type></props></Dark_Castle><Arcane_Sanctum><params><Glory_Reward>25</Glory_Reward><Xp_Reward>150</Xp_Reward><Gold_Reward>100</Gold_Reward></params><props><Image>mini\dungeon\arcane\arcane sanctum.jpg</Image><Type>dungeons</Type><Arcade_Region>Misty Shores</Arcade_Region><Version>0.05</Version><Dungeon_Level>Four</Dungeon_Level><Map_Background>big\dungeons\labyrinth.jpg</Map_Background><Group>Arcade</Group><Dungeon_Group>Undead</Dungeon_Group><Name>Arcane Sanctum</Name><Dungeon_Type>Average</Dungeon_Type></props></Arcane_Sanctum><Crimson_Castle><params><Glory_Reward>25</Glory_Reward><Xp_Reward>150</Xp_Reward><Gold_Reward>100</Gold_Reward></params><props><Image>mini\dungeon\human\castle.jpg</Image><Type>dungeons</Type><Arcade_Region>Misty Shores</Arcade_Region><Version>0.05</Version><Dungeon_Level>Four</Dungeon_Level><Map_Background>big\new dungeons\Night Castle.jpg</Map_Background><Group>Arcade</Group><Dungeon_Group>Undead</Dungeon_Group><Name>Crimson Castle</Name><Dungeon_Type>Average</Dungeon_Type></props></Crimson_Castle><Baron_s_Castle><params><Glory_Reward>25</Glory_Reward><Xp_Reward>150</Xp_Reward><Gold_Reward>100</Gold_Reward></params><props><Image>mini\dungeon\human\castle.jpg</Image><Type>dungeons</Type><Arcade_Region>Misty Shores</Arcade_Region><Version>0.05</Version><Dungeon_Level>Four</Dungeon_Level><Map_Background>big\new dungeons\Night Castle.jpg</Map_Background><Group>Arcade</Group><Dungeon_Group>Undead</Dungeon_Group><Name>Baron's Castle</Name><Dungeon_Type>Average</Dungeon_Type></props></Baron_s_Castle><Warlock_Castle><params><Glory_Reward>25</Glory_Reward><Xp_Reward>150</Xp_Reward><Gold_Reward>100</Gold_Reward></params><props><Image>mini\dungeon\human\castle.jpg</Image><Type>dungeons</Type><Arcade_Region>Misty Shores</Arcade_Region><Dungeon_Level>Four</Dungeon_Level><Map_Background>big\dungeons\labyrinth.jpg</Map_Background><Group>Arcade</Group><Dungeon_Group>Undead</Dungeon_Group><Name>Warlock Castle</Name><Dungeon_Type>Average</Dungeon_Type></props></Warlock_Castle></Misty_Shores><Dusk_Dale><Arcane_Tower><params><Glory_Reward>25</Glory_Reward><Xp_Reward>150</Xp_Reward><Gold_Reward>100</Gold_Reward><Power_Level>3</Power_Level></params><props><Image>mini\dungeon\arcane\arcane tower2.jpg</Image><Lore>A perfectly likely place to start on the search, this tower is almost certain to have some clues about the Artifacts' present or past. </Lore><Dungeon_Map_Modifier></Dungeon_Map_Modifier><Encounters>Dark Apostates;Mutant Band;Eldritch Order;Sewer Horrors;Unchained Wyvern;</Encounters><Dungeon_Level>Two</Dungeon_Level><Alt_Encounters>Derelict Machinery;Apostates;Arcane Guardians;Elementals;Lich;</Alt_Encounters><Dungeon_Group>Arcane</Dungeon_Group><Dungeon_Type>Average</Dungeon_Type><Sublevels>Crystal Cave(Dark Tunnel=corner,middle);</Sublevels><Type>dungeons</Type><Arcade_Region>Dusk Dale</Arcade_Region><Dev_Notes>Arcane Brotherhood;Conjurer; Marble Column(3-0);Marble Column(3-4);Marble Column(5-0);</Dev_Notes><Workspace_Group>Focus</Workspace_Group><Version>0.1002b</Version><Description>Standing aloof at the feet of the Pale Mountains, this tower is rumored to have appear out of nothing overnight and now house a powerful sorceror or sorceress... There is an aura of unnatural cold and stillness, eerie even by Dusk Dale standards. </Description><Map_Background>big\dungeons\dark castle1.jpg</Map_Background><Color_Theme>purple</Color_Theme><Map_Preset_Objects>Arcane Crystal(4-5);Altar(1-4);Altar(1-1);Altar(7-1);Altar(7-4); Marble Column(4-0);</Map_Preset_Objects><Group>Arcade</Group><Dungeon_Map_Template></Dungeon_Map_Template><Name>Arcane Tower</Name><Displayed_Name>Arcane Tower</Displayed_Name></props></Arcane_Tower><Demon_Shrine><params><Glory_Reward>25</Glory_Reward><Xp_Reward>150</Xp_Reward><Gold_Reward>100</Gold_Reward><Turns_In_Game>0</Turns_In_Game><Loot_Value>0</Loot_Value><Power_Level>0</Power_Level></params><props><Image>mini\dungeon\misc\forge.jpg</Image><Lore>Whatever particular sect holds its gatherings in this grim shrine, they are likely to have information about the Artifacts of Mastery. It's doubtful that they will offer it freely though. </Lore><Dungeon_Map_Modifier></Dungeon_Map_Modifier><Encounters>Lesser Demons;Demon Worshippers;Demon Callers;Abyssal Fiend;Warp Champion;</Encounters><Dungeon_Level>Three</Dungeon_Level><Alt_Encounters>Chaos Apostates;Possessed;Chaos Cultists;Anti-Paladin;Demon Lord</Alt_Encounters><Dungeon_Group>Undead</Dungeon_Group><Dungeon_Type>Average</Dungeon_Type><Type>dungeons</Type><Arcade_Region>Dusk Dale</Arcade_Region><Workspace_Group>Focus</Workspace_Group><Version>0.1002b</Version><Description>A long accursed place, this once splendid Eledari temple of elements has seen a gruesome transformation by fire, blood and sorcery. </Description><Map_Background>big\dungeons\swamp.jpg</Map_Background><Color_Theme>red</Color_Theme><Map_Objects>Ruined Structure(1);Ruined Gateway(1);Ruined Column(1)</Map_Objects><Map_Preset_Objects>Altar(4-5);Altar(4-0);</Map_Preset_Objects><Group>Arcade</Group><Dungeon_Map_Template>Swamp</Dungeon_Map_Template><Name>Demon Shrine</Name></props></Demon_Shrine><Cemetary><params><Glory_Reward>25</Glory_Reward><Xp_Reward>150</Xp_Reward><Gold_Reward>100</Gold_Reward><Power_Level>1</Power_Level></params><props><Image>mini\dungeon\undead\graveyard2.jpg</Image><Lore>The ancient elven crypt at the center of this dilapidated human cemetary is a promising place to find out more about the history of the Artifacts. Who knows what secrets are kept by the elves long dead? </Lore><Encounters>Death Worshippers;Undead Minions;Death Adepts;Wraiths;Corpseborn;Death Lord;Lich;Vampire;</Encounters><Dungeon_Level>One</Dungeon_Level><Alt_Encounters>Cannibals;Grave Looters;Death Adepts;Lich;</Alt_Encounters><Dungeon_Group>Undead</Dungeon_Group><Dungeon_Type>Average</Dungeon_Type><Type>dungeons</Type><Arcade_Region>Dusk Dale</Arcade_Region><Workspace_Group>Focus</Workspace_Group><Version>0.1001</Version><Description>Strangely, the white marble crypt in the middle of the cemetary seems to have resisted any harm from marauders and grave looters whose work is all too apparent in the multitude of desecrated graves strewn across the cemetary. Unless the graves dug up themselves, of course...</Description><Map_Background>big\dungeons\cemetary.jpg</Map_Background><Color_Theme>blue</Color_Theme><Map_Preset_Objects>Gravestone(2-1);Gravestone(6-3);Gravestone(2-3);Gravestone(6-1);</Map_Preset_Objects><Group>Arcade</Group><Dungeon_Map_Template>Dead Forest</Dungeon_Map_Template><Name>Cemetary</Name></props></Cemetary><Bandit_Den><params><Glory_Reward>25</Glory_Reward><Xp_Reward>150</Xp_Reward><Gold_Reward>100</Gold_Reward><Power_Level>1</Power_Level></params><props><Image>mini\dungeon\human\Pirate Den.jpg</Image><Type>dungeons</Type><Arcade_Region>Dusk Dale</Arcade_Region><Encounters>Robber Band</Encounters><Dungeon_Level>One</Dungeon_Level><Map_Background>big\dungeons\Pirate Bay.jpg</Map_Background><Group>Playable</Group><Dungeon_Group>Human</Dungeon_Group><Name>Bandit Den</Name><Dungeon_Type>Average</Dungeon_Type></props></Bandit_Den><Dungeon><params><Glory_Reward>25</Glory_Reward><Xp_Reward>150</Xp_Reward><Gold_Reward>100</Gold_Reward><Turns_In_Game>0</Turns_In_Game><Loot_Value>0</Loot_Value><Power_Level>0</Power_Level><Spawning_Delay_Mod>100</Spawning_Delay_Mod></params><props><Image>mini\dungeon\underground\dungeon.jpg</Image><Dungeon_Map_Modifier>Ruins</Dungeon_Map_Modifier><Encounters>Dungeon Critters;Dungeon Monsters;Dungeon Terrors;Sewer Horrors;Unchained Wyvern;Ancient Beast;</Encounters><Dungeon_Level>Two</Dungeon_Level><Alt_Encounters>Shades; Death Worshippers;Dark Apostates;Hungry Dead;Bone Dragon;Dungeon Terrors;Blood Thralls;</Alt_Encounters><Dungeon_Group>Undead</Dungeon_Group><Power_Encounters>Dragnir Patrol;</Power_Encounters><Dungeon_Type>Underground</Dungeon_Type><Known_Spells></Known_Spells><Type>dungeons</Type><Arcade_Region>Dusk Dale</Arcade_Region><Spellbook></Spellbook><Workspace_Group>Focus</Workspace_Group><Version>0.05</Version><Description>As little as you may like it, this is the place incicated by [faction]. There is no knowing what may lurk in these shadowy halls...</Description><Map_Background>big\dungeons\cave2.jpg</Map_Background><Color_Theme>blue</Color_Theme><Group>Arcade</Group><Dungeon_Map_Template>Dungeon</Dungeon_Map_Template><Name>Dungeon</Name><Displayed_Name>Dungeon</Displayed_Name></props></Dungeon><Crystal_Cave><params><Glory_Reward>25</Glory_Reward><Xp_Reward>150</Xp_Reward><Gold_Reward>100</Gold_Reward><Power_Level>1</Power_Level></params><props><Image>mini\dungeon\underground\crystal cave2.jpg</Image><Lore>Although it is highly unlikely that there are clues about the Artifacts in a place like this, acquiring shards of a pure Aspect Crystal may be very useful - either as a prize to sell for information, or a source of magical power to aid the quest. </Lore><Dungeon_Map_Modifier> Cavern</Dungeon_Map_Modifier><Encounters>Colony Brood;Colony Warriors;Colony Queen;</Encounters><Dungeon_Level>Two</Dungeon_Level><Alt_Encounters>Spider Brood;Spider Lords;Chosen of Arachnia;</Alt_Encounters><Dungeon_Group>Undead</Dungeon_Group><Dungeon_Type>Underground</Dungeon_Type><Type>dungeons</Type><Arcade_Region>Dusk Dale</Arcade_Region><Workspace_Group>Focus</Workspace_Group><Version>0.05</Version><Description>Infested by some manner of insectoids, if rumors are to be believed, this cave radiates strange energy and emanates light that is probably not coming from any purely natural source... </Description><Map_Background>big\dungeons\cave2.jpg</Map_Background><Color_Theme>yellow</Color_Theme><Group>Arcade</Group><Dungeon_Map_Template>Dungeon</Dungeon_Map_Template><Name>Crystal Cave</Name><Displayed_Name>Crystal Cave</Displayed_Name></props></Crystal_Cave><Twilight_Monastery><params><Glory_Reward>25</Glory_Reward><Xp_Reward>150</Xp_Reward><Gold_Reward>100</Gold_Reward></params><props><Image>mini\dungeon\misc\Twilight Monastery.jpg</Image><Type>dungeons</Type><Arcade_Region>Dusk Dale</Arcade_Region><Workspace_Group>Implement</Workspace_Group><Version>0.05</Version><Dungeon_Level>Three</Dungeon_Level><Map_Background>big\dungeons\new dungeon3.jpg</Map_Background><Group>Playable</Group><Dungeon_Group>Undead</Dungeon_Group><Name>Twilight Monastery</Name><Dungeon_Type>Average</Dungeon_Type></props></Twilight_Monastery><Hidden_Camp><params><Glory_Reward>25</Glory_Reward><Xp_Reward>150</Xp_Reward><Gold_Reward>100</Gold_Reward><Power_Level>1</Power_Level></params><props><Image>mini\dungeon\human\Pirate Den.jpg</Image><Dungeon_Map_Modifier>Camp</Dungeon_Map_Modifier><Encounters>Robber Band;Deserters;Bandit Lord;</Encounters><Dungeon_Level>One</Dungeon_Level><Alt_Encounters>Goblins;Orcs;Orc Khan;</Alt_Encounters><Dungeon_Group>Human</Dungeon_Group><Dungeon_Type>Average</Dungeon_Type><Type>dungeons</Type><Arcade_Region>Dusk Dale</Arcade_Region><Workspace_Group>Focus</Workspace_Group><Description>Your tracking has led you to this site which upon closer inspection seems to be hosting a well-hidden camp... no friendly folk would likely be living in such a place. </Description><Map_Background>big\dungeons\Pirate Bay.jpg</Map_Background><Color_Theme>green</Color_Theme><Group>Arcade</Group><Alt_Spawning_Delays>25</Alt_Spawning_Delays><Name>Hidden Camp</Name><Dungeon_Map_Template>Forest</Dungeon_Map_Template></props></Hidden_Camp><Wizard_Tower><params><Glory_Reward>25</Glory_Reward><Xp_Reward>150</Xp_Reward><Gold_Reward>100</Gold_Reward><Power_Level>3</Power_Level><Turns_In_Game>0</Turns_In_Game><Loot_Value>0</Loot_Value></params><props><Image>mini\dungeon\arcane\tower.jpg</Image><Lore>A perfectly likely place to start on the search, this tower is almost certain to have some clues about the Artifacts' present or past. </Lore><Dungeon_Map_Modifier></Dungeon_Map_Modifier><Encounters>Derelict Machinery;Discarded and Orphaned Familiars;Arcane Guardians;Aether Golem;Mechanicum Titan;</Encounters><Dungeon_Level>Two</Dungeon_Level><Alt_Encounters>Derelict Machinery;Apostates;Arcane Guardians;Elementals;Sorceror;Enchantress;Lich;</Alt_Encounters><Dungeon_Group>Arcane</Dungeon_Group><Dungeon_Type>Average</Dungeon_Type><Type>dungeons</Type><Arcade_Region>Dusk Dale</Arcade_Region><Workspace_Group>Focus</Workspace_Group><Version>0.1002b</Version><Description>Standing aloof at the feet of the Pale Mountains, this tower is rumored to have appear out of nothing overnight and now house a powerful sorceror or sorceress... There is an aura of unnatural cold and stillness, eerie even by Dusk Dale standards. </Description><Map_Background>big\dungeons\spires.jpg</Map_Background><Color_Theme>purple</Color_Theme><Map_Objects>Marble Column(2);</Map_Objects><Map_Preset_Objects>Force Field(2-1);Force Field(6-4);Force Field(2-4);Force Field(6-1);</Map_Preset_Objects><Group>Arcade</Group><Dungeon_Map_Template></Dungeon_Map_Template><Name>Wizard Tower</Name><Displayed_Name>Wizard Tower</Displayed_Name></props></Wizard_Tower><Spire><params><Glory_Reward>25</Glory_Reward><Xp_Reward>150</Xp_Reward><Gold_Reward>100</Gold_Reward><Power_Level>3</Power_Level></params><props><Image>mini\dungeon\arcane\Onyx Spire.jpg</Image><Lore>A perfectly likely place to start on the search, this tower is almost certain to have some clues about the Artifacts' present or past. </Lore><Encounters>Sky Minions;Celestials;Sky Lord;</Encounters><Dungeon_Level>Two</Dungeon_Level><Alt_Encounters>Sky Minions;Celestials;Sky Lord;</Alt_Encounters><Dungeon_Group>Arcane</Dungeon_Group><Dungeon_Type>Average</Dungeon_Type><Type>dungeons</Type><Arcade_Region>Dusk Dale</Arcade_Region><Dev_Notes>Fanatics;Crusaders;Defender of Light;</Dev_Notes><Workspace_Group>Focus</Workspace_Group><Version>0.1002b</Version><Description>Standing aloof at the feet of the Pale Mountains, this tower is rumored to have appear out of nothing overnight and now house a powerful sorceror or sorceress... There is an aura of unnatural cold and stillness, eerie even by Dusk Dale standards. </Description><Map_Background>big\dungeons\Misty Mountains.jpg</Map_Background><Color_Theme>light</Color_Theme><Map_Objects></Map_Objects><Map_Preset_Objects>Marble Column(2-1);Ruined Gateway(2-2);Marble Column(6-3);Marble Column(2-3);Marble Column(6-1);Ruined Gateway(6-2);</Map_Preset_Objects><Group>Arcade</Group><Name>Spire</Name><Spawning_Delays>Marble Column(0-0);Marble Column(8-4);Marble Column(0-4);Marble Column(8-0);</Spawning_Delays></props></Spire><Abandoned_House><params><Glory_Reward>25</Glory_Reward><Xp_Reward>150</Xp_Reward><Gold_Reward>100</Gold_Reward><Turns_In_Game>0</Turns_In_Game><Loot_Value>0</Loot_Value><Power_Level>0</Power_Level></params><props><Image>mini\dungeon\undead\Haunted House.jpg</Image><Encounters>Hungry Dead;Blood Thralls;Vampires;Vampire Lord;</Encounters><Dungeon_Level>One</Dungeon_Level><Alt_Encounters>Plague Bearers;Plague Servants;Corpseborn;Undead Monstrocity;</Alt_Encounters><Dungeon_Group>Undead</Dungeon_Group><Dungeon_Type>Average</Dungeon_Type><Type>dungeons</Type><Arcade_Region>Dusk Dale</Arcade_Region><Workspace_Group>Focus</Workspace_Group><Version>0.05</Version><Description>[Quest] This may once have been a well-off farm, but no more. Dangers aside, the [faction] want this place cleared out and you could certainly use their support. </Description><Map_Background>big\new4\tavern3.jpg</Map_Background><Color_Theme>red</Color_Theme><Group>Arcade</Group><Name>Abandoned House</Name><Dungeon_Map_Template>Wooden Interior</Dungeon_Map_Template></props></Abandoned_House><Witch_Grove><params><Glory_Reward>25</Glory_Reward><Xp_Reward>150</Xp_Reward><Gold_Reward>100</Gold_Reward><Power_Level>1</Power_Level></params><props><Image>mini\dungeon\haunted wood.jpg</Image><Lore>The ancient elven crypt at the center of this dilapidated human cemetary is a promising place to find out more about the history of the Artifacts. Who knows what secrets are kept by the elves long dead? </Lore><Dungeon_Map_Modifier>Ruins</Dungeon_Map_Modifier><Encounters>Wisps;Wolf Pack;Warg Pack;Feline Predators;Angered Grizzly;Werewolf;Witches;Shades;</Encounters><Dungeon_Level>One</Dungeon_Level><Alt_Encounters>Spider Brood;Undead Beasts;Dark Apostates;Huorn;Nightmare;Undead Monstrocity;Witches;Shades;</Alt_Encounters><Dungeon_Group>Undead</Dungeon_Group><Power_Encounters>Sorceress;</Power_Encounters><Dungeon_Type>Average</Dungeon_Type><Type>dungeons</Type><Arcade_Region>Dusk Dale</Arcade_Region><Workspace_Group>Focus</Workspace_Group><Version>0.1003b</Version><Description>Strangely, the white marble crypt seems to have resisted any harm from marauders and grave looters who work is all too apparent in the multitude of desecrated graves strewn across the cemetary. Unless the graves dug up themselves, of course...</Description><Map_Background>big\dungeons\haunted wood.jpg</Map_Background><Color_Theme>blue</Color_Theme><Map_Preset_Objects>Altar(4-0)</Map_Preset_Objects><Group>Arcade</Group><Dungeon_Map_Template>Dark Forest</Dungeon_Map_Template><Name>Witch Grove</Name></props></Witch_Grove><Dwarven_Halls><params><Glory_Reward>25</Glory_Reward><Xp_Reward>150</Xp_Reward><Gold_Reward>100</Gold_Reward></params><props><Image>mini\dungeon\misc\zwergenheim.jpg</Image><Encounters>Dwarven Company;Dwarf Patrol;Dwarf Rabble;Exiled Thane;</Encounters><Dungeon_Level>Three</Dungeon_Level><Alt_Encounters>Goblins;Orcs;Troll;Ogre</Alt_Encounters><Dungeon_Group>Undead</Dungeon_Group><Dungeon_Type>Underground</Dungeon_Type><Alt_Power_Encounters></Alt_Power_Encounters><Type>dungeons</Type><Arcade_Region>Dusk Dale</Arcade_Region><Version>0.05</Version><Map_Background>big\dungeons\dwarf city.jpg</Map_Background><Color_Theme>yellow</Color_Theme><Group>Arcade</Group><Name>Dwarven Halls</Name><Encounter_Groups></Encounter_Groups></props></Dwarven_Halls><Hell><params><Glory_Reward>25</Glory_Reward><Xp_Reward>150</Xp_Reward><Gold_Reward>100</Gold_Reward><Power_Level>3</Power_Level></params><props><Image>mini\dungeon\misc\hell.jpg</Image><Lore>A perfectly likely place to start on the search, this tower is almost certain to have some clues about the Artifacts' present or past. </Lore><Dungeon_Map_Modifier>Ruins</Dungeon_Map_Modifier><Encounters>Abyssal Fiend;Demon Lord;Chaos Legion;Greater Demons;Demons of Abyss;Lord of Abyss;Demon Callers;</Encounters><Dungeon_Level>Two</Dungeon_Level><Alt_Encounters>Abyssal Fiend;Demon Lord;Chaos Legion;Greater Demons;Demons of Abyss;Lord of Abyss;Demon Callers;</Alt_Encounters><Dungeon_Group>Misc</Dungeon_Group><Dungeon_Type>Boss</Dungeon_Type><Type>dungeons</Type><Arcade_Region>Dusk Dale</Arcade_Region><Dev_Notes>Fanatics;Crusaders;Defender of Light;</Dev_Notes><Workspace_Group>Focus</Workspace_Group><Version>0.05</Version><Description>Standing aloof at the feet of the Pale Mountains, this tower is rumored to have appear out of nothing overnight and now house a powerful sorceror or sorceress... There is an aura of unnatural cold and stillness, eerie even by Dusk Dale standards. </Description><Map_Background>big\dungeons\hell.jpg</Map_Background><Color_Theme>red</Color_Theme><Map_Objects></Map_Objects><Map_Preset_Objects>Altar(4-0);Altar(4-5);</Map_Preset_Objects><Group>Arcade</Group><Dungeon_Map_Template></Dungeon_Map_Template><Name>Hell</Name><Displayed_Name>Hell</Displayed_Name><Spawning_Delays></Spawning_Delays></props></Hell><Nordheim><params><Glory_Reward>25</Glory_Reward><Xp_Reward>150</Xp_Reward><Gold_Reward>100</Gold_Reward><Power_Level>3</Power_Level></params><props><Image>mini\dungeon\misc\temple.jpg</Image><Lore>A perfectly likely place to start on the search, this tower is almost certain to have some clues about the Artifacts' present or past. </Lore><Dungeon_Map_Modifier>Ruins</Dungeon_Map_Modifier><Encounters>Frost Giant;Storm Giant;Mountain Giants;Hill Giants;</Encounters><Dungeon_Level>Two</Dungeon_Level><Alt_Encounters>Dwarven Company;Exiled Thane;Dwarf Patrol;</Alt_Encounters><Dungeon_Group>Misc</Dungeon_Group><Dungeon_Type>Boss</Dungeon_Type><Type>dungeons</Type><Arcade_Region>Dusk Dale</Arcade_Region><Dev_Notes>Fanatics;Crusaders;Defender of Light;</Dev_Notes><Workspace_Group>Focus</Workspace_Group><Version>0.05</Version><Description>Standing aloof at the feet of the Pale Mountains, this tower is rumored to have appear out of nothing overnight and now house a powerful sorceror or sorceress... There is an aura of unnatural cold and stillness, eerie even by Dusk Dale standards. </Description><Map_Background>big\dungeons\undercity.jpg</Map_Background><Color_Theme>blue</Color_Theme><Map_Objects></Map_Objects><Map_Preset_Objects>Ruined Column(4-0);Ruined Column(4-5);</Map_Preset_Objects><Group>Arcade</Group><Dungeon_Map_Template></Dungeon_Map_Template><Name>Nordheim</Name><Displayed_Name>Nordheim</Displayed_Name><Spawning_Delays></Spawning_Delays></props></Nordheim><Wraith_Kingdom><params><Glory_Reward>25</Glory_Reward><Xp_Reward>150</Xp_Reward><Gold_Reward>100</Gold_Reward><Power_Level>3</Power_Level></params><props><Image>mini\dungeon\undead\death gate.jpg</Image><Lore>A perfectly likely place to start on the search, this tower is almost certain to have some clues about the Artifacts' present or past. </Lore><Dungeon_Map_Modifier>Ruins</Dungeon_Map_Modifier><Encounters>Frost Giant;Bone Dragon;Wraiths;Wisps;Undead Minions;</Encounters><Dungeon_Level>Two</Dungeon_Level><Alt_Encounters>Shades;Wisps;Wraiths;Celestials;Bone Dragon;Sky Lord;</Alt_Encounters><Dungeon_Group>Misc</Dungeon_Group><Dungeon_Type>Boss</Dungeon_Type><Type>dungeons</Type><Arcade_Region>Dusk Dale</Arcade_Region><Dev_Notes>Fanatics;Crusaders;Defender of Light;</Dev_Notes><Workspace_Group>Focus</Workspace_Group><Version>0.05</Version><Description>Standing aloof at the feet of the Pale Mountains, this tower is rumored to have appear out of nothing overnight and now house a powerful sorceror or sorceress... There is an aura of unnatural cold and stillness, eerie even by Dusk Dale standards. </Description><Map_Background>big\dungeons\dead city.jpg</Map_Background><Color_Theme>blue</Color_Theme><Map_Objects></Map_Objects><Map_Preset_Objects>Altar(4-0);Altar(4-5);</Map_Preset_Objects><Group>Arcade</Group><Dungeon_Map_Template></Dungeon_Map_Template><Name>Wraith Kingdom</Name><Displayed_Name>Wraith Kingdom</Displayed_Name><Spawning_Delays></Spawning_Delays></props></Wraith_Kingdom><City_of_Ancients><params><Glory_Reward>25</Glory_Reward><Xp_Reward>150</Xp_Reward><Gold_Reward>100</Gold_Reward><Power_Level>3</Power_Level></params><props><Image>mini\dungeon\underground\dungeon3.jpg</Image><Lore>A perfectly likely place to start on the search, this tower is almost certain to have some clues about the Artifacts' present or past. </Lore><Dungeon_Map_Modifier>Ruins</Dungeon_Map_Modifier><Encounters>Mechanicum Titan;Derelict Machinery;Arcane Guardians;Elementals;Bone Dragon;</Encounters><Dungeon_Level>Two</Dungeon_Level><Alt_Encounters>Naga;Troll;Unchained Wyvern;Dungeon Monsters;Spider Lords;Chosen of Arachnia;Dungeon Terrors</Alt_Encounters><Dungeon_Group>Misc</Dungeon_Group><Dungeon_Type>Boss</Dungeon_Type><Type>dungeons</Type><Arcade_Region>Dusk Dale</Arcade_Region><Dev_Notes>Fanatics;Crusaders;Defender of Light;</Dev_Notes><Workspace_Group>Focus</Workspace_Group><Version>0.1002b</Version><Description>Standing aloof at the feet of the Pale Mountains, this tower is rumored to have appear out of nothing overnight and now house a powerful sorceror or sorceress... There is an aura of unnatural cold and stillness, eerie even by Dusk Dale standards. </Description><Map_Background>big\dungeons\forgotten city.jpg</Map_Background><Color_Theme>blue</Color_Theme><Map_Objects></Map_Objects><Map_Preset_Objects>Marble Column(4-0);Marble Column(4-5);</Map_Preset_Objects><Group>Arcade</Group><Dungeon_Map_Template></Dungeon_Map_Template><Name>City of Ancients</Name><Displayed_Name>City of Ancients</Displayed_Name><Spawning_Delays></Spawning_Delays></props></City_of_Ancients><Castle_Black><params><Glory_Reward>25</Glory_Reward><Xp_Reward>150</Xp_Reward><Gold_Reward>100</Gold_Reward><Power_Level>3</Power_Level></params><props><Image>mini\dungeon\human\castle.jpg</Image><Lore>A perfectly likely place to start on the search, this tower is almost certain to have some clues about the Artifacts' present or past. </Lore><Dungeon_Map_Modifier>Ruins</Dungeon_Map_Modifier><Encounters>Robber Band;Apostates;Death Adepts;Anti-Paladin;Dark Apostates;Bandit Lord;Killer Crew;</Encounters><Dungeon_Level>Two</Dungeon_Level><Alt_Encounters>Hungry Dead;Lich;Werewolf;Vampire Lord;Death Lord;Vampires;Blood Thralls;Wraiths;Night Terrors;</Alt_Encounters><Dungeon_Group>Misc</Dungeon_Group><Dungeon_Type>Boss</Dungeon_Type><Type>dungeons</Type><Arcade_Region>Dusk Dale</Arcade_Region><Dev_Notes>Fanatics;Crusaders;Defender of Light;</Dev_Notes><Workspace_Group>Focus</Workspace_Group><Version>0.05</Version><Description>Standing aloof at the feet of the Pale Mountains, this tower is rumored to have appear out of nothing overnight and now house a powerful sorceror or sorceress... There is an aura of unnatural cold and stillness, eerie even by Dusk Dale standards. </Description><Map_Background>big\dungeons\dark castle.jpg</Map_Background><Color_Theme>blue</Color_Theme><Map_Objects></Map_Objects><Map_Preset_Objects>Marble Column(4-0);Marble Column(4-5);</Map_Preset_Objects><Group>Arcade</Group><Dungeon_Map_Template></Dungeon_Map_Template><Name>Castle Black</Name><Displayed_Name>Castle Black</Displayed_Name><Spawning_Delays></Spawning_Delays></props></Castle_Black><Jotunheim><params><Glory_Reward>25</Glory_Reward><Xp_Reward>150</Xp_Reward><Gold_Reward>100</Gold_Reward><Power_Level>3</Power_Level></params><props><Image>mini\dungeon\misc\Ancient Ruin.jpg</Image><Lore>A perfectly likely place to start on the search, this tower is almost certain to have some clues about the Artifacts' present or past. </Lore><Dungeon_Map_Modifier>Ruins</Dungeon_Map_Modifier><Encounters>Hill Giants;Mountain Giants;Storm Giant;Frost Giant;</Encounters><Dungeon_Level>Two</Dungeon_Level><Alt_Encounters>Hill Giants;Mountain Giants;Storm Giant;Dwarven Company;Exiled Thane;</Alt_Encounters><Dungeon_Group>Misc</Dungeon_Group><Dungeon_Type>Boss</Dungeon_Type><Type>dungeons</Type><Arcade_Region>Dusk Dale</Arcade_Region><Dev_Notes>Fanatics;Crusaders;Defender of Light;</Dev_Notes><Workspace_Group>Focus</Workspace_Group><Version>0.1002b</Version><Description>Standing aloof at the feet of the Pale Mountains, this tower is rumored to have appear out of nothing overnight and now house a powerful sorceror or sorceress... There is an aura of unnatural cold and stillness, eerie even by Dusk Dale standards. </Description><Map_Background>big\dungeons\ruins.jpg</Map_Background><Color_Theme>light</Color_Theme><Map_Objects></Map_Objects><Map_Preset_Objects>Marble Column(3-0);Ruined Gateway(4-0);Marble Column(5-0);</Map_Preset_Objects><Group>Arcade</Group><Dungeon_Map_Template></Dungeon_Map_Template><Name>Jotunheim</Name><Displayed_Name>Jotunheim</Displayed_Name><Spawning_Delays></Spawning_Delays></props></Jotunheim><Crystal_Cavern><params><Glory_Reward>25</Glory_Reward><Xp_Reward>150</Xp_Reward><Gold_Reward>100</Gold_Reward><Power_Level>1</Power_Level></params><props><Image>mini\dungeon\underground\Crystal_Cave.jpg</Image><Lore>Although it is highly unlikely that there are clues about the Artifacts in a place like this, acquiring shards of a pure Aspect Crystal may be very useful - either as a prize to sell for information, or a source of magical power to aid the quest. </Lore><Dungeon_Map_Modifier> Cavern</Dungeon_Map_Modifier><Encounters>Colony Brood;Colony Warriors;Colony Queen;</Encounters><Dungeon_Level>Two</Dungeon_Level><Alt_Encounters>Spider Brood;Spider Lords;Chosen of Arachnia;</Alt_Encounters><Dungeon_Group>Undead</Dungeon_Group><Dungeon_Type>Underground</Dungeon_Type><Type>dungeons</Type><Arcade_Region>Dusk Dale</Arcade_Region><Workspace_Group>Focus</Workspace_Group><Version>0.05</Version><Description>Infested by some manner of insectoids, if rumors are to be believed, this cave radiates strange energy and emanates light that is probably not coming from any purely natural source... </Description><Map_Background>big\dungeons\cave2.jpg</Map_Background><Color_Theme>yellow</Color_Theme><Group>Arcade</Group><Dungeon_Map_Template>Dungeon</Dungeon_Map_Template><Name>Crystal Cavern</Name><Displayed_Name>Crystal Cavern</Displayed_Name></props></Crystal_Cavern><Academy_Vaults><params><Glory_Reward>25</Glory_Reward><Xp_Reward>150</Xp_Reward><Gold_Reward>100</Gold_Reward><Turns_In_Game>0</Turns_In_Game><Loot_Value>0</Loot_Value><Power_Level>0</Power_Level></params><props><Image>mini\dungeon\new4\arcane library2.jpg</Image><Encounters>Hungry Dead;Blood Thralls;Vampires;Vampire Lord;</Encounters><Dungeon_Level>One</Dungeon_Level><Alt_Encounters>Plague Bearers;Plague Servants;Corpseborn;Undead Monstrocity;</Alt_Encounters><Dungeon_Group>Undead</Dungeon_Group><Dungeon_Type>Average</Dungeon_Type><Type>dungeons</Type><Arcade_Region>Dusk Dale</Arcade_Region><Workspace_Group>Focus</Workspace_Group><Version>0.05</Version><Description>[Quest] This may once have been a well-off farm, but no more. Dangers aside, the [faction] want this place cleared out and you could certainly use their support. </Description><Map_Background>big\New2\monument .jpg</Map_Background><Color_Theme></Color_Theme><Group>Arcade</Group><Name>Academy Vaults</Name><Dungeon_Map_Template>Wooden Interior</Dungeon_Map_Template><Displayed_Name>Academy Vaults</Displayed_Name></props></Academy_Vaults><Shadow_Keep><params><Glory_Reward>25</Glory_Reward><Xp_Reward>150</Xp_Reward><Gold_Reward>100</Gold_Reward><Turns_In_Game>0</Turns_In_Game><Loot_Value>0</Loot_Value><Power_Level>0</Power_Level></params><props><Image>mini\dungeon\new5\shadow keep.jpg</Image><Encounters>Hungry Dead;Blood Thralls;Vampires;Vampire Lord;</Encounters><Dungeon_Level>One</Dungeon_Level><Alt_Encounters>Plague Bearers;Plague Servants;Corpseborn;Undead Monstrocity;</Alt_Encounters><Dungeon_Group>Undead</Dungeon_Group><Dungeon_Type>Average</Dungeon_Type><Type>dungeons</Type><Arcade_Region>Dusk Dale</Arcade_Region><Workspace_Group>Focus</Workspace_Group><Version>0.05</Version><Description>[Quest] This may once have been a well-off farm, but no more. Dangers aside, the [faction] want this place cleared out and you could certainly use their support. </Description><Map_Background>big\New2\twilight.jpg</Map_Background><Color_Theme>blue</Color_Theme><Group>Arcade</Group><Name>Shadow Keep</Name><Dungeon_Map_Template>Hall Dark</Dungeon_Map_Template><Displayed_Name>Shadow Keep</Displayed_Name></props></Shadow_Keep></Dusk_Dale><Blightstone_Desert><Titan_Temple><params><Glory_Reward>25</Glory_Reward><Xp_Reward>150</Xp_Reward><Gold_Reward>100</Gold_Reward></params><props><Image>mini\dungeon\misc\temple.jpg</Image><Type>dungeons</Type><Arcade_Region>Blightstone Desert</Arcade_Region><Version>0.05</Version><Dungeon_Level>Four</Dungeon_Level><Map_Background>big\dungeons\undercity.jpg</Map_Background><Group>Arcade</Group><Dungeon_Group>Undead</Dungeon_Group><Name>Titan Temple</Name><Dungeon_Type>Average</Dungeon_Type></props></Titan_Temple><Sanctuary><params><Glory_Reward>25</Glory_Reward><Xp_Reward>150</Xp_Reward><Gold_Reward>100</Gold_Reward></params><props><Image>mini\dungeon\underground\hall.jpg</Image><Type>dungeons</Type><Arcade_Region>Blightstone Desert</Arcade_Region><Version>0.05</Version><Dungeon_Level>Five</Dungeon_Level><Map_Background>big\dungeons\new dungeon3.jpg</Map_Background><Group>Arcade</Group><Dungeon_Group>Undead</Dungeon_Group><Name>Sanctuary</Name><Dungeon_Type>Average</Dungeon_Type></props></Sanctuary><Undercity><params><Glory_Reward>25</Glory_Reward><Xp_Reward>150</Xp_Reward><Gold_Reward>100</Gold_Reward></params><props><Image>mini\dungeon\undead\death gate.jpg</Image><Type>dungeons</Type><Arcade_Region>Blightstone Desert</Arcade_Region><Version>0.05</Version><Dungeon_Level>Five</Dungeon_Level><Map_Background>big\dungeons\dead city.jpg</Map_Background><Group>Arcade</Group><Dungeon_Group>Undead</Dungeon_Group><Name>Undercity</Name><Dungeon_Type>Average</Dungeon_Type></props></Undercity><Necropolis><params><Glory_Reward>25</Glory_Reward><Xp_Reward>150</Xp_Reward><Gold_Reward>100</Gold_Reward></params><props><Image>mini\dungeon\undead\City of the Dead.jpg</Image><Type>dungeons</Type><Arcade_Region>Blightstone Desert</Arcade_Region><Dungeon_Level>Five</Dungeon_Level><Map_Background>big\dungeons\labyrinth.jpg</Map_Background><Dungeon_Group>Undead</Dungeon_Group><Name>Necropolis</Name><Dungeon_Type>Average</Dungeon_Type></props></Necropolis><Crystal_Chamber><params><Glory_Reward>25</Glory_Reward><Xp_Reward>150</Xp_Reward><Gold_Reward>100</Gold_Reward></params><props><Image>mini\dungeon\underground\treasure room.jpg</Image><Type>dungeons</Type><Arcade_Region>Blightstone Desert</Arcade_Region><Version>0.05</Version><Dungeon_Level>Five</Dungeon_Level><Map_Background>big\dungeons\cave.jpg</Map_Background><Group>Arcade</Group><Dungeon_Group>Undead</Dungeon_Group><Name>Crystal Chamber</Name><Dungeon_Type>Average</Dungeon_Type></props></Crystal_Chamber><Mausoleum><params><Glory_Reward>25</Glory_Reward><Xp_Reward>150</Xp_Reward><Gold_Reward>100</Gold_Reward></params><props><Image>mini\dungeon\undead\Lich Palace.jpg</Image><Type>dungeons</Type><Arcade_Region>Blightstone Desert</Arcade_Region><Version>0.05</Version><Dungeon_Level>Five</Dungeon_Level><Map_Background>big\dungeons\labyrinth.jpg</Map_Background><Dungeon_Group>Undead</Dungeon_Group><Name>Mausoleum</Name><Displayed_Name>Mausoleum</Displayed_Name><Dungeon_Type>Average</Dungeon_Type></props></Mausoleum></Blightstone_Desert><Wraith_Marshes><Ancient_Crypt><params><Glory_Reward>25</Glory_Reward><Xp_Reward>150</Xp_Reward><Gold_Reward>100</Gold_Reward></params><props><Image>mini\dungeon\undead\ancient crypts.jpg</Image><Type>dungeons</Type><Arcade_Region>Wraith Marshes</Arcade_Region><Version>0.05</Version><Dungeon_Level>Three</Dungeon_Level><Map_Background>big\new dungeons\crypt.jpg</Map_Background><Group>Arcade</Group><Dungeon_Group>Undead</Dungeon_Group><Name>Ancient Crypt</Name><Dungeon_Type>Average</Dungeon_Type></props></Ancient_Crypt><Forsaken_Castle><params><Glory_Reward>25</Glory_Reward><Xp_Reward>150</Xp_Reward><Gold_Reward>100</Gold_Reward></params><props><Image>mini\dungeon\human\Von Finsterheim Castle.jpg</Image><Type>dungeons</Type><Arcade_Region>Wraith Marshes</Arcade_Region><Version>0.05</Version><Dungeon_Level>Three</Dungeon_Level><Map_Background>big\new dungeons\dark castle.jpg</Map_Background><Dungeon_Group>Undead</Dungeon_Group><Name>Forsaken Castle</Name><Dungeon_Type>Average</Dungeon_Type></props></Forsaken_Castle><Defiled_Crypt><params><Glory_Reward>25</Glory_Reward><Xp_Reward>150</Xp_Reward><Gold_Reward>100</Gold_Reward></params><props><Image>mini\dungeon\misc\ruins.jpg</Image><Type>dungeons</Type><Arcade_Region>Wraith Marshes</Arcade_Region><Version>0.05</Version><Dungeon_Level>Three</Dungeon_Level><Map_Background>big\new dungeons\crypt.jpg</Map_Background><Group>Arcade</Group><Dungeon_Group>Undead</Dungeon_Group><Name>Defiled Crypt</Name><Dungeon_Type>Average</Dungeon_Type></props></Defiled_Crypt><Enchanted_Glade><params><Glory_Reward>25</Glory_Reward><Xp_Reward>150</Xp_Reward><Gold_Reward>100</Gold_Reward></params><props><Image>mini\dungeon\underground\cave.jpg</Image><Type>dungeons</Type><Arcade_Region>Wraith Marshes</Arcade_Region><Version>0.05</Version><Dungeon_Level>Three</Dungeon_Level><Map_Background>big\dungeons\cave.jpg</Map_Background><Dungeon_Group>Undead</Dungeon_Group><Name>Enchanted Glade</Name><Dungeon_Type>Average</Dungeon_Type></props></Enchanted_Glade><Haunted_Mansion><params><Glory_Reward>25</Glory_Reward><Xp_Reward>150</Xp_Reward><Gold_Reward>100</Gold_Reward></params><props><Image>mini\dungeon\undead\Dark Mansion.jpg</Image><Type>dungeons</Type><Arcade_Region>Wraith Marshes</Arcade_Region><Dungeon_Level>Two</Dungeon_Level><Map_Background>big\dungeons\mansion.jpg</Map_Background><Group>Arcade</Group><Dungeon_Group>Undead</Dungeon_Group><Name>Haunted Mansion</Name><Dungeon_Type>Average</Dungeon_Type></props></Haunted_Mansion><Drowned_Crypt><params><Glory_Reward>25</Glory_Reward><Xp_Reward>150</Xp_Reward><Gold_Reward>100</Gold_Reward></params><props><Image>mini\dungeon\undead\catacombs.jpg</Image><Type>dungeons</Type><Arcade_Region>Wraith Marshes</Arcade_Region><Version>0.05</Version><Dungeon_Level>Two</Dungeon_Level><Map_Background>big\new dungeons\crypt.jpg</Map_Background><Group>Arcade</Group><Dungeon_Group>Undead</Dungeon_Group><Name>Drowned Crypt</Name><Dungeon_Type>Average</Dungeon_Type></props></Drowned_Crypt><Library><params><Glory_Reward>25</Glory_Reward><Xp_Reward>150</Xp_Reward><Gold_Reward>100</Gold_Reward></params><props><Image>mini\dungeon\library.jpg</Image><Type>dungeons</Type><Arcade_Region>Wraith Marshes</Arcade_Region><Version>0.05</Version><Dungeon_Level>Three</Dungeon_Level><Map_Background>big\new dungeons\dark castle.jpg</Map_Background><Dungeon_Group>Undead</Dungeon_Group><Name>Library</Name><Displayed_Name>Library</Displayed_Name><Dungeon_Type>Average</Dungeon_Type></props></Library></Wraith_Marshes><Greyleaf_Woods><Ancient_Tomb><params><Glory_Reward>25</Glory_Reward><Xp_Reward>150</Xp_Reward><Gold_Reward>100</Gold_Reward></params><props><Image>mini\dungeon\undead\crypt.jpg</Image><Type>dungeons</Type><Arcade_Region>Greyleaf Woods</Arcade_Region><Workspace_Group>Design</Workspace_Group><Dungeon_Level>Two</Dungeon_Level><Map_Background>big\dungeons\mansion.jpg</Map_Background><Dungeon_Group>Undead</Dungeon_Group><Name>Ancient Tomb</Name><Dungeon_Type>Average</Dungeon_Type></props></Ancient_Tomb><Ruined_Fort><params><Glory_Reward>25</Glory_Reward><Xp_Reward>150</Xp_Reward><Gold_Reward>100</Gold_Reward></params><props><Image>mini\dungeon\misc\ruins2.jpg</Image><Type>dungeons</Type><Arcade_Region>Greyleaf Woods</Arcade_Region><Lore>Despite its crudeness, this fort has withstood the test of time better than most structures in the region</Lore><Description>[faction leader] has indicated this to be the likeliest place to search for [party].</Description><Dungeon_Level>Two</Dungeon_Level><Map_Background>big\dungeons\mansion.jpg</Map_Background><Group>Arcade</Group><Dungeon_Group>Undead</Dungeon_Group><Name>Ruined Fort</Name><Dungeon_Type>Average</Dungeon_Type></props></Ruined_Fort><Cavern><params><Glory_Reward>25</Glory_Reward><Xp_Reward>150</Xp_Reward><Gold_Reward>100</Gold_Reward><Power_Level>1</Power_Level></params><props><Image>mini\dungeon\underground\dungeon2.jpg</Image><Encounters>Dungeon Monsters;Dungeon Terrors;Ancient Beast;</Encounters><Dungeon_Level>One</Dungeon_Level><Alt_Encounters>Chaos Apostates;Demon Worshippers;Chaos Minions;Chaos Legion;Abyssal Fiend;Demon Lord;</Alt_Encounters><Dungeon_Group>Undead</Dungeon_Group><Power_Encounters>Chaos Minions;Chaos Legion;Abyssal Fiend;Demon Lord;</Power_Encounters><Dungeon_Type>Average</Dungeon_Type><Type>dungeons</Type><Arcade_Region>Greyleaf Woods</Arcade_Region><Workspace_Group>Focus</Workspace_Group><Map_Background>big\dungeons\dungeon2.jpg</Map_Background><Group>Arcade</Group><Name>Cavern</Name></props></Cavern><Forlorn_Ruins><params><Glory_Reward>25</Glory_Reward><Xp_Reward>150</Xp_Reward><Gold_Reward>100</Gold_Reward><Power_Level>1</Power_Level></params><props><Image>mini\dungeon\human\hidden camp.jpg</Image><Type>dungeons</Type><Arcade_Region>Greyleaf Woods</Arcade_Region><Lore>Your information indicates that some of the Scrolls may be hidden in a place that resembles what these ruins might have once looked like. </Lore><Encounters>Wolf Pack;Warg Pack;Feline Predators;Angered Grizzly;</Encounters><Dungeon_Level>One</Dungeon_Level><Map_Background>big\dungeons\ruins.jpg</Map_Background><Alt_Encounters>Robber Band</Alt_Encounters><Group>Arcade</Group><Dungeon_Group>Human</Dungeon_Group><Name>Forlorn Ruins</Name><Dungeon_Type>Average</Dungeon_Type></props></Forlorn_Ruins><Labyrinth><params><Glory_Reward>25</Glory_Reward><Xp_Reward>150</Xp_Reward><Gold_Reward>100</Gold_Reward><Power_Level>1</Power_Level></params><props><Image>mini\dungeon\underground\dungeon2.jpg</Image><Type>dungeons</Type><Arcade_Region>Greyleaf Woods</Arcade_Region><Encounters>Dungeon Monsters;Dungeon Horrors;Ancient Beast;</Encounters><Dungeon_Level>One</Dungeon_Level><Map_Background>big\dungeons\dungeon2.jpg</Map_Background><Alt_Encounters>Colony Brood;Colony Warriors;Colony Queen;</Alt_Encounters><Group>Arcade</Group><Dungeon_Group>Undead</Dungeon_Group><Name>Labyrinth</Name><Dungeon_Type>Average</Dungeon_Type></props></Labyrinth></Greyleaf_Woods></XML>