<XML><Regular><Undead_Minions><params></params><props><Workspace_Group>Polish</Workspace_Group><Extended_Preset_Group>Skeleton Warrior;Skeleton Archer;Skeleton Archer;Zombie;Skeleton Warrior;</Extended_Preset_Group><Version>0.1002b</Version><Shrunk_Preset_Group>Skeleton Archer;Zombie;Skeleton;</Shrunk_Preset_Group><Boss_Type>Skeleton Warrior</Boss_Type><Encounter_Group>Undead</Encounter_Group><Growth_Priorities>Extend;Level;Group;Fill;Level;</Growth_Priorities><Type>encounters</Type><Encounter_Type>Regular</Encounter_Type><Preset_Group>Skeleton Archer;Skeleton Warrior;Zombie;Skeleton;Skeleton;</Preset_Group><Group>Playable</Group><Image>mini\unit\Death\Necropolis.jpg</Image><Name>Undead Minions</Name><Filler_Types>Skeleton Archer;Zombie;Skeleton;</Filler_Types></props></Undead_Minions><Lesser_Demons><params></params><props><Workspace_Group>Polish</Workspace_Group><Extended_Preset_Group>Demon Brute;Imp;Imp;Imp;Hellguard;</Extended_Preset_Group><Shrunk_Preset_Group>Hellguard;Imp;Familiar;</Shrunk_Preset_Group><Boss_Type>Imp</Boss_Type><Encounter_Group>Demons</Encounter_Group><Growth_Priorities>Level;Level;Fill;Fill;Extend;</Growth_Priorities><Type>encounters</Type><Encounter_Type>Regular</Encounter_Type><Preset_Group>Demon Brute;Imp;Hellguard;Familiar;</Preset_Group><Group>Playable</Group><Image>mini\unit\Chaos\Familiar.jpg</Image><Name>Lesser Demons</Name><Filler_Types>Familiar;Hellguard;Imp;</Filler_Types></props></Lesser_Demons><Dungeon_Monsters><params></params><props><Extended_Preset_Group>Harpy;Guardian of the Underworld;Evil Eye;Minotaur;Harpy;</Extended_Preset_Group><Growth_Priorities>Extend;Level;Group;Fill;Level;Group;</Growth_Priorities><Encounter_Type>Regular</Encounter_Type><Type>encounters</Type><Shrunk_Preset_Group>Evil Eye;Troglodyte;Harpy;Troglodyte</Shrunk_Preset_Group><Preset_Group>Evil Eye;Troglodyte;Minotaur;Troglodyte;Harpy</Preset_Group><Group>Playable</Group><Boss_Type>Evil Eye</Boss_Type><Image>mini\unit\Darkness\Evil Eye.jpg</Image><Encounter_Group>Dungeon</Encounter_Group><Filler_Types>Troglodyte;Harpy;Minotaur</Filler_Types><Name>Dungeon Monsters</Name></props></Dungeon_Monsters><Dungeon_Critters><params></params><props><Extended_Preset_Group>Deadly Spider;Deadly Spider;Deadly Spider;Stag Beetle;Rhino Beetle</Extended_Preset_Group><Growth_Priorities>Level;Group;Level;Extend;Group;Fill;</Growth_Priorities><Encounter_Type>Regular</Encounter_Type><Type>encounters</Type><Shrunk_Preset_Group>Spiderling;Stag Beetle;Rhino Beetle</Shrunk_Preset_Group><Preset_Group>Deadly Spider;Spiderling;Spiderling;Stag Beetle;Rhino Beetle;</Preset_Group><Group>Playable</Group><Boss_Type>Deadly Spider</Boss_Type><Image>mini\unit\Arcanum\familiar\beetle.jpg</Image><Encounter_Group>Dungeon</Encounter_Group><Filler_Types>Spiderling;Stag Beetle;Rhino Beetle</Filler_Types><Name>Dungeon Critters</Name></props></Dungeon_Critters><Derelict_Machinery><params><Spawning_Delay_Bonus>-2</Spawning_Delay_Bonus></params><props><Extended_Preset_Group>Steel Golem;Ancient Automata;Ancient Automata</Extended_Preset_Group><Growth_Priorities>Extend;Level;Fill;Level;Group;</Growth_Priorities><Version>0.1003b</Version><Encounter_Type>Regular</Encounter_Type><Type>encounters</Type><Shrunk_Preset_Group>Iron Golem;Iron Golem;</Shrunk_Preset_Group><Preset_Group>Steel Golem;Iron Golem;</Preset_Group><Group>Playable</Group><Image>mini\unit\Arcanum\Mechanicum Titan.jpg</Image><Encounter_Group>Arcane</Encounter_Group><Filler_Types>Iron Golem;</Filler_Types><Name>Derelict Machinery</Name></props></Derelict_Machinery><Wolf_Pack><params><Spawning_Delay_Bonus>-1</Spawning_Delay_Bonus></params><props><Workspace_Group>Polish</Workspace_Group><Extended_Preset_Group>Werewolf;Shadow Wolf;Shadow Wolf;Black Wolf;Black Wolf;</Extended_Preset_Group><Version>0.1002b</Version><Shrunk_Preset_Group>Black Wolf;Black Wolf;Black Wolf;Black Wolf;</Shrunk_Preset_Group><Boss_Type>Shadow Wolf</Boss_Type><Encounter_Group>Monsters</Encounter_Group><Growth_Priorities>Level;Group;Fill;Level;Group;Extend;</Growth_Priorities><Type>encounters</Type><Encounter_Type>Regular</Encounter_Type><Preset_Group>Shadow Wolf;Black Wolf;Black Wolf;Black Wolf;Black Wolf;</Preset_Group><Group>Playable</Group><Image>mini\unit\Darkness\Shadow Wolf.jpg</Image><Name>Wolf Pack</Name><Filler_Types>Black Wolf;</Filler_Types></props></Wolf_Pack><Mutant_Band><params></params><props><Extended_Preset_Group>Rabid Mutant;Rabid Mutant;Twisted Mutant;Twisted Mutant;Twisted Mutant;</Extended_Preset_Group><Growth_Priorities>Extend;Level;Group;Fill;Level;Group;</Growth_Priorities><Encounter_Type>Regular</Encounter_Type><Type>encounters</Type><Shrunk_Preset_Group>Twisted Mutant;Husk;Husk;Husk;Husk;</Shrunk_Preset_Group><Preset_Group>Rabid Mutant;Twisted Mutant;Twisted Mutant;</Preset_Group><Group>Playable</Group><Image>mini\unit\Arcanum\mutant4.jpg</Image><Encounter_Group>Misc</Encounter_Group><Filler_Types>Husk;Twisted Mutant;</Filler_Types><Name>Mutant Band</Name></props></Mutant_Band><Colony_Brood><params></params><props><Extended_Preset_Group>Colony Overseer;Colony Overseer;Colony Harvester;Colony Harvester;Colony Harvester;</Extended_Preset_Group><Growth_Priorities>Group;Group;Level;Fill;Extend;</Growth_Priorities><Encounter_Type>Regular</Encounter_Type><Type>encounters</Type><Shrunk_Preset_Group>Colony Harvester;Colony Drone;Colony Harvester;Colony Drone;</Shrunk_Preset_Group><Preset_Group>Colony Overseer;Colony Harvester;Colony Drone;Colony Harvester;Colony Drone;</Preset_Group><Group>Playable</Group><Boss_Type>Colony Overseer</Boss_Type><Image>mini\unit\Darkness\dungeon\drone2.jpg</Image><Encounter_Group>Dungeon</Encounter_Group><Filler_Types>Colony Drone;</Filler_Types><Name>Colony Brood</Name></props></Colony_Brood><Plague_Bearers><params></params><props><Extended_Preset_Group>Plague Zombie;Plague Zombie;Plague Zombie;Infested Husk;Infested Husk;</Extended_Preset_Group><Growth_Priorities>Level;Group;Fill;Level;Group;Extend;</Growth_Priorities><Version>0.1003</Version><Encounter_Type>Regular</Encounter_Type><Type>encounters</Type><Shrunk_Preset_Group>Plague Bearer;Infested Husk;Infested Husk;Plague Rat;Plague Rat</Shrunk_Preset_Group><Preset_Group>Plague Bearer;Plague Bearer;Plague Bearer;Infested Husk;Infested Husk;</Preset_Group><Group>Playable</Group><Image>mini\unit\Death\Plague Bearer.jpg</Image><Encounter_Group>Undead</Encounter_Group><Filler_Types>Plague Rat;Infested Husk;Plague Bearer;</Filler_Types><Name>Plague Bearers</Name></props></Plague_Bearers><Hungry_Dead><params></params><props><Extended_Preset_Group>Blood Revenant;Ghoul;Ghoul;Blood Ghast;Blood Ghast;</Extended_Preset_Group><Growth_Priorities>Extend;Level;Level;Group;Fill;</Growth_Priorities><Encounter_Type>Regular</Encounter_Type><Type>encounters</Type><Shrunk_Preset_Group>Blood Ghast;Ghast Zombie;Ghast Zombie;</Shrunk_Preset_Group><Preset_Group>Ghoul;Blood Ghast;Blood Ghast;Ghast Zombie;Ghast Zombie;</Preset_Group><Group>Playable</Group><Boss_Type>Skeleton Warrior</Boss_Type><Image>mini\unit\Death\Blood Revenant.jpg</Image><Encounter_Group>Undead</Encounter_Group><Filler_Types>Ghast Zombie;Blood Ghast;</Filler_Types><Name>Hungry Dead</Name></props></Hungry_Dead><Robber_Band><params><Spawning_Delay_Bonus>-1</Spawning_Delay_Bonus><Spawning_Delay_Mod>75</Spawning_Delay_Mod></params><props><Workspace_Group>Polish</Workspace_Group><Extended_Preset_Group>Cutthroat;Bandit Archer;Marauder;Thief;Thief;</Extended_Preset_Group><Version>0.1002b</Version><Shrunk_Preset_Group>Bandit Archer;Thief;Thief;</Shrunk_Preset_Group><Rank>Neophyte</Rank><Encounter_Group>Humans</Encounter_Group><Growth_Priorities>Extend;Level;Fill;Group;Level;Level;Group;</Growth_Priorities><Type>encounters</Type><Encounter_Type>Regular</Encounter_Type><Preset_Group>Bandit Archer;Apostate;Thief;Thief;Thug;</Preset_Group><Group>Playable</Group><Image>mini\unit\Neutral\Thief.jpg</Image><Name>Robber Band</Name><Filler_Types>Thief;</Filler_Types></props></Robber_Band><Knightly_Patrol><params></params><props><Extended_Preset_Group>Fallen Knight;Cutthroat;Thug;Marauder;Thief;</Extended_Preset_Group><Growth_Priorities>Level;Fill;Group;Level;Extend;Level;Group;</Growth_Priorities><Version>0.1002b</Version><Encounter_Type>Regular</Encounter_Type><Type>encounters</Type><Shrunk_Preset_Group>Thug;Thief;Thief;Thief;</Shrunk_Preset_Group><Preset_Group>Marauder;Thief;Thug;Thief;</Preset_Group><Group>z</Group><Image>mini\unit\Neutral\Templar.jpg</Image><Encounter_Group>Misc</Encounter_Group><Filler_Types>Thief;</Filler_Types><Name>Knightly Patrol</Name></props></Knightly_Patrol><Apostates><params><Spawning_Delay_Bonus>-1</Spawning_Delay_Bonus></params><props><Workspace_Group>Polish</Workspace_Group><Extended_Preset_Group>Adept;Apostate;Apostate;</Extended_Preset_Group><Version>0.1002b</Version><Shrunk_Preset_Group>Apostate;Apostate;</Shrunk_Preset_Group><Encounter_Group>Humans</Encounter_Group><Growth_Priorities>Level;Level;Extend;Fill;</Growth_Priorities><Type>encounters</Type><Encounter_Type>Regular</Encounter_Type><Preset_Group>Apostate;Apostate;Apostate;</Preset_Group><Group>Playable</Group><Image>mini\char\Arcanum\Impress.jpg</Image><Name>Apostates</Name><Filler_Types>Apostate;</Filler_Types></props></Apostates><Chaos_Apostates><params><Spawning_Delay_Bonus>-1</Spawning_Delay_Bonus></params><props><Workspace_Group>Polish</Workspace_Group><Extended_Preset_Group>Chaos Cultist;Chaos Apostate;Demon Worshipper;Possessed;Possessed;</Extended_Preset_Group><Version>0.1003</Version><Shrunk_Preset_Group>Chaos Apostate;Chaos Apostate;Possessed;</Shrunk_Preset_Group><Encounter_Group>Humans</Encounter_Group><Growth_Priorities>Extend;Level;Level;Fill;</Growth_Priorities><Type>encounters</Type><Encounter_Type>Regular</Encounter_Type><Preset_Group>Chaos Apostate;Chaos Apostate;Demon Worshipper;Possessed;</Preset_Group><Group>xPlayable</Group><Image>mini\char\Chaos\Chaos Adept.jpg</Image><Name>Chaos Apostates</Name><Filler_Types>Chaos Apostate;</Filler_Types></props></Chaos_Apostates><Demon_Worshippers><params><Spawning_Delay_Bonus>-1</Spawning_Delay_Bonus></params><props><Workspace_Group>Polish</Workspace_Group><Extended_Preset_Group>Demon Caller;Chaos Apostate;Demon Worshipper;Hellguard;Demon Brute;</Extended_Preset_Group><Version>0.1003b</Version><Shrunk_Preset_Group>Demon Worshipper;Demon Worshipper;Familiar;Imp;</Shrunk_Preset_Group><Encounter_Group>Humans</Encounter_Group><Growth_Priorities>Level;Level;Fill;Extend;</Growth_Priorities><Type>encounters</Type><Encounter_Type>Regular</Encounter_Type><Preset_Group>Demon Worshipper;Demon Worshipper;Demon Worshipper;Hellguard;Imp;</Preset_Group><Group>Playable</Group><Image>mini\char\Chaos\Chaos Adept2.jpg</Image><Name>Demon Worshippers</Name><Filler_Types>Demon Worshipper</Filler_Types></props></Demon_Worshippers><Undead_Beasts><params></params><props><Extended_Preset_Group>Vampire Beast;Wraith Beast;Wraith Beast;Undead Beast;Undead Beast;</Extended_Preset_Group><Growth_Priorities>Extend;Level;Level;Group;Fill;Level;</Growth_Priorities><Encounter_Type>Regular</Encounter_Type><Type>encounters</Type><Shrunk_Preset_Group>Zombie Beast;Skeletal Beast;Skeletal Beast;</Shrunk_Preset_Group><Preset_Group>Undead Beast;Skeletal Beast;Zombie Beast;</Preset_Group><Group>Playable</Group><Image>mini\unit\Death\Undead Wulfen.jpg</Image><Encounter_Group>Undead</Encounter_Group><Filler_Types>Skeletal Beast</Filler_Types><Name>Undead Beasts</Name></props></Undead_Beasts><Death_Worshippers><params><Turns_In_Game>0</Turns_In_Game><Group_Number>0</Group_Number><Max_Group_Number>0</Max_Group_Number><Min_Group_Number>0</Min_Group_Number><Power_Level>0</Power_Level><Unit_Number>0</Unit_Number><Max_Unit_Per_Group>0</Max_Unit_Per_Group><Spawning_Delay_Bonus>-1</Spawning_Delay_Bonus></params><props><Workspace_Group>Polish</Workspace_Group><Extended_Preset_Group>Death Worshipper;Death Worshipper;Ghoul;Skeletal Beast;</Extended_Preset_Group><Version>0.1003b</Version><Shrunk_Preset_Group>Death Worshipper;Skeleton;</Shrunk_Preset_Group><Encounter_Group>Humans</Encounter_Group><Growth_Priorities>Extend;Fill;Fill;Level;Level;Level;Level;</Growth_Priorities><Type>encounters</Type><Encounter_Type>Regular</Encounter_Type><Preset_Group>Death Worshipper;Death Worshipper;Skeleton;</Preset_Group><Group>Playable</Group><Image>mini\char\Death\Death Adept5.jpg</Image><Name>Death Worshippers</Name><Filler_Types>Death Worshipper(5);Skeleton(5); Zombie(5); Plague Servant(5); Bloodmage Apprentice(5); Wraith Whisperer(5);</Filler_Types></props></Death_Worshippers><Discarded_and_Orphaned_Familiars><params><Turns_In_Game>0</Turns_In_Game><Group_Number>0</Group_Number><Max_Group_Number>0</Max_Group_Number><Min_Group_Number>0</Min_Group_Number><Power_Level>0</Power_Level><Unit_Number>0</Unit_Number><Max_Unit_Per_Group>0</Max_Unit_Per_Group></params><props><Extended_Preset_Group>Drake;Basilisk;Deadly Spider;Evil Eye;Trickster Raven</Extended_Preset_Group><Growth_Priorities>Level;Group;Fill;Level;Group;Extend;</Growth_Priorities><Encounter_Type>Regular</Encounter_Type><Type>encounters</Type><Shrunk_Preset_Group>Drakeling;Stag Beetle;Horseshoe Crab;</Shrunk_Preset_Group><Preset_Group>Drakeling;Stag Beetle;Rhino Beetle;Eldritch Strix;Horseshoe Crab;Trickster Raven</Preset_Group><Group>Playable</Group><Boss_Type>Deadly Spider</Boss_Type><Image>mini\unit\Arcanum\familiar\drakeling.jpg</Image><Encounter_Group>Dungeon</Encounter_Group><Filler_Types>Trickster Raven;Night Bat;Stag Beetle;Rhino Beetle</Filler_Types><Name>Discarded and Orphaned Familiars</Name></props></Discarded_and_Orphaned_Familiars><Sky_Minions><params><Spawning_Delay_Bonus>-1</Spawning_Delay_Bonus></params><props><Extended_Preset_Group>Aeri;Rox;Rox;Grey Eagle;Sky Lion;</Extended_Preset_Group><Version>0.1002b</Version><Shrunk_Preset_Group>Sky Lion;Grey Eagle;</Shrunk_Preset_Group><Boss_Type>Sky Lord</Boss_Type><Encounter_Group>Light</Encounter_Group><Growth_Priorities>Level;Fill;Extend;Group;</Growth_Priorities><Type>encounters</Type><Encounter_Type>Regular</Encounter_Type><Preset_Group>Rox;Sky Lion;Grey Eagle;</Preset_Group><Group>Playable</Group><Image>mini\unit\Light\Rox.jpg</Image><Name>Sky Minions</Name><Filler_Types>Grey Eagle;</Filler_Types></props></Sky_Minions><Goblins><params><Spawning_Delay_Bonus>-1</Spawning_Delay_Bonus></params><props><Workspace_Group>Focus</Workspace_Group><Extended_Preset_Group>Goblin Skirmisher;Goblin Ambusher;Goblin Ambusher;Goblin Watchman;Goblin Poacher;</Extended_Preset_Group><Version>0.1002b</Version><Shrunk_Preset_Group>Goblin Ambusher;Goblin Poacher;Goblin Poacher;</Shrunk_Preset_Group><Boss_Type>Orc Ravager</Boss_Type><Encounter_Group>Misc</Encounter_Group><Growth_Priorities>Extend;Level;Group;Level;Fill;Fill;Group;Extend;</Growth_Priorities><Type>encounters</Type><Encounter_Type>Regular</Encounter_Type><Preset_Group>Goblin Ambusher;Goblin Watchman;Goblin Poacher;Goblin Poacher;Goblin Poacher;</Preset_Group><Group>Playable</Group><Image>mini\char\std\orc\goplen2.jpg</Image><Name>Goblins</Name><Filler_Types>Goblin Poacher;Goblin Ambusher;Goblin Watchman;</Filler_Types></props></Goblins><Wisps><params></params><props><Extended_Preset_Group>Ghost;Lucent Wisp;Will-o-Wisp;</Extended_Preset_Group><Growth_Priorities>Level;Fill;Extend;Group;</Growth_Priorities><Encounter_Type>Regular</Encounter_Type><Type>encounters</Type><Shrunk_Preset_Group>Lucent Wisp;Will-o-Wisp;Lucent Wisp</Shrunk_Preset_Group><Preset_Group>Lucent Wisp;Will-o-Wisp;Lucent Wisp;Will-o-Wisp;Lucent Wisp</Preset_Group><Group>Playable</Group><Image>mini\unit\Light\Wisp2.jpg</Image><Encounter_Group>Light</Encounter_Group><Filler_Types>Will-o-Wisp;Lucent Wisp</Filler_Types><Name>Wisps</Name></props></Wisps><Spider_Brood><params><Spawning_Delay_Mod>75</Spawning_Delay_Mod><Spawning_Delay_Bonus>-2</Spawning_Delay_Bonus></params><props><Extended_Preset_Group>Spiderite;Spiderite;Deadly Spider;Deadly Spider;Spiderling;</Extended_Preset_Group><Growth_Priorities>Extend;Fill;Fill;Level;Group;Level;Level;Fill;</Growth_Priorities><Version>0.1003b</Version><Encounter_Type>Regular</Encounter_Type><Type>encounters</Type><Shrunk_Preset_Group>Spiderling;Spiderling;Spiderling;</Shrunk_Preset_Group><Preset_Group>Deadly Spider;Spiderite;Spiderling;Spiderling;Spiderling;</Preset_Group><Group>Playable</Group><Image>mini\unit\Death\Deadly Spider.jpg</Image><Encounter_Group>Dungeon</Encounter_Group><Filler_Types>Spiderling;Deadly Spider</Filler_Types><Name>Spider Brood</Name></props></Spider_Brood><Plague_Servants><params><Turns_In_Game>0</Turns_In_Game><Group_Number>0</Group_Number><Max_Group_Number>0</Max_Group_Number><Min_Group_Number>0</Min_Group_Number><Power_Level>0</Power_Level><Unit_Number>0</Unit_Number><Max_Unit_Per_Group>0</Max_Unit_Per_Group><Spawning_Delay_Bonus>-1</Spawning_Delay_Bonus></params><props><Workspace_Group>Polish</Workspace_Group><Extended_Preset_Group>Plague Bringer;Plague Servant;Plague Servant;Infested Husk;Plague Zombie;</Extended_Preset_Group><Version>0.1003b</Version><Shrunk_Preset_Group>Plague Servant;Plague Servant;Plague Rat;Plague Rat;Plague Rat;</Shrunk_Preset_Group><Encounter_Group>Humans</Encounter_Group><Growth_Priorities>Level;Level;Extend;Fill;Fill;</Growth_Priorities><Type>encounters</Type><Encounter_Type>Regular</Encounter_Type><Preset_Group>Plague Servant;Plague Servant;Plague Servant;Infested Husk;Plague Rat;</Preset_Group><Group>Playable</Group><Image>mini\char\Death\Death Adept.jpg</Image><Name>Plague Servants</Name><Filler_Types>Infested Husk;Plague Rat;Plague Servant;</Filler_Types></props></Plague_Servants><Grave_Looters><params></params><props><Workspace_Group>Polish</Workspace_Group><Extended_Preset_Group>Marauder;Cannibal;Grave Looter;Grave Looter;Rabid Dog;</Extended_Preset_Group><Shrunk_Preset_Group>Grave Looter;Grave Looter;Rabid Dog;</Shrunk_Preset_Group><Rank>Neophyte</Rank><Encounter_Group>Humans</Encounter_Group><Growth_Priorities>Extend;Level;Level;Fill;Fill;Group;</Growth_Priorities><Type>encounters</Type><Encounter_Type>Regular</Encounter_Type><Preset_Group>Grave Looter;Grave Looter;Grave Looter;Rabid Dog;Rabid Dog;</Preset_Group><Group>Playable</Group><Image>mini\unit\Neutral\arena\Conscript.jpg</Image><Name>Grave Looters</Name><Filler_Types>Grave Looter;Rabid Dog;</Filler_Types></props></Grave_Looters><Possessed><params><Turns_In_Game>0</Turns_In_Game><Group_Number>0</Group_Number><Max_Group_Number>0</Max_Group_Number><Min_Group_Number>0</Min_Group_Number><Power_Level>0</Power_Level><Unit_Number>0</Unit_Number><Max_Unit_Per_Group>0</Max_Unit_Per_Group><Spawning_Delay_Bonus>-1</Spawning_Delay_Bonus></params><props><Spellbook></Spellbook><Extended_Preset_Group>Chaos Apostate;Cannibal;Cannibal;</Extended_Preset_Group><Version>0.1002b</Version><Shrunk_Preset_Group>Possessed;Possessed;</Shrunk_Preset_Group><Known_Spells></Known_Spells><Encounter_Group>Demons</Encounter_Group><Displayed_Name>Possessed</Displayed_Name><Growth_Priorities>Level;Extend;Level;Fill;Level;Fill;Group;</Growth_Priorities><Type>encounters</Type><Encounter_Type>Regular</Encounter_Type><Preset_Group>Possessed;Possessed;Possessed;</Preset_Group><Group>Playable</Group><Image>mini\char\Chaos\Possessed.jpg</Image><Name>Possessed</Name><Filler_Types>Possessed;</Filler_Types></props></Possessed><Dark_Apostates><params><Spawning_Delay_Bonus>-1</Spawning_Delay_Bonus></params><props><Workspace_Group>Polish</Workspace_Group><Extended_Preset_Group>Dark Adept;Shadow Disciple;Twilight Disciple;Hunted Witch;Dark Apostate;</Extended_Preset_Group><Version>0.1003</Version><Shrunk_Preset_Group>Dark Apostate;Hunted Witch;</Shrunk_Preset_Group><Encounter_Group>Humans</Encounter_Group><Displayed_Name>Dark Apostates</Displayed_Name><Growth_Priorities>Extend;Level;Level;Level;Group;</Growth_Priorities><Type>encounters</Type><Encounter_Type>Regular</Encounter_Type><Preset_Group>Dark Apostate;Shadow Disciple;Twilight Disciple;Hunted Witch;</Preset_Group><Group>Playable</Group><Image>mini\char\Arcanum\New folder\Aeridan 3.jpg</Image><Name>Dark Apostates</Name><Filler_Types></Filler_Types></props></Dark_Apostates><Zealots><params></params><props><Extended_Preset_Group>Fallen Knight;Cutthroat;Thug;Marauder;Thief;</Extended_Preset_Group><Version>0.1002b</Version><Shrunk_Preset_Group>Thug;Thief;Thief;Thief;</Shrunk_Preset_Group><Encounter_Group>Misc</Encounter_Group><Displayed_Name>Zealots</Displayed_Name><Growth_Priorities>Level;Fill;Group;Level;Extend;Level;Group;</Growth_Priorities><Type>encounters</Type><Encounter_Type>Regular</Encounter_Type><Preset_Group>Marauder;Thief;Thug;Thief;</Preset_Group><Group>z</Group><Image>mini\unit\Neutral\Templar.jpg</Image><Name>Zealots</Name><Filler_Types>Thief;</Filler_Types></props></Zealots><Dwarf_Patrol><params><Turns_In_Game>0</Turns_In_Game><Spawning_Delay_Mod>100</Spawning_Delay_Mod><Spawning_Delay_Bonus>0</Spawning_Delay_Bonus><Group_Number>0</Group_Number><Max_Group_Number>0</Max_Group_Number><Min_Group_Number>0</Min_Group_Number><Power_Level>0</Power_Level><Unit_Number>0</Unit_Number><Max_Unit_Per_Group>0</Max_Unit_Per_Group></params><props><Spellbook></Spellbook><Workspace_Group>Polish</Workspace_Group><Extended_Preset_Group>Dwarf Shooter;Dwarf Guardsman;Dwarven Militia;Forsworn Miner;Forsworn Dwarf;</Extended_Preset_Group><Version>0.1002b</Version><Shrunk_Preset_Group>Dwarf Shooter;Forsworn Miner;Forsworn Dwarf;Doggy;</Shrunk_Preset_Group><Rank>Neophyte</Rank><Known_Spells></Known_Spells><Encounter_Group>Dwarves</Encounter_Group><Displayed_Name>Dwarf Patrol</Displayed_Name><Growth_Priorities>Extend;Level;Level;Fill;Fill;Group;</Growth_Priorities><Type>encounters</Type><Encounter_Type>Regular</Encounter_Type><Preset_Group>Dwarf Shooter;Dwarven Militia;Forsworn Miner;Forsworn Dwarf;Doggy;</Preset_Group><Group>Playable</Group><Image>mini\unit\Neutral\arena\dwarfy.jpg</Image><Filler_Types>Forsworn Miner;Forsworn Dwarf;Doggy;</Filler_Types><Name>Dwarf Patrol</Name></props></Dwarf_Patrol><Dwarf_Rabble><params></params><props><Workspace_Group>Polish</Workspace_Group><Extended_Preset_Group>Dwarf Shooter;Dwarf Guardsman;Dwarven Militia;Forsworn Miner;Forsworn Dwarf;</Extended_Preset_Group><Version>0.1002b</Version><Shrunk_Preset_Group>Dwarf Shooter;Forsworn Miner;Forsworn Dwarf;Doggy;</Shrunk_Preset_Group><Rank>Neophyte</Rank><Encounter_Group>Dwarves</Encounter_Group><Displayed_Name>Dwarf Rabble</Displayed_Name><Growth_Priorities>Extend;Level;Level;Fill;Fill;Group;</Growth_Priorities><Type>encounters</Type><Encounter_Type>Regular</Encounter_Type><Preset_Group>Dwarf Shooter;Dwarven Militia;Forsworn Miner;Forsworn Dwarf;Doggy;</Preset_Group><Group>Playable</Group><Image>mini\unit\Neutral\arena\dwarfy.jpg</Image><Filler_Types>Forsworn Miner;Forsworn Dwarf;Doggy;</Filler_Types><Name>Dwarf Rabble</Name></props></Dwarf_Rabble><Hill_Giants><params></params><props><Workspace_Group>Polish</Workspace_Group><Extended_Preset_Group>Mountain Giant;Hill Giant;Hill Giant;</Extended_Preset_Group><Version>0.1002b</Version><Shrunk_Preset_Group>Hill Giant;Hill Giant;</Shrunk_Preset_Group><Rank>Neophyte</Rank><Encounter_Group>Giants</Encounter_Group><Displayed_Name>Hill Giants</Displayed_Name><Growth_Priorities>Extend;Level;Level;Fill;Fill;Group;</Growth_Priorities><Type>encounters</Type><Encounter_Type>Regular</Encounter_Type><Preset_Group>Hill Giant;Hill Giant;Hill Giant;</Preset_Group><Group>Playable</Group><Image>mini\unit\new\1giant.jpg</Image><Filler_Types>Hill Giant;Grey Eagle;</Filler_Types><Name>Hill Giants</Name></props></Hill_Giants><Witches><params><Spawning_Delay_Bonus>-1</Spawning_Delay_Bonus></params><props><Workspace_Group>Polish</Workspace_Group><Extended_Preset_Group>Witch;Hunted Witch;Hunted Witch;Shadow Wolf;Shade</Extended_Preset_Group><Version>0.1003b</Version><Shrunk_Preset_Group>Hunted Witch;Black Wolf;Night Bat;Trickster Raven;</Shrunk_Preset_Group><Encounter_Group>Humans</Encounter_Group><Displayed_Name>Witches</Displayed_Name><Growth_Priorities>Extend;Level;Level;Level;Group;</Growth_Priorities><Type>encounters</Type><Encounter_Type>Regular</Encounter_Type><Preset_Group>Witch;Hunted Witch;Black Wolf;Deadly Spider;Night Bat;</Preset_Group><Group>Playable</Group><Image>mini\char\Arcanum\New folder\Witch.jpg</Image><Name>Witches</Name><Filler_Types></Filler_Types></props></Witches><Shades><params><Spawning_Delay_Bonus>0</Spawning_Delay_Bonus></params><props><Workspace_Group>Polish</Workspace_Group><Extended_Preset_Group>Shadow;Shade;Shade;</Extended_Preset_Group><Version>0.1003b</Version><Shrunk_Preset_Group>Shade;Shade;</Shrunk_Preset_Group><Encounter_Group>Dark</Encounter_Group><Displayed_Name>Shades</Displayed_Name><Growth_Priorities>Extend;Level;Level;Level;Group;</Growth_Priorities><Type>encounters</Type><Encounter_Type>Regular</Encounter_Type><Preset_Group>Shade;Shade;Shade;</Preset_Group><Group>Playable</Group><Image>mini\unit\Darkness\Shade.jpg</Image><Name>Shades</Name><Filler_Types></Filler_Types></props></Shades></Regular><Elite><Death_Adepts><params><Spawning_Delay_Bonus>-1</Spawning_Delay_Bonus></params><props><Workspace_Group>Polish</Workspace_Group><Extended_Preset_Group>Death Adept;Death Adept;Death Adept;</Extended_Preset_Group><Version>0.1003b</Version><Shrunk_Preset_Group>Death Adept;</Shrunk_Preset_Group><Encounter_Group>Humans</Encounter_Group><Displayed_Name>Death Adepts</Displayed_Name><Growth_Priorities>Extend;Fill;Fill;Group;Fill;Level;Level;Level;Level;</Growth_Priorities><Type>encounters</Type><Encounter_Type>Elite</Encounter_Type><Preset_Group>Death Adept;Death Adept;</Preset_Group><Group>Playable</Group><Image>mini\unit\Neutral\Heretic.jpg</Image><Name>Death Adepts</Name><Filler_Types>@Death Worshipper;Plague Servant;Wraith Whisperer;Bloodmage Apprentice;Ghoul(2);Skeletal Beast(2);Zombie Beast;Undead Beast(2);Blood Ghast(2);Ghast Zombie(2);</Filler_Types></props></Death_Adepts><Chaos_Cultists><params><Spawning_Delay_Bonus>-2</Spawning_Delay_Bonus></params><props><Workspace_Group>Polish</Workspace_Group><Extended_Preset_Group>Chaos Cultist;Chaos Apostate;Demon Worshipper;Possessed;Possessed;</Extended_Preset_Group><Version>0.1003b</Version><Shrunk_Preset_Group>Chaos Cultist;Chaos Apostate;Demon Worshipper;Possessed;</Shrunk_Preset_Group><Encounter_Group>Humans</Encounter_Group><Growth_Priorities>Level;Level;Fill;Extend;</Growth_Priorities><Type>encounters</Type><Encounter_Type>Elite</Encounter_Type><Preset_Group>Demon Caller;Chaos Cultist;Chaos Cultist;Hellguard;Possessed;</Preset_Group><Group>Playable</Group><Image>mini\char\Chaos\Cultist2.jpg</Image><Name>Chaos Cultists</Name><Filler_Types>Chaos Apostate;</Filler_Types></props></Chaos_Cultists><Demon_Callers><params><Spawning_Delay_Bonus>-2</Spawning_Delay_Bonus></params><props><Workspace_Group>Polish</Workspace_Group><Extended_Preset_Group>Demon Gorger;Demon Caller;Chaos Cultist;Demon Worshipper;Demon Brute;</Extended_Preset_Group><Version>0.1003b</Version><Shrunk_Preset_Group>Demon Worshipper;Demon Worshipper;Demon Worshipper;Hellguard;Imp;</Shrunk_Preset_Group><Encounter_Group>Humans</Encounter_Group><Growth_Priorities>Level;Level;Fill;Extend;</Growth_Priorities><Type>encounters</Type><Encounter_Type>Elite</Encounter_Type><Preset_Group>Demon Caller;Demon Worshipper;Demon Worshipper;Hellguard;Imp;</Preset_Group><Group>Playable</Group><Image>mini\char\Chaos\Orc021.jpg</Image><Name>Demon Callers</Name><Filler_Types>Demon Worshipper</Filler_Types></props></Demon_Callers><Cannibals><params></params><props><Workspace_Group>Polish</Workspace_Group><Extended_Preset_Group>Bloodmage Apprentice;Cannibal;Cannibal;Cannibal;Cannibal;</Extended_Preset_Group><Shrunk_Preset_Group>Cannibal;Rabid Dog;</Shrunk_Preset_Group><Rank>Neophyte</Rank><Encounter_Group>Humans</Encounter_Group><Growth_Priorities>Extend;Level;Level;Fill;Group;</Growth_Priorities><Type>encounters</Type><Encounter_Type>Elite</Encounter_Type><Preset_Group>Cannibal;Cannibal;Rabid Dog;</Preset_Group><Group>Playable</Group><Image>mini\unit\Neutral\arena\deserter.jpg</Image><Name>Cannibals</Name><Filler_Types>Rabid Dog;Cannibal;</Filler_Types></props></Cannibals><Wraiths><params></params><props><Extended_Preset_Group>Wraith;Ghost;Ghost;</Extended_Preset_Group><Version>0.1002b</Version><Shrunk_Preset_Group>Ghost;Lucent Wisp;Will-o-Wisp;</Shrunk_Preset_Group><Boss_Type>Ghost</Boss_Type><Encounter_Group>Undead</Encounter_Group><Growth_Priorities>Extend;Fill;Level;Level;Group;</Growth_Priorities><Type>encounters</Type><Encounter_Type>Elite</Encounter_Type><Preset_Group>Ghost;Ghost;Ghost;</Preset_Group><Group>Playable</Group><Image>mini\unit\Death\Ghost2.jpg</Image><Name>Wraiths</Name><Filler_Types>Wraith;</Filler_Types></props></Wraiths><Celestials><params><Spawning_Delay_Bonus>-2</Spawning_Delay_Bonus></params><props><Extended_Preset_Group>Ayrie;Ayrie;Rox;Griff;Rox;</Extended_Preset_Group><Version>0.1002b</Version><Shrunk_Preset_Group>Rox;Sky Lion;Grey Eagle</Shrunk_Preset_Group><Boss_Type>Sky Lord</Boss_Type><Encounter_Group>Light</Encounter_Group><Growth_Priorities>Level;Extend;Level;Level;Fill;</Growth_Priorities><Type>encounters</Type><Encounter_Type>Elite</Encounter_Type><Preset_Group>Ayrie;Rox;Sky Lion;Grey Eagle</Preset_Group><Group>Playable</Group><Image>mini\unit\Light\Divine Messanger.jpg</Image><Name>Celestials</Name><Filler_Types>Grey Eagle;</Filler_Types></props></Celestials><Mind_Flayers><params></params><props><Extended_Preset_Group>Slaag;Mind Flayer;Mind Flayer;Mind Flayer;Slaag;</Extended_Preset_Group><Version>0.1002b</Version><Shrunk_Preset_Group>Husk;Husk;Mind Flayer;Husk;Husk;</Shrunk_Preset_Group><Boss_Type>Mind Flayer</Boss_Type><Encounter_Group>Dungeon</Encounter_Group><Growth_Priorities>Level;Group;Fill;Level;Group;Extend;</Growth_Priorities><Type>encounters</Type><Encounter_Type>Elite</Encounter_Type><Preset_Group>Husk;Husk;Mind Flayer;Mind Flayer;Husk;Husk;</Preset_Group><Group>z</Group><Image>mini\unit\Darkness\dungeon\mindflayer.jpg</Image><Name>Mind Flayers</Name><Filler_Types>Troglodyte;Harpy;Minotaur</Filler_Types></props></Mind_Flayers><Sewer_Horrors><params></params><props><Extended_Preset_Group>Basilisk;Gargantuan Beast;Basilisk;</Extended_Preset_Group><Growth_Priorities>Level;Group;Fill;Level;Group;Extend;</Growth_Priorities><Encounter_Type>Elite</Encounter_Type><Type>encounters</Type><Shrunk_Preset_Group>Basilisk;Vampire Bat;Deadly Spider;Stag Beetle;</Shrunk_Preset_Group><Preset_Group>Basilisk;Slaag;Basilisk;</Preset_Group><Group>Playable</Group><Boss_Type>Deadly Spider</Boss_Type><Image>mini\unit\Arcanum\familiar\basilisk2.jpg</Image><Encounter_Group>Monsters</Encounter_Group><Filler_Types>Basilisk;</Filler_Types><Name>Sewer Horrors</Name></props></Sewer_Horrors><Night_Terrors><params></params><props><Extended_Preset_Group>Demonio Nocturno;Nightmare;Nightmare;Werewolf;Werewolf;</Extended_Preset_Group><Version>0.1002b</Version><Shrunk_Preset_Group>Nightmare;Werewolf;Shadow Wolf;Night Bat;Night Bat;</Shrunk_Preset_Group><Boss_Type>Deadly Spider</Boss_Type><Encounter_Group>Monsters</Encounter_Group><Growth_Priorities>Extend;Level;Level;Fill;Fill;Group;</Growth_Priorities><Type>encounters</Type><Encounter_Type>Elite</Encounter_Type><Preset_Group>Demonio Nocturno;Nightmare;Werewolf;</Preset_Group><Group>Playable</Group><Image>mini\unit\Darkness\Nightmare.jpg</Image><Name>Night Terrors</Name><Filler_Types>Shade;</Filler_Types></props></Night_Terrors><Eldritch_Order><params></params><props><Extended_Preset_Group>Eldritch Knight;Dark Adept;Dark Adept;Gargoyle;Gargoyle;</Extended_Preset_Group><Version>0.1001</Version><Shrunk_Preset_Group>Gargoyle;Apostate;Apostate;Eldritch Strix;Trickster Raven;</Shrunk_Preset_Group><Boss_Type>Guardian of the Underworld</Boss_Type><Encounter_Group>Arcane</Encounter_Group><Growth_Priorities>Extend;Level;Level;Fill;</Growth_Priorities><Type>encounters</Type><Encounter_Type>Elite</Encounter_Type><Preset_Group>Eldritch Knight;Apostate;Apostate;Eldritch Strix;Trickster Raven;</Preset_Group><Group>Playable</Group><Image>mini\char\Arcanum\Eldritch Knight.jpg</Image><Name>Eldritch Order</Name><Filler_Types>Apostate;Eldritch Strix;Trickster Raven;</Filler_Types></props></Eldritch_Order><Arcane_Guardians><params></params><props><Extended_Preset_Group>Steel Golem;Gargoyle Sentinel;Gargoyle Sentinel;Gargoyle;Gargoyle;</Extended_Preset_Group><Version>0.1002b</Version><Shrunk_Preset_Group>Stone Golem;Gargoyle;Gargoyle;Gargoyle;</Shrunk_Preset_Group><Boss_Type>Guardian of the Underworld</Boss_Type><Encounter_Group>Misc</Encounter_Group><Growth_Priorities>Extend;Level;Level;Group;Fill;</Growth_Priorities><Type>encounters</Type><Encounter_Type>Elite</Encounter_Type><Preset_Group>Gargoyle Sentinel;Stone Golem;Stone Golem;Gargoyle;Gargoyle;</Preset_Group><Group>Playable</Group><Image>mini\unit\Arcanum\Gargoyle2.jpg</Image><Name>Arcane Guardians</Name><Filler_Types>Stone Golem;Gargoyle;</Filler_Types></props></Arcane_Guardians><Blood_Thralls><params></params><props><Extended_Preset_Group>Crimson Champion;Blood Revenant;Blood Revenant;Blood Ghast;Blood Ghast;</Extended_Preset_Group><Version>0.1002b</Version><Shrunk_Preset_Group>Blood Revenant;Blood Ghast;Blood Ghast;Ghast Zombie;Ghast Zombie;</Shrunk_Preset_Group><Boss_Type>Blood Revenant</Boss_Type><Encounter_Group>Undead</Encounter_Group><Growth_Priorities>Extend;Level;Level;Group;Fill;</Growth_Priorities><Type>encounters</Type><Encounter_Type>Elite</Encounter_Type><Preset_Group>Blood Revenant;Blood Ghast;Ghast Zombie;Blood Revenant;Blood Revenant;</Preset_Group><Group>Playable</Group><Image>mini\unit\Death\next\Undead Minion.jpg</Image><Name>Blood Thralls</Name><Filler_Types>Blood Ghast;</Filler_Types></props></Blood_Thralls><Demons_of_Abyss><params></params><props><Extended_Preset_Group>Demon Lord;Devil Mage;Succubus;Fiend;Infernal Golem;</Extended_Preset_Group><Version>0.1002b</Version><Shrunk_Preset_Group>Demon Carnifex;Demon Brute;Hellguard;</Shrunk_Preset_Group><Boss_Type>Demon Vindicator</Boss_Type><Encounter_Group>Demons</Encounter_Group><Growth_Priorities>Extend;Level;Fill;Level;Level;Group;</Growth_Priorities><Type>encounters</Type><Encounter_Type>Elite</Encounter_Type><Preset_Group>Devil Mage;Fiend;Demon Carnifex;</Preset_Group><Group>Playable</Group><Image>mini\unit\Chaos\devil.jpg</Image><Name>Demons of Abyss</Name><Filler_Types>Fiend;</Filler_Types></props></Demons_of_Abyss><Elementals><params></params><props><Extended_Preset_Group>Air Elemental;Water Elemental;Fire Elemental;Magic Elemental;Shadow Elemental;Poison Elemental;Earth Elemental;</Extended_Preset_Group><Version>0.1001</Version><Shrunk_Preset_Group>Water Elemental;Fire Elemental;</Shrunk_Preset_Group><Boss_Type>Water Elemental</Boss_Type><Encounter_Group>Misc</Encounter_Group><Growth_Priorities>Level;Level;Extend;Group;</Growth_Priorities><Type>encounters</Type><Encounter_Type>Elite</Encounter_Type><Preset_Group>Air Elemental;Water Elemental;Fire Elemental;Earth Elemental;</Preset_Group><Group>Playable</Group><Image>mini\unit\Nature\water elemental.jpg</Image><Name>Elementals</Name><Filler_Types>Wisp;</Filler_Types></props></Elementals><Greater_Demons><params></params><props><Extended_Preset_Group>Demon Vindicator;Demon Gorger;Demon Gorger;Demon Carnifex;Demon Carnifex;</Extended_Preset_Group><Version>0.1002b</Version><Shrunk_Preset_Group>Demon Carnifex;Demon Gorger;</Shrunk_Preset_Group><Boss_Type>Demon Vindicator;Demon Vindicator;</Boss_Type><Encounter_Group>Demons</Encounter_Group><Growth_Priorities>Extend;Level;Level;Fill;Fill;Group;</Growth_Priorities><Type>encounters</Type><Encounter_Type>Elite</Encounter_Type><Preset_Group>Demon Gorger;Demon Carnifex;Demon Carnifex;</Preset_Group><Group>Playable</Group><Image>mini\unit\Chaos\Demon Gorger.jpg</Image><Name>Greater Demons</Name><Filler_Types>Demon Brute;Demon Carnifex;Demon Gorger;</Filler_Types></props></Greater_Demons><Colony_Warriors><params></params><props><Extended_Preset_Group>Colony Overseer;Colony Overseer;Colony Harvester;Colony Harvester;Colony Harvester;</Extended_Preset_Group><Growth_Priorities>Group;Group;Level;Fill;Extend;</Growth_Priorities><Encounter_Type>Elite</Encounter_Type><Type>encounters</Type><Shrunk_Preset_Group>Colony Harvester;Colony Drone;Colony Harvester;Colony Drone;</Shrunk_Preset_Group><Preset_Group>Colony Overseer;Colony Harvester;Colony Drone;Colony Harvester;Colony Drone;</Preset_Group><Group>Playable</Group><Boss_Type>Colony Overseer</Boss_Type><Image>mini\unit\Darkness\dungeon\drone2.jpg</Image><Encounter_Group>Dungeon</Encounter_Group><Filler_Types>Colony Drone;</Filler_Types><Name>Colony Warriors</Name></props></Colony_Warriors><Feline_Predators><params><Spawning_Delay_Bonus>-2</Spawning_Delay_Bonus></params><props><Extended_Preset_Group>Black Panther;Black Panther;Black Panther</Extended_Preset_Group><Growth_Priorities>Level;Level;Group;Level;Fill;</Growth_Priorities><Version>0.1002b</Version><Encounter_Type>Elite</Encounter_Type><Type>encounters</Type><Shrunk_Preset_Group>Black Panther;</Shrunk_Preset_Group><Preset_Group>Black Panther;Black Panther</Preset_Group><Group>Playable</Group><Image>mini\unit\Nature\Black Panther.jpg</Image><Encounter_Group>Monsters</Encounter_Group><Filler_Types>Black Panther;</Filler_Types><Name>Feline Predators</Name></props></Feline_Predators><Warg_Pack><params></params><props><Extended_Preset_Group>Dire Warg;Warg;Warg;</Extended_Preset_Group><Growth_Priorities>Extend;Level;Level;Fill;Fill;Group;Level;Fill;</Growth_Priorities><Version>0.1002</Version><Encounter_Type>Elite</Encounter_Type><Type>encounters</Type><Shrunk_Preset_Group>Warg;Warg</Shrunk_Preset_Group><Preset_Group>Warg;Warg;Warg</Preset_Group><Group>Playable</Group><Image>mini\unit\Nature\WARG .jpg</Image><Encounter_Group>Monsters</Encounter_Group><Filler_Types>Warg;</Filler_Types><Name>Warg Pack</Name></props></Warg_Pack><Deserters><params></params><props><Workspace_Group>Polish</Workspace_Group><Extended_Preset_Group>Fallen Knight;Ronin Ballestero;Renegade Wizard;Deserter;Deserter;</Extended_Preset_Group><Shrunk_Preset_Group>Bandit Archer;Deserter;Thug;</Shrunk_Preset_Group><Rank>Neophyte</Rank><Encounter_Group>Humans</Encounter_Group><Growth_Priorities>Extend;Level;Level;Fill;Group;Level;Group;</Growth_Priorities><Type>encounters</Type><Encounter_Type>Elite</Encounter_Type><Preset_Group>Ronin Ballestero;Deserter;Deserter;</Preset_Group><Group>Playable</Group><Image>mini\unit\Neutral\arena\deserter.jpg</Image><Name>Deserters</Name><Filler_Types>Deserter;</Filler_Types></props></Deserters><Spider_Lords><params></params><props><Extended_Preset_Group>Black Widow;Pale Weaver;Pale Weaver;Spiderite;Deadly Spider;</Extended_Preset_Group><Growth_Priorities>Extend;Group;Level;Level;Level;Level;Fill;</Growth_Priorities><Version>0.1002b</Version><Encounter_Type>Elite</Encounter_Type><Type>encounters</Type><Shrunk_Preset_Group>Black Widow;Deadly Spider;Spiderling;</Shrunk_Preset_Group><Preset_Group>Pale Weaver;Black Widow;Spiderite;Deadly Spider;Spiderling;</Preset_Group><Group>Playable</Group><Image>mini\unit\Death\spiders\spider22.jpg</Image><Encounter_Group>Dungeon</Encounter_Group><Filler_Types>Spiderite;Deadly Spider;Black Widow;</Filler_Types><Name>Spider Lords</Name></props></Spider_Lords><Chaos_Legion><params><Spawning_Delay_Bonus>-2</Spawning_Delay_Bonus></params><props><Extended_Preset_Group>Devil Mage;Infernal Golem;Infernal Golem;Chaos Cultist;Fiend;</Extended_Preset_Group><Growth_Priorities>Extend;Level;Level;Level;Fill;</Growth_Priorities><Version>0.1003</Version><Encounter_Type>Elite</Encounter_Type><Type>encounters</Type><Shrunk_Preset_Group>Chaos Cultist;Hellguard;Fiend;</Shrunk_Preset_Group><Preset_Group>Infernal Golem;Chaos Cultist;Fiend;</Preset_Group><Group>xPlay</Group><Image>mini\unit\Chaos\Infernal Golem.jpg</Image><Filler_Types>Possessed;Chaos Apostate;</Filler_Types><Name>Chaos Legion</Name></props></Chaos_Legion><Warp_Champions><params></params><props><Extended_Preset_Group>Succubus;Incubus;Demon Tormentor;Mistress;</Extended_Preset_Group><Growth_Priorities>Extend;Level;Level;Level;Fill;Fill;</Growth_Priorities><Encounter_Type>Elite</Encounter_Type><Type>encounters</Type><Shrunk_Preset_Group>Mistress;Familiar;Familiar;</Shrunk_Preset_Group><Preset_Group>Demon Tormentor;Mistress;Mistress;Familiar;Familiar;</Preset_Group><Group>Playable</Group><Image>mini\unit\Chaos\Demon Tormentor.jpg</Image><Encounter_Group>Demons</Encounter_Group><Filler_Types>Familiar;Mistress;</Filler_Types><Name>Warp Champions</Name></props></Warp_Champions><Dungeon_Terrors><params></params><props><Extended_Preset_Group>Hydra;Manticore;Guardian of the Underworld;Mind Flayer;Evil Eye;</Extended_Preset_Group><Shrunk_Preset_Group>Guardian of the Underworld;Minotaur;Evil Eye;</Shrunk_Preset_Group><Boss_Type>Guardian of the Underworld</Boss_Type><Encounter_Group>Monsters</Encounter_Group><Growth_Priorities>Level;Fill;Level;Group;Extend;Group;</Growth_Priorities><Type>encounters</Type><Encounter_Type>Elite</Encounter_Type><Preset_Group>Manticore;Guardian of the Underworld;Evil Eye;</Preset_Group><Group>Playable</Group><Image>mini\unit\Darkness\next\Underworld Guard.jpg</Image><Dev_Notes>++Cerberus</Dev_Notes><Name>Dungeon Terrors</Name><Filler_Types>Evil Eye;</Filler_Types></props></Dungeon_Terrors><Orcs><params></params><props><Workspace_Group>Polish</Workspace_Group><Extended_Preset_Group>Orc Champion;Orc Ravager;Orc Ravager;</Extended_Preset_Group><Version>0.1002b</Version><Shrunk_Preset_Group>Orc Raider;Orc Raider;Orc Raider;</Shrunk_Preset_Group><Rank>Neophyte</Rank><Encounter_Group>Monsters</Encounter_Group><Growth_Priorities>Extend;Level;Level;Fill;Group;Level;Group;</Growth_Priorities><Type>encounters</Type><Encounter_Type>Elite</Encounter_Type><Preset_Group>Orc Ravager;Orc Raider;Orc Raider;</Preset_Group><Group>Playable</Group><Image>mini\unit\Neutral\New folder (4)\ork.jpg</Image><Name>Orcs</Name><Filler_Types>Orc Raider;</Filler_Types></props></Orcs><Vampires><params></params><props><Extended_Preset_Group>Vampire Lord;Vampire Mistress;Vampire Mistress;</Extended_Preset_Group><Growth_Priorities>Extend;Level;Level;Fill;Level;Fill;</Growth_Priorities><Version>0.1002b</Version><Encounter_Type>Elite</Encounter_Type><Type>encounters</Type><Shrunk_Preset_Group>Vampire;Vampire Mistress;</Shrunk_Preset_Group><Preset_Group>Vampire;Vampire Mistress;Afflicted Nobleman;</Preset_Group><Group>Playable</Group><Image>mini\char\Death\Vampress.jpg</Image><Filler_Types>Vampire Bat;</Filler_Types><Name>Vampires</Name></props></Vampires><Killer_Crew><params><Spawning_Delay_Bonus>-2</Spawning_Delay_Bonus></params><props><Workspace_Group>Polish</Workspace_Group><Extended_Preset_Group>Assassin;Pirate;Bounty Hunter;Ronin Ballestero;Dark Adept;</Extended_Preset_Group><Version>0.1002b</Version><Shrunk_Preset_Group>Pirate;Bandit Archer;Apostate;</Shrunk_Preset_Group><Rank>Neophyte</Rank><Encounter_Group>Humans</Encounter_Group><Displayed_Name>Hired Killers</Displayed_Name><Growth_Priorities>Extend;Level;Level;Fill;Group;Level;Group;</Growth_Priorities><Type>encounters</Type><Encounter_Type>Elite</Encounter_Type><Preset_Group>Pirate;Cutthroat;Bounty Hunter;Bandit Archer;Apostate;</Preset_Group><Group>Playable</Group><Image>mini\unit\Neutral\arena\Pirate.jpg</Image><Filler_Types>Pirate;</Filler_Types><Name>Killer Crew</Name></props></Killer_Crew><Dwarven_Company><params></params><props><Workspace_Group>Polish</Workspace_Group><Extended_Preset_Group>Dwarf Veteran;Dwarf Sharpeye;Dwarf Sharpeye;Dwarf Warrior; Dwarf Brawler;</Extended_Preset_Group><Version>0.1003b</Version><Shrunk_Preset_Group>Dwarf Shooter;Forsworn Miner;Dwarf Warrior;</Shrunk_Preset_Group><Rank>Neophyte</Rank><Encounter_Group>Dwarves</Encounter_Group><Displayed_Name>Dwarven Company</Displayed_Name><Growth_Priorities>Extend;Level;Level;Fill;Fill;</Growth_Priorities><Type>encounters</Type><Encounter_Type>Elite</Encounter_Type><Preset_Group>Dwarf Sharpeye;Dwarf Warrior; Dwarf Brawler;</Preset_Group><Group>Playable</Group><Image>mini\unit\Neutral\arena\dwarfy.jpg</Image><Filler_Types>Dwarf Warrior; Dwarf Brawler;Dwarf Guardsman;Dwarf Sharpeye;</Filler_Types><Name>Dwarven Company</Name></props></Dwarven_Company><Mountain_Giants><params></params><props><Workspace_Group>Polish</Workspace_Group><Extended_Preset_Group>Mountain Giant;Mountain Giant;Griff;</Extended_Preset_Group><Version>0.1002b</Version><Shrunk_Preset_Group>Mountain Giant;</Shrunk_Preset_Group><Rank>Neophyte</Rank><Encounter_Group>Giants</Encounter_Group><Displayed_Name>Mountain Giants</Displayed_Name><Growth_Priorities>Extend;Level;Level;Fill;Fill;Group;</Growth_Priorities><Type>encounters</Type><Encounter_Type>Elite</Encounter_Type><Preset_Group>Mountain Giant;Rox;Rox;</Preset_Group><Group>Playable</Group><Image>mini\unit\new\2giant.jpg</Image><Filler_Types>Mountain Giant;Rox;</Filler_Types><Name>Mountain Giants</Name></props></Mountain_Giants></Elite><Boss><Bandit_Lord><params></params><props><Workspace_Group>Polish</Workspace_Group><Extended_Preset_Group>Bandit Lord;Bandit Archer;Renegade Wizard;Fallen Knight</Extended_Preset_Group><Version>0.1002b</Version><Shrunk_Preset_Group>Fallen Knight;Deserter;Bandit Archer;</Shrunk_Preset_Group><Rank>Neophyte</Rank><Encounter_Group>Humans</Encounter_Group><Growth_Priorities>Extend;Level;Level;Fill;Fill;</Growth_Priorities><Type>encounters</Type><Encounter_Type>Boss</Encounter_Type><Preset_Group>Bandit Lord;</Preset_Group><Group>Playable</Group><Image>mini\char\New2\Revenant.jpg</Image><Dev_Notes>++Slave Huntress</Dev_Notes><Filler_Types>Bandit Archer;Deserter;Renegade Wizard;</Filler_Types><Name>Bandit Lord</Name></props></Bandit_Lord><Colony_Queen><params></params><props><Extended_Preset_Group>Stag Beetle;Deadly Spider;Deadly Spider;Deadly Spider;Rhino Beetle</Extended_Preset_Group><Version>0.1001</Version><Shrunk_Preset_Group>Deadly Spider;Stag Beetle;Rhino Beetle</Shrunk_Preset_Group><Boss_Type>Colony Overseer</Boss_Type><Encounter_Group>Dungeon</Encounter_Group><Growth_Priorities>Level;Level;Level;Fill;</Growth_Priorities><Type>encounters</Type><Encounter_Type>Boss</Encounter_Type><Preset_Group>Colony Queen;Colony Overseer;Colony Overseer;</Preset_Group><Group>Playable</Group><Image>mini\unit\Darkness\dungeon\black fey.jpg</Image><Name>Colony Queen</Name><Filler_Types>Colony Drone;</Filler_Types></props></Colony_Queen><Death_Lord><params></params><props><Extended_Preset_Group>Death Lord;Revenant;Revenant;</Extended_Preset_Group><Growth_Priorities>Extend;Level;Level;Level;Fill;</Growth_Priorities><Encounter_Type>Boss</Encounter_Type><Type>encounters</Type><Shrunk_Preset_Group>Death Knight;</Shrunk_Preset_Group><Preset_Group>Death Lord</Preset_Group><Group>Playable</Group><Boss_Type>Death Lord</Boss_Type><Image>mini\unit\Darkness\Twilight Angel.jpg</Image><Encounter_Group>Undead</Encounter_Group><Filler_Types>Ghost</Filler_Types><Name>Death Lord</Name></props></Death_Lord><Sky_Lord><params></params><props><Extended_Preset_Group>Sky Lord;Ayrie;Ayrie;</Extended_Preset_Group><Version>0.1001</Version><Shrunk_Preset_Group>Ayrie;Grey Eagle;Sky Lion;</Shrunk_Preset_Group><Boss_Type>Sky Lord</Boss_Type><Encounter_Group>Light</Encounter_Group><Growth_Priorities>Level;Level;Extend;Fill;Level;</Growth_Priorities><Type>encounters</Type><Encounter_Type>Boss</Encounter_Type><Preset_Group>Sky Lord;Grey Eagle;Sky Lion;</Preset_Group><Group>Playable</Group><Image>mini\unit\Light\Angelic Defender.jpg</Image><Name>Sky Lord</Name><Filler_Types>Grey Eagle;</Filler_Types></props></Sky_Lord><Ancient_Beast><params></params><props><Extended_Preset_Group>Hydra;Gargantuan Beast;</Extended_Preset_Group><Version>0.1002b</Version><Shrunk_Preset_Group>Hydra;</Shrunk_Preset_Group><Boss_Type>Hydra</Boss_Type><Encounter_Group>Monsters</Encounter_Group><Growth_Priorities>Extend;Fill;</Growth_Priorities><Type>encounters</Type><Encounter_Type>Boss</Encounter_Type><Preset_Group>Hydra;</Preset_Group><Group>Playable</Group><Image>mini\unit\Darkness\Hydra.jpg</Image><Dev_Notes>Gargantuan Beast;</Dev_Notes><Name>Ancient Beast</Name><Filler_Types>Basilisk;</Filler_Types></props></Ancient_Beast><Lord_of_Abyss><params></params><props><Extended_Preset_Group>Demon Vindicator;Demon Vindicator;</Extended_Preset_Group><Growth_Priorities>Extend;Level Up;Level Up;Fill;</Growth_Priorities><Encounter_Type>Boss</Encounter_Type><Type>encounters</Type><Shrunk_Preset_Group>Demon Vindicator;</Shrunk_Preset_Group><Preset_Group>Demon Prince;</Preset_Group><Group>x</Group><Boss_Type>Demon Vindicator;Demon Vindicator;</Boss_Type><Image>mini\unit\Chaos\Demon Prince.jpg</Image><Encounter_Group>Demons</Encounter_Group><Filler_Types>Demon Carnifex;Demon Gorger;</Filler_Types><Name>Lord of Abyss</Name></props></Lord_of_Abyss><Elder_Dragon><params></params><props><Extended_Preset_Group>Hydra;Hydra;</Extended_Preset_Group><Growth_Priorities>Extend;Fill;</Growth_Priorities><Encounter_Type>Boss</Encounter_Type><Type>encounters</Type><Shrunk_Preset_Group>Hydra;</Shrunk_Preset_Group><Preset_Group>Black Dragon;</Preset_Group><Group>x</Group><Boss_Type>Hydra</Boss_Type><Image>mini\unit\Darkness\Black Dragon.jpg</Image><Encounter_Group>Monsters</Encounter_Group><Filler_Types>Basilisk;</Filler_Types><Name>Elder Dragon</Name></props></Elder_Dragon><Angered_Grizzly><params></params><props><Extended_Preset_Group>Behemoth;</Extended_Preset_Group><Growth_Priorities>Extend;Level;Level;Level;Fill;</Growth_Priorities><Version>0.1001</Version><Encounter_Type>Boss</Encounter_Type><Type>encounters</Type><Shrunk_Preset_Group>Alpha Wolf;</Shrunk_Preset_Group><Preset_Group>Dire Grizzly</Preset_Group><Group>Playable</Group><Image>mini\unit\Nature\Dire Grizzly.jpg</Image><Encounter_Group>Monsters</Encounter_Group><Filler_Types>Grey Wolf;</Filler_Types><Name>Angered Grizzly</Name></props></Angered_Grizzly><Vampire_Lord><params></params><props><Extended_Preset_Group>Vampire Lord;Lich;</Extended_Preset_Group><Growth_Priorities>Extend;Level;Level;Level;Fill;</Growth_Priorities><Encounter_Type>Boss</Encounter_Type><Type>encounters</Type><Shrunk_Preset_Group>Vampire</Shrunk_Preset_Group><Preset_Group>Vampire Lord</Preset_Group><Group>Playable</Group><Boss_Type>Vampire Lord</Boss_Type><Image>mini\char\Death\Arch Vampire.jpg</Image><Encounter_Group>Undead</Encounter_Group><Filler_Types>Blood Ghast</Filler_Types><Name>Vampire Lord</Name></props></Vampire_Lord><Werewolf><params></params><props><Extended_Preset_Group>Werewolf;Werewolf</Extended_Preset_Group><Growth_Priorities>Extend;Level;Level;Level;Fill;</Growth_Priorities><Encounter_Type>Boss</Encounter_Type><Type>encounters</Type><Shrunk_Preset_Group>Werewolf</Shrunk_Preset_Group><Preset_Group>Werewolf</Preset_Group><Group>Playable</Group><Image>mini\unit\Darkness\werewolf.jpg</Image><Filler_Types>Werewolf</Filler_Types><Name>Werewolf</Name></props></Werewolf><Undead_Monstrocity><params></params><props><Extended_Preset_Group>Dracolich;</Extended_Preset_Group><Growth_Priorities>Extend;Level;Fill;Fill;Level;Level;</Growth_Priorities><Encounter_Type>Boss</Encounter_Type><Type>encounters</Type><Shrunk_Preset_Group>Vampire Beast;</Shrunk_Preset_Group><Preset_Group>Undead Monstrocity</Preset_Group><Group>Playable</Group><Image>mini\unit\Death\next\scourge.jpg</Image><Encounter_Group>Undead</Encounter_Group><Filler_Types>Undead Beast</Filler_Types><Name>Undead Monstrocity</Name></props></Undead_Monstrocity><Unchained_Wyvern><params></params><props><Extended_Preset_Group>Armored Wyvern</Extended_Preset_Group><Growth_Priorities>Extend;Group;Level;Level;Level;Fill;Fill;</Growth_Priorities><Version>0.1001</Version><Encounter_Type>Boss</Encounter_Type><Type>encounters</Type><Shrunk_Preset_Group>Young Wyvern</Shrunk_Preset_Group><Preset_Group>Wyvern</Preset_Group><Group>Playable</Group><Image>mini\unit\Nature\serpent\w2.jpg</Image><Encounter_Group>Monsters</Encounter_Group><Filler_Types>Young Wyvern</Filler_Types><Name>Unchained Wyvern</Name></props></Unchained_Wyvern><Abyssal_Fiend><params></params><props><Extended_Preset_Group>Lord of Abyss</Extended_Preset_Group><Growth_Priorities>Extend;Level;Level;Level;Fill;</Growth_Priorities><Version>0.1001</Version><Encounter_Type>Boss</Encounter_Type><Type>encounters</Type><Shrunk_Preset_Group>Demon Vindicator</Shrunk_Preset_Group><Preset_Group>Abyssal Fiend</Preset_Group><Group>Playable</Group><Image>mini\unit\Chaos\Abomination.jpg</Image><Encounter_Group>Demons</Encounter_Group><Filler_Types>Demon Carnifex</Filler_Types><Name>Abyssal Fiend</Name></props></Abyssal_Fiend><Demon_Lord><params></params><props><Extended_Preset_Group>Demon Prince;</Extended_Preset_Group><Growth_Priorities>Extend;Level;Level;Level;Fill;</Growth_Priorities><Version>0.1003b</Version><Encounter_Type>Boss</Encounter_Type><Type>encounters</Type><Shrunk_Preset_Group>Demon Vindicator</Shrunk_Preset_Group><Preset_Group>Demon Lord</Preset_Group><Group>Playable</Group><Image>mini\char\Chaos\Carnifex.jpg</Image><Encounter_Group>Demons</Encounter_Group><Filler_Types>Demon Carnifex</Filler_Types><Name>Demon Lord</Name></props></Demon_Lord><Nightmare><params></params><props><Extended_Preset_Group>Nightmare;Nightmare</Extended_Preset_Group><Growth_Priorities>Extend;Level;Level;Level;Fill;</Growth_Priorities><Version>0.1001</Version><Encounter_Type>Boss</Encounter_Type><Type>encounters</Type><Shrunk_Preset_Group>Nightmare</Shrunk_Preset_Group><Preset_Group>Nightmare</Preset_Group><Group>Playable</Group><Image>mini\unit\Darkness\Nightmare.jpg</Image><Encounter_Group>Dark</Encounter_Group><Filler_Types>Shade</Filler_Types><Name>Nightmare</Name></props></Nightmare><Huorn><params></params><props><Extended_Preset_Group>Huorn;Huorn</Extended_Preset_Group><Growth_Priorities>Extend;Level;Level;Level;Fill;</Growth_Priorities><Version>0.1001</Version><Encounter_Type>Boss</Encounter_Type><Type>encounters</Type><Shrunk_Preset_Group>Huorn</Shrunk_Preset_Group><Preset_Group>Huorn</Preset_Group><Group>Playable</Group><Image>mini\unit\Death\Huorn.jpg</Image><Encounter_Group>Undead</Encounter_Group><Filler_Types>Huorn</Filler_Types><Name>Huorn</Name></props></Huorn><Corpseborn><params></params><props><Extended_Preset_Group>Corpseborn;Corpseborn;Death Worshipper;Plague Servant;</Extended_Preset_Group><Growth_Priorities>Extend;Level;Level;Level;Fill;</Growth_Priorities><Version>0.1001</Version><Encounter_Type>Boss</Encounter_Type><Type>encounters</Type><Shrunk_Preset_Group>Corpseborn;</Shrunk_Preset_Group><Preset_Group>Corpseborn;Death Worshipper;Plague Servant;</Preset_Group><Group>Playable</Group><Image>mini\unit\Arcanum\Witch King\grimgrincorpseborn.jpg</Image><Encounter_Group>Undead</Encounter_Group><Filler_Types>Carrion Beetle;Plague Rat;</Filler_Types><Name>Corpseborn</Name></props></Corpseborn><Chosen_of_Arachnia><params></params><props><Extended_Preset_Group>Mycosa;Mycosa;</Extended_Preset_Group><Growth_Priorities>Extend;Level;Level;Level;Fill;</Growth_Priorities><Version>0.1002b</Version><Encounter_Type>Boss</Encounter_Type><Type>encounters</Type><Shrunk_Preset_Group>Black Widow;Pale Weaver;</Shrunk_Preset_Group><Preset_Group>Mycosa</Preset_Group><Group>Playable</Group><Image>mini\unit\Death\next\Mortalis.jpg</Image><Encounter_Group>Dungeon</Encounter_Group><Filler_Types>Black Widow;</Filler_Types><Name>Chosen of Arachnia</Name></props></Chosen_of_Arachnia><Lich><params></params><props><Extended_Preset_Group>Vampire Lord;Lich;</Extended_Preset_Group><Growth_Priorities>Level;</Growth_Priorities><Version>0.1003b</Version><Encounter_Type>Boss</Encounter_Type><Type>encounters</Type><Shrunk_Preset_Group>Lich;</Shrunk_Preset_Group><Preset_Group>Lich;</Preset_Group><Group>Playable</Group><Boss_Type>Lich;</Boss_Type><Image>mini\char\Death\plague lord2.jpg</Image><Encounter_Group>Undead</Encounter_Group><Name>Lich</Name></props></Lich><Orc_Khan><params></params><props><Extended_Preset_Group>Orc Khan;Orc Executioner;Orc Executioner;Orc Champion;Orc Ravager;</Extended_Preset_Group><Version>0.1002b</Version><Shrunk_Preset_Group>Orc Champion;</Shrunk_Preset_Group><Encounter_Group>Misc</Encounter_Group><Displayed_Name>Orc Khan</Displayed_Name><Growth_Priorities>Extend;Fill;Fill;Level;Level;</Growth_Priorities><Type>encounters</Type><Encounter_Type>Boss</Encounter_Type><Preset_Group>Orc Khan;Orc Executioner;Orc Ravager;</Preset_Group><Group>Playable</Group><Image>mini\unit\Neutral\arena\ork khan.jpg</Image><Name>Orc Khan</Name><Filler_Types>Orc Executioner;Orc Executioner;Orc Champion;Orc Ravager;</Filler_Types></props></Orc_Khan><Anti-Paladin><params></params><props><Extended_Preset_Group>Avenger</Extended_Preset_Group><Version>0.1003b</Version><Shrunk_Preset_Group>Chaos Knight</Shrunk_Preset_Group><Encounter_Group>Humans</Encounter_Group><Displayed_Name>Anti-Paladin</Displayed_Name><Growth_Priorities>Extend;Level;Level;Level;Level;Fill;Fill;</Growth_Priorities><Type>encounters</Type><Encounter_Type>Boss</Encounter_Type><Preset_Group>Anti-Paladin</Preset_Group><Group>xPlay</Group><Image>mini\unit\Neutral\arena\anti paladin.jpg</Image><Name>Anti-Paladin</Name><Filler_Types>Chaos Cultist;</Filler_Types></props></Anti-Paladin><Enchantress><params></params><props><Workspace_Group>Polish</Workspace_Group><Extended_Preset_Group>Enchantress;Witch;Witch;Assassin;Fallen Knight</Extended_Preset_Group><Version>0.1001</Version><Shrunk_Preset_Group>Witch;Assassin;Bounty Hunter</Shrunk_Preset_Group><Rank>Adept</Rank><Encounter_Group>Humans</Encounter_Group><Displayed_Name>Enchantress</Displayed_Name><Growth_Priorities>Extend;Level;Level;</Growth_Priorities><Type>encounters</Type><Encounter_Type>Boss</Encounter_Type><Preset_Group>Enchantress;Guardsman;Bounty Hunter</Preset_Group><Group>Playable</Group><Image>mini\char\Arcanum\witch king\Fiona.jpg</Image><Dev_Notes></Dev_Notes><Filler_Types></Filler_Types><Name>Enchantress</Name></props></Enchantress><Warlock><params></params><props><Workspace_Group>Polish</Workspace_Group><Extended_Preset_Group>Enchantress;Witch;Witch;Assassin;Fallen Knight</Extended_Preset_Group><Version>0.1001</Version><Shrunk_Preset_Group>Witch;Assassin;Bounty Hunter</Shrunk_Preset_Group><Rank>Adept</Rank><Encounter_Group>Humans</Encounter_Group><Displayed_Name>Warlock</Displayed_Name><Growth_Priorities>Extend;Level;Level;</Growth_Priorities><Type>encounters</Type><Encounter_Type>Boss</Encounter_Type><Preset_Group>Enchantress;Guardsman;Bounty Hunter</Preset_Group><Group>Playable</Group><Image>mini\char\Arcanum\witch king\Fiona.jpg</Image><Dev_Notes></Dev_Notes><Filler_Types></Filler_Types><Name>Warlock</Name></props></Warlock><Sorceress><params></params><props><Workspace_Group>Polish</Workspace_Group><Extended_Preset_Group>Enchantress;Witch;Witch;Assassin;Fallen Knight</Extended_Preset_Group><Version>0.1001</Version><Shrunk_Preset_Group>Witch;Assassin;Bounty Hunter</Shrunk_Preset_Group><Rank>Adept</Rank><Encounter_Group>Humans</Encounter_Group><Displayed_Name>Sorceress</Displayed_Name><Growth_Priorities>Extend;Level;Level;</Growth_Priorities><Type>encounters</Type><Encounter_Type>Boss</Encounter_Type><Preset_Group>Enchantress;Guardsman;Bounty Hunter</Preset_Group><Group>Playable</Group><Image>mini\char\Arcanum\witch king\Fiona.jpg</Image><Dev_Notes></Dev_Notes><Filler_Types></Filler_Types><Name>Sorceress</Name></props></Sorceress><Conjurer><params></params><props><Workspace_Group>Polish</Workspace_Group><Extended_Preset_Group>Enchantress;Witch;Witch;Assassin;Fallen Knight</Extended_Preset_Group><Version>0.1001</Version><Shrunk_Preset_Group>Witch;Assassin;Bounty Hunter</Shrunk_Preset_Group><Rank>Adept</Rank><Encounter_Group>Humans</Encounter_Group><Displayed_Name>Conjurer</Displayed_Name><Growth_Priorities>Extend;Level;Level;</Growth_Priorities><Type>encounters</Type><Encounter_Type>Boss</Encounter_Type><Preset_Group>Enchantress;Guardsman;Bounty Hunter</Preset_Group><Group>Playable</Group><Image>mini\char\Arcanum\Regulus.jpg</Image><Dev_Notes></Dev_Notes><Filler_Types></Filler_Types><Name>Conjurer</Name></props></Conjurer><Bone_Dragon><params></params><props><Extended_Preset_Group>Bone Dragon;Undead Beast;Undead Beast;</Extended_Preset_Group><Version>0.1002b</Version><Shrunk_Preset_Group>Zombified Wyvern;</Shrunk_Preset_Group><Encounter_Group>Monsters</Encounter_Group><Displayed_Name>Bone Dragon</Displayed_Name><Growth_Priorities>Extend;Level;Level;Level;Fill;Fill;Group;</Growth_Priorities><Type>encounters</Type><Encounter_Type>Boss</Encounter_Type><Preset_Group>Bone Dragon</Preset_Group><Group>Playable</Group><Image>mini\unit\Death\Dragonlich.jpg</Image><Name>Bone Dragon</Name><Filler_Types>Skeletal Beast;</Filler_Types></props></Bone_Dragon><Storm_Giant><params></params><props><Workspace_Group>Polish</Workspace_Group><Extended_Preset_Group>Storm Giant;Storm Giant;Valkyrie;Valkyrie</Extended_Preset_Group><Version>0.1002b</Version><Shrunk_Preset_Group>Storm Giant;</Shrunk_Preset_Group><Rank>Neophyte</Rank><Encounter_Group>Giants</Encounter_Group><Displayed_Name>Storm Giant</Displayed_Name><Growth_Priorities>Extend;Level;Level;Fill;Fill;</Growth_Priorities><Type>encounters</Type><Encounter_Type>Boss</Encounter_Type><Preset_Group>Storm Giant;Valkyrie</Preset_Group><Group>Playable</Group><Image>mini\unit\new\3giant.jpg</Image><Filler_Types>Storm Giant;Valkyrie</Filler_Types><Name>Storm Giant</Name></props></Storm_Giant><Frost_Giant><params></params><props><Workspace_Group>Polish</Workspace_Group><Extended_Preset_Group>Frost Giant;Frost Giant;Giantess;Giantess;</Extended_Preset_Group><Version>0.1002b</Version><Shrunk_Preset_Group>Frost Giant;</Shrunk_Preset_Group><Rank>Neophyte</Rank><Encounter_Group>Giants</Encounter_Group><Displayed_Name>Frost Giant</Displayed_Name><Growth_Priorities>Extend;Level;Level;Fill;Fill;</Growth_Priorities><Type>encounters</Type><Encounter_Type>Boss</Encounter_Type><Preset_Group>Frost Giant;Giantess;</Preset_Group><Group>Playable</Group><Image>mini\unit\new\5giant.jpg</Image><Filler_Types>Giantess;Frost Giant</Filler_Types><Name>Frost Giant</Name></props></Frost_Giant><Ogre><params></params><props><Extended_Preset_Group>Ogre;Ogre;Ogre;</Extended_Preset_Group><Version>0.1002b</Version><Shrunk_Preset_Group>Ogre;Ogre;</Shrunk_Preset_Group><Encounter_Group>Goblinoid</Encounter_Group><Displayed_Name>Ogre</Displayed_Name><Growth_Priorities>Extend;Level;Level;</Growth_Priorities><Type>encounters</Type><Encounter_Type>Boss</Encounter_Type><Preset_Group>Ogre;</Preset_Group><Group>Playable</Group><Image>mini\unit\Neutral\arena\Ogre.jpg</Image><Name>Ogre</Name><Filler_Types></Filler_Types></props></Ogre><Troll><params></params><props><Extended_Preset_Group>Troll;Troll;Troll;</Extended_Preset_Group><Version>0.1002b</Version><Shrunk_Preset_Group>Troll;Troll;</Shrunk_Preset_Group><Encounter_Group>Goblinoid</Encounter_Group><Displayed_Name>Troll</Displayed_Name><Growth_Priorities>Extend;Level;Level;</Growth_Priorities><Type>encounters</Type><Encounter_Type>Boss</Encounter_Type><Preset_Group>Troll</Preset_Group><Group>Playable</Group><Image>mini\unit\New2\3troll.jpg</Image><Name>Troll</Name><Filler_Types></Filler_Types></props></Troll><Exiled_Thane><params></params><props><Extended_Preset_Group>Exiled Thane;Dwarf Sharpeye;Dwarf Runepriest;Dwarf Veteran;Dwarf Veteran;</Extended_Preset_Group><Version>0.1002b</Version><Shrunk_Preset_Group>Exiled Thane;</Shrunk_Preset_Group><Encounter_Group>Goblinoid</Encounter_Group><Displayed_Name>Exiled Thane</Displayed_Name><Growth_Priorities>Extend;Fill;Fill;Level;Level;</Growth_Priorities><Type>encounters</Type><Encounter_Type>Boss</Encounter_Type><Preset_Group>Exiled Thane;Dwarf Sharpeye;Dwarf Runepriest;</Preset_Group><Group>Playable</Group><Image>mini\char\std\dwarf\ScenEdit 2012-01-01 14-38-04-57.jpg</Image><Name>Exiled Thane</Name><Filler_Types>Dwarf Veteran;</Filler_Types></props></Exiled_Thane><Mechanicum_Titan><params></params><props><Extended_Preset_Group>Mechanicum Titan;Mechanicum Titan</Extended_Preset_Group><Version>0.1002b</Version><Shrunk_Preset_Group>Mechanicum Titan</Shrunk_Preset_Group><Boss_Type>Mechanicum Titan</Boss_Type><Encounter_Group>Monsters</Encounter_Group><Displayed_Name>Mechanicum Titan</Displayed_Name><Growth_Priorities>Extend;Level;Level;Fill;</Growth_Priorities><Type>encounters</Type><Encounter_Type>Boss</Encounter_Type><Preset_Group>Mechanicum Titan;Ancient Automata;</Preset_Group><Group>Playable</Group><Image>mini\unit\Arcanum\Dark Steel Golem2.jpg</Image><Dev_Notes>Gargantuan Beast;</Dev_Notes><Filler_Types>Ancient Automata;</Filler_Types><Name>Mechanicum Titan</Name></props></Mechanicum_Titan></Boss></XML>