<XML><Jewelry><Pendant><params><Gold_Cost>25</Gold_Cost><Material_Quantity>1</Material_Quantity></params><props><Description>Grants the bearer {1}. </Description><Jewelry_Group>Amulets</Jewelry_Group><Item_Material_Group>Stone</Item_Material_Group><Type>jewelry</Type><Name>Pendant</Name><Variables>Passives</Variables><Image>mini\item\jewelry\talisman\pendant.jpg</Image><Group>Jewelry</Group><Jewelry_Type>Amulet</Jewelry_Type></props></Pendant><Magic_Ring><params><Gold_Cost>25</Gold_Cost><Material_Quantity>1</Material_Quantity><Turns_In_Game>0</Turns_In_Game><Str_Dmg_Modifier>0</Str_Dmg_Modifier><Agi_Dmg_Modifier>0</Agi_Dmg_Modifier><Sp_Dmg_Modifier>0</Sp_Dmg_Modifier><Int_Dmg_Modifier>0</Int_Dmg_Modifier><Strength>0</Strength><Vitality>0</Vitality><Agility>0</Agility><Dexterity>0</Dexterity><Willpower>0</Willpower><Intelligence>0</Intelligence><Spellpower>0</Spellpower><Knowledge>0</Knowledge><Wisdom>0</Wisdom><Charisma>0</Charisma><Energy>0</Energy><C_Energy>0</C_Energy><Enchantment_Capacity>0</Enchantment_Capacity></params><props><Description>Provides {1} bonus to {2}. </Description><Jewelry_Group>Rings</Jewelry_Group><Item_Material_Group>Bone</Item_Material_Group><Type>jewelry</Type><Name>Magic Ring</Name><Image>mini\item\jewelry\ring\ring.jpg</Image><Group>Jewelry</Group><Jewelry_Type>Ring</Jewelry_Type></props></Magic_Ring><Power_Ring><params><Gold_Cost>25</Gold_Cost><Material_Quantity>1</Material_Quantity><Turns_In_Game>0</Turns_In_Game><Str_Dmg_Modifier>0</Str_Dmg_Modifier><Agi_Dmg_Modifier>0</Agi_Dmg_Modifier><Sp_Dmg_Modifier>0</Sp_Dmg_Modifier><Int_Dmg_Modifier>0</Int_Dmg_Modifier><Strength>0</Strength><Vitality>0</Vitality><Agility>0</Agility><Dexterity>0</Dexterity><Willpower>0</Willpower><Intelligence>0</Intelligence><Spellpower>0</Spellpower><Knowledge>0</Knowledge><Wisdom>0</Wisdom><Charisma>0</Charisma><Energy>0</Energy><C_Energy>0</C_Energy><Enchantment_Capacity>0</Enchantment_Capacity></params><props><Description>Provides {1} bonus to {2}. </Description><Jewelry_Group>Rings</Jewelry_Group><Item_Material_Group>Stone</Item_Material_Group><Type>jewelry</Type><Name>Power Ring</Name><Image>mini\item\jewelry\ring\power ring.jpg</Image><Group>Jewelry</Group><Jewelry_Type>Ring</Jewelry_Type></props></Power_Ring><Signet><params><Gold_Cost>25</Gold_Cost><Material_Quantity>1</Material_Quantity><Turns_In_Game>0</Turns_In_Game><Str_Dmg_Modifier>0</Str_Dmg_Modifier><Agi_Dmg_Modifier>0</Agi_Dmg_Modifier><Sp_Dmg_Modifier>0</Sp_Dmg_Modifier><Int_Dmg_Modifier>0</Int_Dmg_Modifier><Strength>0</Strength><Vitality>0</Vitality><Agility>0</Agility><Dexterity>0</Dexterity><Willpower>0</Willpower><Intelligence>0</Intelligence><Spellpower>0</Spellpower><Knowledge>0</Knowledge><Wisdom>0</Wisdom><Charisma>0</Charisma><Energy>0</Energy><C_Energy>0</C_Energy><Enchantment_Capacity>0</Enchantment_Capacity></params><props><Description>Provides {1} bonus to {2}. </Description><Jewelry_Group>Rings</Jewelry_Group><Item_Material_Group>Metal</Item_Material_Group><Type>jewelry</Type><Name>Signet</Name><Image>mini\item\jewelry\ring\ring protection.jpg</Image><Group>Jewelry</Group><Jewelry_Type>Ring</Jewelry_Type></props></Signet><Necklace><params><Gold_Cost>25</Gold_Cost><Material_Quantity>1</Material_Quantity></params><props><Description>Grants the bearer {1}. </Description><Jewelry_Group>Amulets</Jewelry_Group><Item_Material_Group>Stone</Item_Material_Group><Type>jewelry</Type><Name>Necklace</Name><Variables>Passives</Variables><Image>mini\item\jewelry\talisman\necklace.jpg</Image><Group>Jewelry</Group><Jewelry_Type>Amulet</Jewelry_Type></props></Necklace><Amulet><params><Material_Quantity>1</Material_Quantity><Gold_Cost>25</Gold_Cost><Turns_In_Game>0</Turns_In_Game><Str_Dmg_Modifier>0</Str_Dmg_Modifier><Agi_Dmg_Modifier>0</Agi_Dmg_Modifier><Sp_Dmg_Modifier>0</Sp_Dmg_Modifier><Int_Dmg_Modifier>0</Int_Dmg_Modifier><Strength>0</Strength><Vitality>0</Vitality><Agility>0</Agility><Dexterity>0</Dexterity><Willpower>0</Willpower><Intelligence>0</Intelligence><Spellpower>0</Spellpower><Knowledge>0</Knowledge><Wisdom>0</Wisdom><Charisma>0</Charisma><Energy>0</Energy><C_Energy>0</C_Energy><Enchantment_Capacity>0</Enchantment_Capacity></params><props><Description>Provides +{1} bonus to {2}. </Description><Jewelry_Group>Amulets</Jewelry_Group><Item_Material_Group>Stone</Item_Material_Group><Type>jewelry</Type><Name>Amulet</Name><Image>mini\item\jewelry\talisman\amulet.jpg</Image><Group>Jewelry</Group><Jewelry_Type>Amulet</Jewelry_Type></props></Amulet><Bracer><params><Gold_Cost>25</Gold_Cost><Material_Quantity>1</Material_Quantity><Turns_In_Game>0</Turns_In_Game><Str_Dmg_Modifier>0</Str_Dmg_Modifier><Agi_Dmg_Modifier>0</Agi_Dmg_Modifier><Sp_Dmg_Modifier>0</Sp_Dmg_Modifier><Int_Dmg_Modifier>0</Int_Dmg_Modifier><Strength>0</Strength><Vitality>0</Vitality><Agility>0</Agility><Dexterity>0</Dexterity><Willpower>0</Willpower><Intelligence>0</Intelligence><Spellpower>0</Spellpower><Knowledge>0</Knowledge><Wisdom>0</Wisdom><Charisma>0</Charisma><Energy>0</Energy><C_Energy>0</C_Energy><Enchantment_Capacity>0</Enchantment_Capacity></params><props><Description>Provides {1} bonus to {2}. </Description><Jewelry_Group>Rings</Jewelry_Group><Item_Material_Group>Stone</Item_Material_Group><Type>jewelry</Type><Name>Bracer</Name><Image>mini\item\jewelry\ring\ring weapon.jpg</Image><Group>Jewelry</Group><Jewelry_Type>Ring</Jewelry_Type></props></Bracer><Noble_Ring><params><Gold_Cost>25</Gold_Cost><Material_Quantity>1</Material_Quantity><Turns_In_Game>0</Turns_In_Game><Str_Dmg_Modifier>0</Str_Dmg_Modifier><Agi_Dmg_Modifier>0</Agi_Dmg_Modifier><Sp_Dmg_Modifier>0</Sp_Dmg_Modifier><Int_Dmg_Modifier>0</Int_Dmg_Modifier><Strength>0</Strength><Vitality>0</Vitality><Agility>0</Agility><Dexterity>0</Dexterity><Willpower>0</Willpower><Intelligence>0</Intelligence><Spellpower>0</Spellpower><Knowledge>0</Knowledge><Wisdom>0</Wisdom><Charisma>0</Charisma><Energy>0</Energy><C_Energy>0</C_Energy><Enchantment_Capacity>0</Enchantment_Capacity></params><props><Description>Provides {1} bonus to {2}. </Description><Jewelry_Group>Rings</Jewelry_Group><Item_Material_Group>Bone</Item_Material_Group><Type>jewelry</Type><Name>Noble Ring</Name><Image>mini\item\jewelry\ring\ring magic.jpg</Image><Group>Jewelry</Group><Jewelry_Type>Ring</Jewelry_Type></props></Noble_Ring><Possessed_Ring><params><Gold_Cost>25</Gold_Cost><Material_Quantity>1</Material_Quantity><Turns_In_Game>0</Turns_In_Game><Str_Dmg_Modifier>0</Str_Dmg_Modifier><Agi_Dmg_Modifier>0</Agi_Dmg_Modifier><Sp_Dmg_Modifier>0</Sp_Dmg_Modifier><Int_Dmg_Modifier>0</Int_Dmg_Modifier><Strength>0</Strength><Vitality>0</Vitality><Agility>0</Agility><Dexterity>0</Dexterity><Willpower>0</Willpower><Intelligence>0</Intelligence><Spellpower>0</Spellpower><Knowledge>0</Knowledge><Wisdom>0</Wisdom><Charisma>0</Charisma><Energy>0</Energy><C_Energy>0</C_Energy><Enchantment_Capacity>0</Enchantment_Capacity></params><props><Description>Provides {1} bonus to {2}. </Description><Jewelry_Group>Rings</Jewelry_Group><Item_Material_Group>Stone</Item_Material_Group><Type>jewelry</Type><Name>Possessed Ring</Name><Image>mini\item\jewelry\ring\possessed ring2.jpg</Image><Group>Jewelry</Group><Jewelry_Type>Ring</Jewelry_Type></props></Possessed_Ring><Bone_Ring><params><Gold_Cost>25</Gold_Cost><Material_Quantity>1</Material_Quantity><Turns_In_Game>0</Turns_In_Game><Str_Dmg_Modifier>0</Str_Dmg_Modifier><Agi_Dmg_Modifier>0</Agi_Dmg_Modifier><Sp_Dmg_Modifier>0</Sp_Dmg_Modifier><Int_Dmg_Modifier>0</Int_Dmg_Modifier><Strength>0</Strength><Vitality>0</Vitality><Agility>0</Agility><Dexterity>0</Dexterity><Willpower>0</Willpower><Intelligence>0</Intelligence><Spellpower>0</Spellpower><Knowledge>0</Knowledge><Wisdom>0</Wisdom><Charisma>0</Charisma><Energy>0</Energy><C_Energy>0</C_Energy><Enchantment_Capacity>0</Enchantment_Capacity></params><props><Description>Provides {1} bonus to {2}. </Description><Jewelry_Group>Rings</Jewelry_Group><Item_Material_Group>Stone</Item_Material_Group><Type>jewelry</Type><Name>Bone Ring</Name><Image>mini\item\jewelry\ring\evil ring.jpg</Image><Group>Jewelry</Group><Jewelry_Type>Ring</Jewelry_Type></props></Bone_Ring></Jewelry></XML>