<XML><Heavy><Cuirass><params><Piercing_Resistance>35</Piercing_Resistance><Durability_Percentage>100</Durability_Percentage><Water_Resistance>0</Water_Resistance><Armor>6</Armor><Shadow_Resistance>0</Shadow_Resistance><Holy_Resistance>0</Holy_Resistance><Psionic_Resistance>0</Psionic_Resistance><Durability_Modifier>50</Durability_Modifier><Earth_Resistance>0</Earth_Resistance><Air_Resistance>0</Air_Resistance><Bludgeoning_Resistance>25</Bludgeoning_Resistance><Concealment>0</Concealment><Weight>2</Weight><C_Durability>5</C_Durability><Fire_Resistance>0</Fire_Resistance><Chaos_Resistance>0</Chaos_Resistance><Stealth>-10</Stealth><Attack_Bonus>0</Attack_Bonus><Defense_Bonus>0</Defense_Bonus><Detection>-5</Detection><Material_Quantity>8</Material_Quantity><Resistance_Modifier>0</Resistance_Modifier><Durability>10</Durability><Arcane_Resistance>0</Arcane_Resistance><Spell_Armor>{Armor_C_Durability}/2</Spell_Armor><Slashing_Resistance>35</Slashing_Resistance><Poison_Resistance>0</Poison_Resistance><Death_Resistance>0</Death_Resistance><Gold_Cost>45</Gold_Cost><Quick_Slots>1</Quick_Slots><Armor_Modifier>80</Armor_Modifier><Cost_Modifier>120</Cost_Modifier><Attack_Mod>115</Attack_Mod><Defense_Mod>110</Defense_Mod><Durability_Self_Damage_Mod>100</Durability_Self_Damage_Mod><Durability_Damage_Mod>100</Durability_Damage_Mod><Move_Sta_Penalty>-10</Move_Sta_Penalty><Move_Ap_Penalty>-10</Move_Ap_Penalty><Spell_Sta_Penalty>-10</Spell_Sta_Penalty><Spell_Ess_Penalty>-10</Spell_Ess_Penalty><Critical_Reduction>20</Critical_Reduction></params><props><Description>A lot of craftsmanship goes into making a Cuirass and the result is a combination of full plate's solidity and breastplate's relative mobility, with twice as many accessible places to strap on items.</Description><Armor_Group>Plate</Armor_Group><Name>Cuirass</Name><Item_Material_Group>Metal</Item_Material_Group><Type>armor</Type><Quality_Level>Normal</Quality_Level><Version>0.1003b</Version><Image>mini\item\armor\set\Cuirass2.jpg</Image><Armor_Type>Heavy</Armor_Type></props></Cuirass><Chain_Shirt><params><Stealth>0</Stealth><Detection>0</Detection><Material_Quantity>3</Material_Quantity><Resistance_Modifier>0</Resistance_Modifier><Armor>1</Armor><Spell_Armor>0</Spell_Armor><Gold_Cost>15</Gold_Cost><Durability_Modifier>120</Durability_Modifier><Armor_Modifier>120</Armor_Modifier><Cost_Modifier>120</Cost_Modifier><Weight>2</Weight><Durability>6</Durability><Piercing_Resistance>0</Piercing_Resistance><Bludgeoning_Resistance>15</Bludgeoning_Resistance><Slashing_Resistance>0</Slashing_Resistance><Attack_Mod>100</Attack_Mod><Defense_Mod>110</Defense_Mod><Durability_Self_Damage_Mod>100</Durability_Self_Damage_Mod><Durability_Damage_Mod>100</Durability_Damage_Mod><Critical_Reduction>5</Critical_Reduction></params><props><Description>It won't save you from any heavy weapon's blow, but it will soften up any lesser attacks considerably and won't slow you down much. </Description><Armor_Group>Chain</Armor_Group><Name>Chain Shirt</Name><Item_Material_Group>Metal</Item_Material_Group><Type>armor</Type><Version>0.1002b</Version><Image>mini\item\armor\set\Chain Shirt2.jpg</Image><Armor_Type>Heavy</Armor_Type></props></Chain_Shirt><Full_Plate><params><Weight>5</Weight><Piercing_Resistance>35</Piercing_Resistance><Stealth>-25</Stealth><Detection>-10</Detection><Material_Quantity>10</Material_Quantity><Resistance_Modifier>0</Resistance_Modifier><Armor>14</Armor><Slashing_Resistance>35</Slashing_Resistance><Spell_Armor>{Armor_C_Durability}/4</Spell_Armor><Gold_Cost>20</Gold_Cost><Durability_Modifier>60</Durability_Modifier><Armor_Modifier>75</Armor_Modifier><Durability>10</Durability><Bludgeoning_Resistance>35</Bludgeoning_Resistance><Cost_Modifier>80</Cost_Modifier><Attack_Mod>100</Attack_Mod><Defense_Mod>100</Defense_Mod><Durability_Self_Damage_Mod>100</Durability_Self_Damage_Mod><Durability_Damage_Mod>100</Durability_Damage_Mod><Side_Sight_Penalty>1</Side_Sight_Penalty><Critical_Reduction>25</Critical_Reduction></params><props><Description>If they kill you, it will not be with a single blow. </Description><Armor_Group>Plate</Armor_Group><Name>Full Plate</Name><Item_Material_Group>Metal</Item_Material_Group><Type>armor</Type><Quality_Level>Normal</Quality_Level><Version>0.1003b</Version><Image>mini\item\armor\set\Fullplate2.jpg</Image><Armor_Type>Heavy</Armor_Type></props></Full_Plate><Half_Plate><params><Weight>3</Weight><Stealth>-15</Stealth><Detection>-5</Detection><Material_Quantity>6</Material_Quantity><Resistance_Modifier>0</Resistance_Modifier><Armor>6</Armor><Slashing_Resistance>25</Slashing_Resistance><Spell_Armor>{Armor_C_Durability}/4</Spell_Armor><Gold_Cost>20</Gold_Cost><Durability_Modifier>75</Durability_Modifier><Armor_Modifier>120</Armor_Modifier><Durability>7</Durability><Cost_Modifier>100</Cost_Modifier><Bludgeoning_Resistance>25</Bludgeoning_Resistance><Piercing_Resistance>20</Piercing_Resistance><Attack_Mod>100</Attack_Mod><Defense_Mod>105</Defense_Mod><Durability_Self_Damage_Mod>100</Durability_Self_Damage_Mod><Durability_Damage_Mod>100</Durability_Damage_Mod><Critical_Reduction>15</Critical_Reduction></params><props><Description>You can trust this to be half as good as full plate and twice as good as nothing.</Description><Armor_Group>Plate</Armor_Group><Name>Half Plate</Name><Item_Material_Group>Metal</Item_Material_Group><Type>armor</Type><Quality_Level>Normal</Quality_Level><Version>0.1003b</Version><Image>mini\item\armor\set\Half Plate.jpg</Image><Armor_Type>Heavy</Armor_Type></props></Half_Plate><Breastplate><params><Weight>3</Weight><Stealth>-5</Stealth><Detection>0</Detection><Material_Quantity>5</Material_Quantity><Resistance_Modifier>0</Resistance_Modifier><Armor>4</Armor><Slashing_Resistance>15</Slashing_Resistance><Spell_Armor>{Armor_C_Durability}/4</Spell_Armor><Gold_Cost>15</Gold_Cost><Durability_Modifier>75</Durability_Modifier><Armor_Modifier>100</Armor_Modifier><Durability>6</Durability><Cost_Modifier>100</Cost_Modifier><Piercing_Resistance>15</Piercing_Resistance><Bludgeoning_Resistance>15</Bludgeoning_Resistance><Attack_Mod>100</Attack_Mod><Defense_Mod>100</Defense_Mod><Durability_Self_Damage_Mod>100</Durability_Self_Damage_Mod><Durability_Damage_Mod>100</Durability_Damage_Mod><Spell_Ess_Penalty>-10</Spell_Ess_Penalty><Spell_Sta_Penalty>-10</Spell_Sta_Penalty><Critical_Reduction>10</Critical_Reduction></params><props><Armor_Group>Plate</Armor_Group><Name>Breastplate</Name><Item_Material_Group>Metal</Item_Material_Group><Type>armor</Type><Quality_Level>Normal</Quality_Level><Version>0.1002b</Version><Image>mini\item\armor\set\Breast Plate2.jpg</Image><Armor_Type>Heavy</Armor_Type></props></Breastplate><Chainmail><params><Stealth>-5</Stealth><Detection>0</Detection><Material_Quantity>5</Material_Quantity><Resistance_Modifier>0</Resistance_Modifier><Armor>3</Armor><Spell_Armor>0</Spell_Armor><Gold_Cost>15</Gold_Cost><Durability_Modifier>100</Durability_Modifier><Armor_Modifier>100</Armor_Modifier><Cost_Modifier>115</Cost_Modifier><Weight>4</Weight><Durability>8</Durability><Piercing_Resistance>0</Piercing_Resistance><Bludgeoning_Resistance>25</Bludgeoning_Resistance><Slashing_Resistance>0</Slashing_Resistance><Attack_Mod>100</Attack_Mod><Defense_Mod>100</Defense_Mod><Durability_Self_Damage_Mod>100</Durability_Self_Damage_Mod><Durability_Damage_Mod>100</Durability_Damage_Mod><Critical_Reduction>10</Critical_Reduction></params><props><Description>Still more flexible than any plate armor, chainmail provides enough protection to take care of all minor attacks. </Description><Armor_Group>Chain</Armor_Group><Name>Chainmail</Name><Item_Material_Group>Metal</Item_Material_Group><Type>armor</Type><Version>0.1002b</Version><Image>mini\item\armor\set\Chainmail.jpg</Image><Armor_Type>Heavy</Armor_Type></props></Chainmail><Scalemail><params><Stealth>0</Stealth><Detection>0</Detection><Material_Quantity>4</Material_Quantity><Resistance_Modifier>0</Resistance_Modifier><Armor>2</Armor><Spell_Armor>0</Spell_Armor><Gold_Cost>15</Gold_Cost><Durability_Modifier>115</Durability_Modifier><Armor_Modifier>110</Armor_Modifier><Cost_Modifier>125</Cost_Modifier><Weight>2</Weight><Durability>7</Durability><Piercing_Resistance>0</Piercing_Resistance><Bludgeoning_Resistance>20</Bludgeoning_Resistance><Slashing_Resistance>0</Slashing_Resistance><Attack_Mod>100</Attack_Mod><Defense_Mod>110</Defense_Mod><Durability_Self_Damage_Mod>100</Durability_Self_Damage_Mod><Durability_Damage_Mod>100</Durability_Damage_Mod><Critical_Reduction>5</Critical_Reduction></params><props><Description>A fine balance between protection and mobility. </Description><Armor_Group>Chain</Armor_Group><Name>Scalemail</Name><Item_Material_Group>Metal</Item_Material_Group><Type>armor</Type><Version>0.1002b</Version><Image>mini\item\armor\set\Scale Armor.jpg</Image><Armor_Type>Heavy</Armor_Type></props></Scalemail></Heavy><Light><Robe><params><Piercing_Resistance>0</Piercing_Resistance><Durability_Percentage>100</Durability_Percentage><Water_Resistance>0</Water_Resistance><Armor>0</Armor><Shadow_Resistance>0</Shadow_Resistance><Holy_Resistance>0</Holy_Resistance><Psionic_Resistance>0</Psionic_Resistance><Durability_Modifier>100</Durability_Modifier><Earth_Resistance>0</Earth_Resistance><Air_Resistance>{Armor_C_Durability}/2</Air_Resistance><Bludgeoning_Resistance>0</Bludgeoning_Resistance><Concealment>0</Concealment><Weight>0</Weight><C_Durability>5</C_Durability><Fire_Resistance>{Armor_C_Durability}/2</Fire_Resistance><Chaos_Resistance>0</Chaos_Resistance><Stealth>0</Stealth><Attack_Bonus>0</Attack_Bonus><Defense_Bonus>0</Defense_Bonus><Detection>0</Detection><Material_Quantity>6</Material_Quantity><Resistance_Modifier>10</Resistance_Modifier><Durability>5</Durability><Arcane_Resistance>0</Arcane_Resistance><Slashing_Resistance>0</Slashing_Resistance><Poison_Resistance>0</Poison_Resistance><Death_Resistance>0</Death_Resistance><Gold_Cost>15</Gold_Cost><Quick_Slots>3</Quick_Slots><Armor_Modifier>100</Armor_Modifier><Cost_Modifier>100</Cost_Modifier><Attack_Mod>100</Attack_Mod><Defense_Mod>100</Defense_Mod><Durability_Self_Damage_Mod>100</Durability_Self_Damage_Mod><Durability_Damage_Mod>100</Durability_Damage_Mod><Cold_Resistance>{Armor_C_Durability}/2</Cold_Resistance><Acid_Resistance>{Armor_C_Durability}/2</Acid_Resistance><Lightning_Resistance>{Armor_C_Durability}/2</Lightning_Resistance><Light_Resistance>{Armor_C_Durability}/2</Light_Resistance><Sonic_Resistance>{Armor_C_Durability}/2</Sonic_Resistance></params><props><Armor_Group>Cloth</Armor_Group><Name>Robe</Name><Item_Material_Group>Cloth</Item_Material_Group><Type>armor</Type><Version>0.1002</Version><Image>mini\item\armor\basic\Wizard Robes5.jpg</Image><Armor_Type>Light</Armor_Type></props></Robe><Wizard_Robe><params><Piercing_Resistance>0</Piercing_Resistance><Durability_Percentage>100</Durability_Percentage><Water_Resistance>{Armor_C_Durability}</Water_Resistance><Armor>0</Armor><Shadow_Resistance>0</Shadow_Resistance><Holy_Resistance>0</Holy_Resistance><Psionic_Resistance></Psionic_Resistance><Durability_Modifier>100</Durability_Modifier><Earth_Resistance>{Armor_C_Durability}</Earth_Resistance><Air_Resistance>{Armor_C_Durability}</Air_Resistance><Bludgeoning_Resistance>0</Bludgeoning_Resistance><Concealment>0</Concealment><Weight>0</Weight><C_Durability>5</C_Durability><Fire_Resistance>{Armor_C_Durability}</Fire_Resistance><Chaos_Resistance>{Armor_C_Durability}/2</Chaos_Resistance><Stealth>-15</Stealth><Attack_Bonus>0</Attack_Bonus><Defense_Bonus>0</Defense_Bonus><Detection>0</Detection><Material_Quantity>5</Material_Quantity><Resistance_Modifier>25</Resistance_Modifier><Durability>5</Durability><Arcane_Resistance>{Armor_C_Durability}</Arcane_Resistance><Slashing_Resistance>0</Slashing_Resistance><Poison_Resistance>0</Poison_Resistance><Death_Resistance>0</Death_Resistance><Gold_Cost>35</Gold_Cost><Quick_Slots>2</Quick_Slots><Armor_Modifier>75</Armor_Modifier><Cost_Modifier>100</Cost_Modifier><Attack_Mod>100</Attack_Mod><Defense_Mod>100</Defense_Mod><Durability_Self_Damage_Mod>100</Durability_Self_Damage_Mod><Durability_Damage_Mod>100</Durability_Damage_Mod><Cold_Resistance>{Armor_C_Durability}</Cold_Resistance><Lightning_Resistance>{Armor_C_Durability}</Lightning_Resistance><Sonic_Resistance>{Armor_C_Durability}</Sonic_Resistance><Light_Resistance>{Armor_C_Durability}/2</Light_Resistance></params><props><Armor_Group>Cloth</Armor_Group><Name>Wizard Robe</Name><Item_Material_Group>Cloth</Item_Material_Group><Type>armor</Type><Version>0.1002</Version><Image>mini\item\armor\basic\INV_Chest_Cloth_87.jpg</Image><Armor_Type>Light</Armor_Type><Passives>ParamMod(Wizardry Mastery Score, {armor_c_durability})</Passives></props></Wizard_Robe><Adept_Robe><params><Shadow_Resistance>{Armor_C_Durability}*2</Shadow_Resistance><Defense_Mod>100</Defense_Mod><Concealment>0</Concealment><Quick_Slots>2</Quick_Slots><Piercing_Resistance>0</Piercing_Resistance><C_Durability>5</C_Durability><Durability_Percentage>100</Durability_Percentage><Weight>0</Weight><Cost_Modifier>100</Cost_Modifier><Durability_Modifier>75</Durability_Modifier><Chaos_Resistance>{Armor_C_Durability}*2</Chaos_Resistance><Stealth>-15</Stealth><Durability>4</Durability><Attack_Mod>100</Attack_Mod><Durability_Damage_Mod>100</Durability_Damage_Mod><Psionic_Resistance>0</Psionic_Resistance><Death_Resistance>0</Death_Resistance><Detection>0</Detection><Gold_Cost>25</Gold_Cost><Air_Resistance>{Armor_C_Durability}/2</Air_Resistance><Attack_Bonus>0</Attack_Bonus><Armor_Modifier>75</Armor_Modifier><Water_Resistance>{Armor_C_Durability}/2</Water_Resistance><Holy_Resistance>0</Holy_Resistance><Poison_Resistance>0</Poison_Resistance><Arcane_Resistance>{Armor_C_Durability}*2</Arcane_Resistance><Fire_Resistance>{Armor_C_Durability}/2</Fire_Resistance><Defense_Bonus>0</Defense_Bonus><Earth_Resistance>{Armor_C_Durability}/2</Earth_Resistance><Resistance_Modifier>15</Resistance_Modifier><Slashing_Resistance>0</Slashing_Resistance><Durability_Self_Damage_Mod>100</Durability_Self_Damage_Mod><Bludgeoning_Resistance>0</Bludgeoning_Resistance><Armor>1</Armor><Material_Quantity>5</Material_Quantity><Cold_Resistance>{Armor_C_Durability}/2</Cold_Resistance><Lightning_Resistance>{Armor_C_Durability}/2</Lightning_Resistance><Acid_Resistance>{Armor_C_Durability}/2</Acid_Resistance><Light_Resistance>{Armor_C_Durability}/2</Light_Resistance><Sonic_Resistance>{Armor_C_Durability}/2</Sonic_Resistance></params><props><Description>Increases your final Spellcraft score by {info_durability}%. </Description><Armor_Group>Cloth</Armor_Group><Name>Adept Robe</Name><Item_Material_Group>Cloth</Item_Material_Group><Type>armor</Type><Version>0.1002</Version><Image>mini\item\armor\basic\INV_Chest_Cloth_87v2.jpg</Image><Armor_Type>Light</Armor_Type><Passives>ParamMod(Spellcraft Mastery Score, {armor_c_durability})</Passives></props></Adept_Robe><Rogue_Outfit><params><Cost_Modifier>125</Cost_Modifier><Piercing_Resistance>0</Piercing_Resistance><Fire_Resistance>0</Fire_Resistance><Stealth>{Armor_C_Durability}</Stealth><Material_Quantity>3</Material_Quantity><Water_Resistance>0</Water_Resistance><Armor>0</Armor><Durability>2</Durability><Slashing_Resistance>10</Slashing_Resistance><Spell_Armor>0</Spell_Armor><Poison_Resistance>15</Poison_Resistance><Gold_Cost>45</Gold_Cost><Durability_Modifier>75</Durability_Modifier><Earth_Resistance>0</Earth_Resistance><Quick_Slots>3</Quick_Slots><Armor_Modifier>75</Armor_Modifier><Resistance_Modifier>10</Resistance_Modifier><Weight>0</Weight><Detection>0</Detection><Concealment>0</Concealment><Air_Resistance>0</Air_Resistance><Chaos_Resistance>0</Chaos_Resistance><Holy_Resistance>0</Holy_Resistance><Shadow_Resistance>0</Shadow_Resistance><Arcane_Resistance>0</Arcane_Resistance><Death_Resistance>0</Death_Resistance><Psionic_Resistance>0</Psionic_Resistance><Bludgeoning_Resistance>0</Bludgeoning_Resistance><Attack_Bonus>0</Attack_Bonus><Defense_Bonus>0</Defense_Bonus><Durability_Percentage>1000000</Durability_Percentage><Attack_Mod>100</Attack_Mod><Defense_Mod>125</Defense_Mod><Durability_Self_Damage_Mod>100</Durability_Self_Damage_Mod><Durability_Damage_Mod>100</Durability_Damage_Mod></params><props><Description>Increases your Stealth by {info_durability} and provides {info_quick slots} quick slots. </Description><Armor_Group>Leather</Armor_Group><Name>Rogue Outfit</Name><Item_Material_Group>Leather</Item_Material_Group><Type>armor</Type><Version>0.1002b</Version><Image>mini\item\armor\basic\Cloak.jpg</Image><Armor_Type>Light</Armor_Type></props></Rogue_Outfit><Full_Outfit><params><Spell_Armor>2</Spell_Armor><Gold_Cost>35</Gold_Cost><Quick_Slots>1</Quick_Slots><Material_Quantity>6</Material_Quantity><Armor>0</Armor><Cost_Modifier>80</Cost_Modifier><Weight>0</Weight><Durability>1</Durability><Armor_Modifier>80</Armor_Modifier><Durability_Modifier>80</Durability_Modifier><Resistance_Modifier>10</Resistance_Modifier><Attack_Mod>100</Attack_Mod><Defense_Mod>100</Defense_Mod><Durability_Self_Damage_Mod>100</Durability_Self_Damage_Mod><Durability_Damage_Mod>100</Durability_Damage_Mod><Detection>10</Detection><Bludgeoning_Resistance>10</Bludgeoning_Resistance></params><props><Armor_Group>Leather</Armor_Group><Name>Full Outfit</Name><Item_Material_Group>Leather</Item_Material_Group><Type>armor</Type><Version>0.1002b</Version><Image>mini\item\armor\set\leather\INV_Chest_Leather_10.jpg</Image><Armor_Type>Light</Armor_Type></props></Full_Outfit><Outfit><params><Spell_Armor>2</Spell_Armor><Gold_Cost>25</Gold_Cost><Quick_Slots>1</Quick_Slots><Material_Quantity>4</Material_Quantity><Armor>0</Armor><Cost_Modifier>115</Cost_Modifier><Weight>0</Weight><Durability>3</Durability><Armor_Modifier>90</Armor_Modifier><Durability_Modifier>90</Durability_Modifier><Resistance_Modifier>10</Resistance_Modifier><Attack_Mod>100</Attack_Mod><Defense_Mod>115</Defense_Mod><Durability_Self_Damage_Mod>100</Durability_Self_Damage_Mod><Durability_Damage_Mod>100</Durability_Damage_Mod><Detection>10</Detection></params><props><Description>endurance regen</Description><Armor_Group>Leather</Armor_Group><Name>Outfit</Name><Item_Material_Group>Leather</Item_Material_Group><Type>armor</Type><Image>mini\item\armor\set\leather\INV_Chest_Leather_07.jpg</Image><Armor_Type>Light</Armor_Type></props></Outfit><Light_Outfit><params><Durability>4</Durability><Fire_Resistance>12</Fire_Resistance><Spell_Armor>2</Spell_Armor><Gold_Cost>15</Gold_Cost><Earth_Resistance>12</Earth_Resistance><Durability_Modifier>100</Durability_Modifier><Quick_Slots>2</Quick_Slots><Material_Quantity>2</Material_Quantity><Armor_Modifier>100</Armor_Modifier><Water_Resistance>12</Water_Resistance><Armor>0</Armor><Cost_Modifier>125</Cost_Modifier><Weight>0</Weight><Resistance_Modifier>10</Resistance_Modifier><Detection>0</Detection><Concealment>0</Concealment><Stealth>0</Stealth><Air_Resistance>0</Air_Resistance><Chaos_Resistance>0</Chaos_Resistance><Holy_Resistance>0</Holy_Resistance><Shadow_Resistance>0</Shadow_Resistance><Arcane_Resistance>0</Arcane_Resistance><Poison_Resistance>0</Poison_Resistance><Death_Resistance>0</Death_Resistance><Psionic_Resistance>0</Psionic_Resistance><Piercing_Resistance>0</Piercing_Resistance><Bludgeoning_Resistance>0</Bludgeoning_Resistance><Slashing_Resistance>0</Slashing_Resistance><Attack_Bonus>0</Attack_Bonus><Defense_Bonus>0</Defense_Bonus><Durability_Percentage>1000000</Durability_Percentage><Attack_Mod>100</Attack_Mod><Defense_Mod>125</Defense_Mod><Durability_Self_Damage_Mod>100</Durability_Self_Damage_Mod><Durability_Damage_Mod>100</Durability_Damage_Mod></params><props><Armor_Group>Leather</Armor_Group><Name>Light Outfit</Name><Item_Material_Group>Leather</Item_Material_Group><Type>armor</Type><Image>mini\item\armor\set\leather\INV_Chest_Leather_09.jpg</Image><Armor_Type>Light</Armor_Type></props></Light_Outfit><Cleric_Robe><params><Piercing_Resistance>0</Piercing_Resistance><Durability_Percentage>100</Durability_Percentage><Armor>0</Armor><Shadow_Resistance>{Armor_C_Durability}*2</Shadow_Resistance><Holy_Resistance>{Armor_C_Durability}*2</Holy_Resistance><Psionic_Resistance>0</Psionic_Resistance><Durability_Modifier>125</Durability_Modifier><Bludgeoning_Resistance>0</Bludgeoning_Resistance><Concealment>0</Concealment><Weight>0</Weight><C_Durability>5</C_Durability><Chaos_Resistance>{Armor_C_Durability}</Chaos_Resistance><Stealth>-15</Stealth><Attack_Bonus>0</Attack_Bonus><Defense_Bonus>0</Defense_Bonus><Detection>0</Detection><Material_Quantity>6</Material_Quantity><Resistance_Modifier>25</Resistance_Modifier><Durability>7</Durability><Slashing_Resistance>0</Slashing_Resistance><Poison_Resistance>0</Poison_Resistance><Death_Resistance>0</Death_Resistance><Gold_Cost>15</Gold_Cost><Quick_Slots>1</Quick_Slots><Armor_Modifier>75</Armor_Modifier><Cost_Modifier>100</Cost_Modifier><Attack_Mod>100</Attack_Mod><Defense_Mod>100</Defense_Mod><Durability_Self_Damage_Mod>100</Durability_Self_Damage_Mod><Durability_Damage_Mod>100</Durability_Damage_Mod></params><props><Description>Increases your final Divination score by {info_durability}%. </Description><Armor_Group>Cloth</Armor_Group><Name>Cleric Robe</Name><Item_Material_Group>Cloth</Item_Material_Group><Type>armor</Type><Image>mini\item\armor\basic\Cleric Robes.png</Image><Armor_Type>Light</Armor_Type><Passives>ParamMod(Divination Mastery Score, {armor_c_durability})</Passives></props></Cleric_Robe><Monk_Robe><params><Durability_Percentage>100</Durability_Percentage><Water_Resistance>0</Water_Resistance><Armor>0</Armor><Shadow_Resistance>0</Shadow_Resistance><Holy_Resistance>0</Holy_Resistance><Psionic_Resistance>0</Psionic_Resistance><Durability_Modifier>100</Durability_Modifier><Earth_Resistance>0</Earth_Resistance><Air_Resistance>0</Air_Resistance><Concealment>0</Concealment><Weight>0</Weight><C_Durability>5</C_Durability><Fire_Resistance>0</Fire_Resistance><Chaos_Resistance>0</Chaos_Resistance><Stealth>0</Stealth><Attack_Bonus>0</Attack_Bonus><Defense_Bonus>0</Defense_Bonus><Detection>0</Detection><Material_Quantity>6</Material_Quantity><Resistance_Modifier>10</Resistance_Modifier><Durability>5</Durability><Arcane_Resistance>0</Arcane_Resistance><Poison_Resistance>0</Poison_Resistance><Death_Resistance>0</Death_Resistance><Gold_Cost>15</Gold_Cost><Quick_Slots>3</Quick_Slots><Armor_Modifier>100</Armor_Modifier><Cost_Modifier>100</Cost_Modifier><Attack_Mod>100</Attack_Mod><Defense_Mod>100</Defense_Mod><Durability_Self_Damage_Mod>100</Durability_Self_Damage_Mod><Durability_Damage_Mod>100</Durability_Damage_Mod></params><props><Description>Increases your final Unarmed Mastery score by {info_durability}%. </Description><Armor_Group>Cloth</Armor_Group><Name>Monk Robe</Name><Item_Material_Group>Cloth</Item_Material_Group><Type>armor</Type><Version>0.1002</Version><Image>mini\item\armor\basic\INV_Misc_Desecrated_ClothChest.jpg</Image><Armor_Type>Light</Armor_Type><Passives>ParamMod(Unarmed Mastery Score, {armor_c_durability})</Passives></props></Monk_Robe><Druid_Robe><params><Shadow_Resistance>{Armor_C_Durability}*2</Shadow_Resistance><Defense_Mod>100</Defense_Mod><Concealment>0</Concealment><Quick_Slots>2</Quick_Slots><Piercing_Resistance>0</Piercing_Resistance><C_Durability>5</C_Durability><Durability_Percentage>100</Durability_Percentage><Weight>0</Weight><Cost_Modifier>100</Cost_Modifier><Durability_Modifier>75</Durability_Modifier><Chaos_Resistance>{Armor_C_Durability}*2</Chaos_Resistance><Stealth>-15</Stealth><Durability>4</Durability><Attack_Mod>100</Attack_Mod><Durability_Damage_Mod>100</Durability_Damage_Mod><Psionic_Resistance>0</Psionic_Resistance><Death_Resistance>{Armor_C_Durability}</Death_Resistance><Detection>0</Detection><Gold_Cost>25</Gold_Cost><Air_Resistance>{Armor_C_Durability}/2</Air_Resistance><Attack_Bonus>0</Attack_Bonus><Armor_Modifier>75</Armor_Modifier><Water_Resistance>{Armor_C_Durability}/2</Water_Resistance><Holy_Resistance>0</Holy_Resistance><Poison_Resistance>{Armor_C_Durability}*2</Poison_Resistance><Arcane_Resistance>{Armor_C_Durability}*2</Arcane_Resistance><Fire_Resistance>{Armor_C_Durability}/2</Fire_Resistance><Defense_Bonus>0</Defense_Bonus><Earth_Resistance>{Armor_C_Durability}*2</Earth_Resistance><Resistance_Modifier>15</Resistance_Modifier><Slashing_Resistance>0</Slashing_Resistance><Durability_Self_Damage_Mod>100</Durability_Self_Damage_Mod><Bludgeoning_Resistance>0</Bludgeoning_Resistance><Armor>1</Armor><Material_Quantity>5</Material_Quantity><Cold_Resistance>{Armor_C_Durability}*2</Cold_Resistance><Acid_Resistance>{Armor_C_Durability}*2</Acid_Resistance></params><props><Description>Increases your final Meditation score by {info_durability}%. </Description><Armor_Group>Cloth</Armor_Group><Name>Druid Robe</Name><Item_Material_Group>Cloth</Item_Material_Group><Type>armor</Type><Version>0.1002</Version><Image>mini\item\armor\basic\INV_Chest_Cloth_87v3.jpg</Image><Armor_Type>Light</Armor_Type><Passives>ParamMod(Meditation Mastery Score, {armor_c_durability})</Passives></props></Druid_Robe></Light></XML>