<XML><Arcanum><Trickster_Raven><params><Endurance_Percentage>100</Endurance_Percentage><Focus_Percentage>100</Focus_Percentage><Toughness_Percentage>100</Toughness_Percentage><Strength>6</Strength><Knowledge>6</Knowledge><Xp>260</Xp><Base_Spellpower>6</Base_Spellpower><Base_Wisdom>6</Base_Wisdom><Base_Damage>2</Base_Damage><Base_Agility>14</Base_Agility><Stamina>5</Stamina><Vitality>5</Vitality><Interrupt_Damage>100</Interrupt_Damage><Wisdom>6</Wisdom><Base_Strength>6</Base_Strength><Base_Intelligence>7</Base_Intelligence><Spirit>2</Spirit><Base_Knowledge>6</Base_Knowledge><C_Quick_Slots>4</C_Quick_Slots><Sight_Range>3</Sight_Range><Base_Charisma>5</Base_Charisma><Starting_Focus>25</Starting_Focus><Damage_Mod>100</Damage_Mod><Agility>14</Agility><Base_Willpower>6</Base_Willpower><Base_Dexterity>13</Base_Dexterity><Focus>100</Focus><Dexterity>13</Dexterity><Initiative_Percentage>100</Initiative_Percentage><Stamina_Percentage>100</Stamina_Percentage><Initiative_Modifier>10</Initiative_Modifier><Charisma>5</Charisma><Willpower>6</Willpower><Essence_Percentage>100</Essence_Percentage><Quick_Slots>4</Quick_Slots><Intelligence>7</Intelligence><Resistance>14</Resistance><Carrying_Capacity>200</Carrying_Capacity><Armor_Mod>100</Armor_Mod><N_Of_Counters>1</N_Of_Counters><Initiative_Bonus>5</Initiative_Bonus><N_Of_Actions>4</N_Of_Actions><Spellpower>6</Spellpower><Essence>30</Essence><Base_Vitality>5</Base_Vitality><N_Of_Actions_Percentage>1000000</N_Of_Actions_Percentage><N_Of_Counters_Percentage>1000000</N_Of_Counters_Percentage><Attack_Mod>100</Attack_Mod><Defense_Mod>100</Defense_Mod><Morale>30</Morale><Gold_Mod>100</Gold_Mod><Attr_Points_Per_Level>5</Attr_Points_Per_Level><Mastery_Points_Per_Level>5</Mastery_Points_Per_Level><Offhand_Attack_Mod>50</Offhand_Attack_Mod><Offhand_Damage_Mod>75</Offhand_Damage_Mod><Counter_Mod>50</Counter_Mod><Morale_Percentage>1000000</Morale_Percentage><Cadence_Sta_Mod>-35</Cadence_Sta_Mod><Cadence_Ap_Mod>-25</Cadence_Ap_Mod><Quantity>1</Quantity><Total_Xp>260</Total_Xp><Level>2</Level><Power>26</Power><Detection>10</Detection><Xp_Gain_Mod>100</Xp_Gain_Mod><Xp_Level_Mod>100</Xp_Level_Mod><Summoned_Xp_Mod>100</Summoned_Xp_Mod><Upkeep_Mod>100</Upkeep_Mod><Main_Hand_Gold_Percentage>70</Main_Hand_Gold_Percentage><Armor_Gold_Percentage>40</Armor_Gold_Percentage><Organization>100</Organization><Battle_Spirit>100</Battle_Spirit><Gold_Per_Level>100</Gold_Per_Level><Girth>75</Girth></params><props><Spellbook></Spellbook><Natural_Weapon>Petty Beak;</Natural_Weapon><Name>Trickster Raven</Name><Classifications>Avian;Animal;</Classifications><Group>Familiars</Group><Known_Spells></Known_Spells><Deity>Witch King</Deity><Std_Bools>Source Dependent</Std_Bools><Passives>ParamBonus(Evasion, 10+10*{level});ParamBonus(Astral Resistances, 5+5*{level});ParamBonus(Accuracy, 10+5* {level});Parameter Bonus Custom Target Max(Summoner,Spellpower bonus, Spellpower,2+{Summoner_Intelligence}/5, 10);</Passives><Description>Can steal a spell from enemy hero for 2 turns</Description><Aspect>Arcanum</Aspect><Attribute_Progression>Intelligence(18);Strength(5);Spellpower(8);Charisma(10);Wisdom(9);Agility(18);Knowledge(11);Dexterity(20);</Attribute_Progression><Actives>Short Flight</Actives><Type>units</Type><Version>0.05</Version><Image>mini\unit\Arcanum\Raven2.jpg</Image><Ai_Type>sneak</Ai_Type><Displayed_Name>Trickster Raven</Displayed_Name><Standard_Passives>No Retaliation;Darkvision;Non Obstructing;Dexterous;Small;</Standard_Passives></props></Trickster_Raven><Void_Eidolon><params><Spirit>3</Spirit><Level>1</Level><Resistance>30</Resistance><Base_Damage>9</Base_Damage><Toughness>90</Toughness><N_Of_Counters>2</N_Of_Counters><N_Of_Actions>3</N_Of_Actions><Endurance>40</Endurance><Total_Xp>100</Total_Xp><Power>10</Power><C_Quick_Slots>2</C_Quick_Slots><Morale>30</Morale><Stamina>5</Stamina><Focus>100</Focus><Xp>100</Xp><Armor_Mod>100</Armor_Mod><Carrying_Capacity>25</Carrying_Capacity><Initiative_Modifier>10</Initiative_Modifier><Initiative_Bonus>5</Initiative_Bonus><Interrupt_Damage>100</Interrupt_Damage><Gold_Mod>100</Gold_Mod><Xp_Gain_Mod>100</Xp_Gain_Mod><Xp_Level_Mod>100</Xp_Level_Mod><Damage_Mod>100</Damage_Mod><Attack_Mod>100</Attack_Mod><Offhand_Attack_Mod>50</Offhand_Attack_Mod><Offhand_Damage_Mod>75</Offhand_Damage_Mod><Defense_Mod>100</Defense_Mod><Counter_Mod>50</Counter_Mod><Initiative_Percentage>1000000</Initiative_Percentage><Endurance_Percentage>1000000</Endurance_Percentage><Toughness_Percentage>1000000</Toughness_Percentage><Essence_Percentage>1000000</Essence_Percentage><Focus_Percentage>1000000</Focus_Percentage><Stamina_Percentage>1000000</Stamina_Percentage><Morale_Percentage>1000000</Morale_Percentage><N_Of_Actions_Percentage>1000000</N_Of_Actions_Percentage><N_Of_Counters_Percentage>1000000</N_Of_Counters_Percentage><Cadence_Sta_Mod>-35</Cadence_Sta_Mod><Cadence_Ap_Mod>-25</Cadence_Ap_Mod><Summoned_Xp_Mod>100</Summoned_Xp_Mod><Upkeep_Mod>100</Upkeep_Mod><Main_Hand_Gold_Percentage>70</Main_Hand_Gold_Percentage><Armor_Gold_Percentage>40</Armor_Gold_Percentage><Quantity>1</Quantity><Organization>100</Organization><Battle_Spirit>100</Battle_Spirit><Detection>10</Detection><Gold_Per_Level>100</Gold_Per_Level></params><props><Spellbook></Spellbook><Soundset>WRAITH</Soundset><Name>Void Eidolon</Name><Natural_Weapon>Average Fist</Natural_Weapon><Group>Nocturnal</Group><Known_Spells></Known_Spells><Workspace_Group>Complete</Workspace_Group><Deity>Void Lord</Deity><Passives>Immaterial;Arcane Inversion(150)</Passives><Aspect>Arcanum</Aspect><Type>units</Type><Version>0.1003b</Version><Image>mini\unit\Arcanum\Void Eidolon.jpg</Image><Displayed_Name>Void Eidolon</Displayed_Name></props></Void_Eidolon><Void_Spawn><params><Spirit>3</Spirit><Level>2</Level><Resistance>30</Resistance><Base_Damage>9</Base_Damage><Toughness>125</Toughness><Armor_Penetration>4</Armor_Penetration><N_Of_Counters>2</N_Of_Counters><N_Of_Actions>3</N_Of_Actions><Endurance>40</Endurance><Total_Xp>220</Total_Xp><Power>22</Power><C_Quick_Slots>2</C_Quick_Slots><Morale>30</Morale><Stamina>5</Stamina><Focus>100</Focus><Armor_Mod>100</Armor_Mod><Carrying_Capacity>25</Carrying_Capacity><Initiative_Modifier>10</Initiative_Modifier><Initiative_Bonus>5</Initiative_Bonus><Detection>10</Detection><Interrupt_Damage>100</Interrupt_Damage><Gold_Mod>100</Gold_Mod><Xp_Gain_Mod>100</Xp_Gain_Mod><Xp_Level_Mod>100</Xp_Level_Mod><Damage_Mod>100</Damage_Mod><Attack_Mod>100</Attack_Mod><Offhand_Attack_Mod>50</Offhand_Attack_Mod><Offhand_Damage_Mod>75</Offhand_Damage_Mod><Defense_Mod>100</Defense_Mod><Counter_Mod>50</Counter_Mod><Initiative_Percentage>1000000</Initiative_Percentage><Endurance_Percentage>1000000</Endurance_Percentage><Toughness_Percentage>1000000</Toughness_Percentage><Essence_Percentage>1000000</Essence_Percentage><Focus_Percentage>1000000</Focus_Percentage><Stamina_Percentage>1000000</Stamina_Percentage><Morale_Percentage>1000000</Morale_Percentage><N_Of_Actions_Percentage>1000000</N_Of_Actions_Percentage><N_Of_Counters_Percentage>1000000</N_Of_Counters_Percentage><Cadence_Sta_Mod>-35</Cadence_Sta_Mod><Cadence_Ap_Mod>-25</Cadence_Ap_Mod><Summoned_Xp_Mod>100</Summoned_Xp_Mod><Upkeep_Mod>100</Upkeep_Mod><Main_Hand_Gold_Percentage>70</Main_Hand_Gold_Percentage><Armor_Gold_Percentage>40</Armor_Gold_Percentage><Quantity>1</Quantity><Xp>220</Xp></params><props><Spellbook></Spellbook><Ai_Modifiers>True Brute</Ai_Modifiers><Soundset>WRAITH</Soundset><Name>Void Spawn</Name><Natural_Weapon>Average Fist</Natural_Weapon><Group>Nocturnal</Group><Known_Spells></Known_Spells><Deity>Void Lord</Deity><Passives>Immaterial;Arcane Inversion(150);Agile;Magical Attack(50;2);</Passives><Aspect>Arcanum</Aspect><Type>units</Type><Version>0.1003</Version><Image>mini\unit\Arcanum\Void Spawn.jpg</Image><Displayed_Name>Void Spawn</Displayed_Name></props></Void_Spawn><Twisted_Mutant><params><Level>2</Level><Endurance_Percentage>100</Endurance_Percentage><Endurance_Regen>26</Endurance_Regen><Focus_Percentage>100</Focus_Percentage><Toughness_Percentage>100</Toughness_Percentage><Strength>5</Strength><Knowledge>5</Knowledge><Xp>320</Xp><Base_Spellpower>6</Base_Spellpower><Base_Wisdom>4</Base_Wisdom><Base_Damage>15</Base_Damage><Earth_Resistance>35</Earth_Resistance><Base_Agility>6</Base_Agility><Toughness>15</Toughness><Vitality>15</Vitality><Interrupt_Damage>100</Interrupt_Damage><Wisdom>4</Wisdom><Water_Resistance>35</Water_Resistance><Base_Strength>5</Base_Strength><Shadow_Resistance>35</Shadow_Resistance><Base_Intelligence>5</Base_Intelligence><Attack>5</Attack><Spirit>2</Spirit><Weight>186</Weight><Base_Knowledge>5</Base_Knowledge><C_Quick_Slots>4</C_Quick_Slots><Endurance>5</Endurance><Sight_Range>2</Sight_Range><Base_Charisma>1</Base_Charisma><Poison_Resistance>75</Poison_Resistance><Starting_Focus>25</Starting_Focus><Damage_Mod>100</Damage_Mod><Agility>6</Agility><Base_Willpower>6</Base_Willpower><Base_Dexterity>16</Base_Dexterity><Total_Xp>320</Total_Xp><Focus>100</Focus><Dexterity>16</Dexterity><Initiative_Percentage>100</Initiative_Percentage><Stamina_Percentage>100</Stamina_Percentage><Initiative_Modifier>10</Initiative_Modifier><Power>32</Power><Charisma>1</Charisma><Willpower>6</Willpower><Essence_Percentage>100</Essence_Percentage><Quick_Slots>4</Quick_Slots><Intelligence>5</Intelligence><Resistance>4</Resistance><Carrying_Capacity>200</Carrying_Capacity><Armor_Mod>100</Armor_Mod><Initiative_Bonus>5</Initiative_Bonus><Behind_Sight_Bonus>1</Behind_Sight_Bonus><Bludgeoning_Resistance>35</Bludgeoning_Resistance><N_Of_Actions>2</N_Of_Actions><Spellpower>6</Spellpower><Arcane_Resistance>50</Arcane_Resistance><Defense>5</Defense><Base_Vitality>15</Base_Vitality><N_Of_Actions_Percentage>1000000</N_Of_Actions_Percentage><N_Of_Counters_Percentage>1000000</N_Of_Counters_Percentage><Morale>30</Morale><Attack_Mod>100</Attack_Mod><Defense_Mod>100</Defense_Mod><Morale_Percentage>1000000</Morale_Percentage><Gold_Mod>100</Gold_Mod><Attr_Points_Per_Level>5</Attr_Points_Per_Level><Mastery_Points_Per_Level>5</Mastery_Points_Per_Level><Offhand_Attack_Mod>50</Offhand_Attack_Mod><Offhand_Damage_Mod>75</Offhand_Damage_Mod><Counter_Mod>50</Counter_Mod><Cadence_Sta_Mod>-35</Cadence_Sta_Mod><Cadence_Ap_Mod>-25</Cadence_Ap_Mod><Quantity>1</Quantity><Stamina>5</Stamina><Detection>10</Detection><Xp_Gain_Mod>100</Xp_Gain_Mod><Xp_Level_Mod>100</Xp_Level_Mod><Summoned_Xp_Mod>100</Summoned_Xp_Mod><Upkeep_Mod>100</Upkeep_Mod><Main_Hand_Gold_Percentage>70</Main_Hand_Gold_Percentage><Armor_Gold_Percentage>40</Armor_Gold_Percentage><Cold_Resistance>35</Cold_Resistance><Acid_Resistance>65</Acid_Resistance><Sonic_Resistance>35</Sonic_Resistance><Chaos_Resistance>25</Chaos_Resistance><Death_Resistance>45</Death_Resistance><Psionic_Resistance>35</Psionic_Resistance></params><props><Spellbook></Spellbook><Ai_Modifiers>True Brute</Ai_Modifiers><Soundset>ABOMINATION</Soundset><Natural_Weapon>Average Claws</Natural_Weapon><Name>Twisted Mutant</Name><Group>Nocturnal</Group><Known_Spells></Known_Spells><Workspace_Group>Polish</Workspace_Group><Deity>Witch King</Deity><Passives>Tainted Blood({level}*2);ParamBonus(Physical Resistances, {level}*5);ParamBonus(Toughness, {level}*5);ParamBonus(Base Damage, {level}*2);</Passives><Offhand_Natural_Weapon>Average Maw</Offhand_Natural_Weapon><Aspect>Arcanum</Aspect><Attribute_Progression>Strength(14);Willpower(19);Spellpower(11);Agility(6);Dexterity(9);Vitality(26);</Attribute_Progression><Dev_Notes>Rampant Mutation alter per turn;Mutagen on attack</Dev_Notes><Type>units</Type><Version>0.1003</Version><Image>mini\unit\Arcanum\mutant1.jpg</Image><Principles>PROGRESS;AMBITION;</Principles><Displayed_Name>Twisted Mutant</Displayed_Name><Standard_Passives>Critical Immune;Darkvision;Zombified;Relentless;</Standard_Passives></props></Twisted_Mutant><Eldritch_Strix><params><Endurance_Percentage>100</Endurance_Percentage><Focus_Percentage>100</Focus_Percentage><Toughness_Percentage>100</Toughness_Percentage><Xp>260</Xp><Base_Damage>6</Base_Damage><Toughness>15</Toughness><Stamina>5</Stamina><Interrupt_Damage>100</Interrupt_Damage><Spirit>3</Spirit><Endurance>45</Endurance><Sight_Range>3</Sight_Range><Starting_Focus>25</Starting_Focus><Damage_Mod>100</Damage_Mod><Focus>100</Focus><Initiative_Percentage>100</Initiative_Percentage><Stamina_Percentage>100</Stamina_Percentage><Initiative_Modifier>10</Initiative_Modifier><Essence_Percentage>100</Essence_Percentage><Quick_Slots>4</Quick_Slots><Resistance>35</Resistance><Carrying_Capacity>200</Carrying_Capacity><Armor_Mod>100</Armor_Mod><N_Of_Counters>1</N_Of_Counters><Initiative_Bonus>5</Initiative_Bonus><N_Of_Actions>4</N_Of_Actions><Essence>30</Essence><C_Quick_Slots>2</C_Quick_Slots><N_Of_Actions_Percentage>1000000</N_Of_Actions_Percentage><N_Of_Counters_Percentage>1000000</N_Of_Counters_Percentage><Morale>30</Morale><Attack_Mod>100</Attack_Mod><Defense_Mod>100</Defense_Mod><Morale_Percentage>1000000</Morale_Percentage><Gold_Mod>100</Gold_Mod><Attr_Points_Per_Level>5</Attr_Points_Per_Level><Mastery_Points_Per_Level>5</Mastery_Points_Per_Level><Offhand_Attack_Mod>50</Offhand_Attack_Mod><Offhand_Damage_Mod>75</Offhand_Damage_Mod><Counter_Mod>50</Counter_Mod><Cadence_Sta_Mod>-35</Cadence_Sta_Mod><Cadence_Ap_Mod>-25</Cadence_Ap_Mod><Quantity>1</Quantity><Total_Xp>260</Total_Xp><Level>2</Level><Power>26</Power><Detection>10</Detection><Xp_Gain_Mod>100</Xp_Gain_Mod><Xp_Level_Mod>100</Xp_Level_Mod><Summoned_Xp_Mod>100</Summoned_Xp_Mod><Upkeep_Mod>100</Upkeep_Mod><Main_Hand_Gold_Percentage>70</Main_Hand_Gold_Percentage><Armor_Gold_Percentage>40</Armor_Gold_Percentage><Strength>5</Strength><Vitality>6</Vitality><Agility>11</Agility><Dexterity>11</Dexterity><Willpower>7</Willpower><Intelligence>13</Intelligence><Spellpower>14</Spellpower><Knowledge>16</Knowledge><Wisdom>16</Wisdom><Charisma>6</Charisma><Base_Strength>5</Base_Strength><Base_Vitality>6</Base_Vitality><Base_Agility>11</Base_Agility><Base_Dexterity>11</Base_Dexterity><Base_Willpower>7</Base_Willpower><Base_Intelligence>13</Base_Intelligence><Base_Spellpower>14</Base_Spellpower><Base_Knowledge>16</Base_Knowledge><Base_Wisdom>16</Base_Wisdom><Base_Charisma>6</Base_Charisma><Sorcery_Mastery>8</Sorcery_Mastery><Enchantment_Mastery>8</Enchantment_Mastery><Organization>100</Organization><Battle_Spirit>100</Battle_Spirit><Chaos_Resistance>25</Chaos_Resistance><Arcane_Resistance>25</Arcane_Resistance><Psionic_Resistance>25</Psionic_Resistance><Gold_Per_Level>100</Gold_Per_Level><Girth>75</Girth><Sorcery_Mastery_Score>8</Sorcery_Mastery_Score><Enchantment_Mastery_Score>8</Enchantment_Mastery_Score></params><props><Spellbook>Arcane Bolt;Time Warp;Misstep;</Spellbook><Natural_Weapon>Petty Beak;</Natural_Weapon><Name>Eldritch Strix</Name><Classifications>Avian;Animal;</Classifications><Group>Familiars</Group><Known_Spells>Arcane Bolt;Time Warp;Misstep;</Known_Spells><Mastery_Progression>Sorcery(3);Enchantment(6);Wizardry(5);Spellcraft(4);</Mastery_Progression><Deity>Lord of Magic</Deity><Passives>ParamBonus(Evasion, 10+10*{level});ParamBonus(Astral Resistances, 5+5*{level});ParamBonus(Accuracy, 10+5* {level});  Parameter Bonus Custom Target Max(Summoner,Eldritch Strix: Essence Regeneration Bonus, Essence Regen,3+{Summoner_Wisdom}/5, 10);</Passives><Offhand_Natural_Weapon>Petty Claws;</Offhand_Natural_Weapon><Description>Can steal a spell from enemy hero for 2 turns</Description><Aspect>Arcanum</Aspect><Actives>Short Flight</Actives><Type>units</Type><Version>0.05</Version><Spell_Plan>Dispel(5);Arcane Bolt(7);Time Warp(9);Misstep(6);Spell Matrix(9);Confusion(8);</Spell_Plan><Image>mini\unit\Arcanum\strix.jpg</Image><Principles>LAW;PROGRESS;</Principles><Displayed_Name>Eldritch Strix</Displayed_Name><Standard_Passives>First Strike;Small;Darkvision;Flying;</Standard_Passives></props></Eldritch_Strix><Gargoyle_Sentinel><params><Level>4</Level><Endurance_Percentage>100</Endurance_Percentage><Agility>6</Agility><Focus_Percentage>100</Focus_Percentage><Toughness_Percentage>100</Toughness_Percentage><Strength>12</Strength><Knowledge>12</Knowledge><Armor>12</Armor><Focus>100</Focus><Base_Damage>9</Base_Damage><Air_Resistance>25</Air_Resistance><Earth_Resistance>25</Earth_Resistance><Dexterity>8</Dexterity><Initiative_Percentage>100</Initiative_Percentage><Stamina_Percentage>100</Stamina_Percentage><Initiative_Modifier>10</Initiative_Modifier><Charisma>4</Charisma><Toughness>15</Toughness><Detection>5</Detection><Willpower>14</Willpower><Essence_Percentage>100</Essence_Percentage><Stamina>8</Stamina><Conjuration_Mastery>12</Conjuration_Mastery><Vitality>12</Vitality><Intelligence>8</Intelligence><Resistance>12</Resistance><Wisdom>12</Wisdom><N_Of_Counters>2</N_Of_Counters><Water_Resistance>25</Water_Resistance><Holy_Resistance>15</Holy_Resistance><Shadow_Resistance>25</Shadow_Resistance><Initiative_Bonus>5</Initiative_Bonus><Behind_Sight_Bonus>1</Behind_Sight_Bonus><Attack>7</Attack><N_Of_Actions>4</N_Of_Actions><Spirit>2</Spirit><Chaos_Resistance>25</Chaos_Resistance><Spellpower>12</Spellpower><Endurance>45</Endurance><Arcane_Resistance>35</Arcane_Resistance><Sight_Range>3</Sight_Range><Defense>14</Defense><Poison_Resistance>100</Poison_Resistance><Starting_Focus>25</Starting_Focus><Quick_Slots>2</Quick_Slots><C_Quick_Slots>2</C_Quick_Slots><Total_Xp>750</Total_Xp><Power>75</Power><Xp>750</Xp><Base_Strength>12</Base_Strength><Base_Vitality>12</Base_Vitality><Base_Agility>6</Base_Agility><Base_Dexterity>8</Base_Dexterity><Base_Willpower>14</Base_Willpower><Base_Intelligence>8</Base_Intelligence><Base_Spellpower>12</Base_Spellpower><Base_Knowledge>12</Base_Knowledge><Base_Wisdom>12</Base_Wisdom><Base_Charisma>4</Base_Charisma><Armor_Mod>100</Armor_Mod><Weight>215</Weight><Carrying_Capacity>160</Carrying_Capacity><Interrupt_Damage>100</Interrupt_Damage><Spellcraft_Mastery>12</Spellcraft_Mastery><Celestial_Mastery>7</Celestial_Mastery><Damage_Mod>100</Damage_Mod><N_Of_Actions_Percentage>1000000</N_Of_Actions_Percentage><N_Of_Counters_Percentage>1000000</N_Of_Counters_Percentage><Morale>30</Morale><Attack_Mod>100</Attack_Mod><Defense_Mod>100</Defense_Mod><Morale_Percentage>1000000</Morale_Percentage><Gold_Mod>100</Gold_Mod><Attr_Points_Per_Level>5</Attr_Points_Per_Level><Mastery_Points_Per_Level>5</Mastery_Points_Per_Level><Offhand_Attack_Mod>50</Offhand_Attack_Mod><Offhand_Damage_Mod>75</Offhand_Damage_Mod><Counter_Mod>50</Counter_Mod><Cadence_Sta_Mod>-35</Cadence_Sta_Mod><Cadence_Ap_Mod>-25</Cadence_Ap_Mod><Quantity>1</Quantity><Xp_Gain_Mod>100</Xp_Gain_Mod><Xp_Level_Mod>100</Xp_Level_Mod><Summoned_Xp_Mod>100</Summoned_Xp_Mod><Upkeep_Mod>100</Upkeep_Mod><Main_Hand_Gold_Percentage>70</Main_Hand_Gold_Percentage><Armor_Gold_Percentage>40</Armor_Gold_Percentage><Enchantment_Mastery>8</Enchantment_Mastery></params><props><Spellbook>Force Field;Iron Fist;Misstep;Vertigo;Misstep: Stumble;Light;Sky Bolt;</Spellbook><Natural_Weapon>Sizable Claws</Natural_Weapon><Name>Gargoyle Sentinel</Name><Classifications>Construct;</Classifications><Known_Spells>Force Field;Iron Fist;Misstep;Vertigo;Misstep: Stumble;Light;Sky Bolt;</Known_Spells><Workspace_Group>Test</Workspace_Group><Deity>Lord of Magic</Deity><Passives>ParamBonus(Armor|Essence Regeneration, {level}*2)</Passives><Offhand_Natural_Weapon>Dire Arcane Force</Offhand_Natural_Weapon><Verbatim_Spells></Verbatim_Spells><Aspect>Arcanum</Aspect><Attribute_Progression>Intelligence(6);Strength(8);Willpower(9);Spellpower(11);Wisdom(10);Dexterity(4);Knowledge(5);Vitality(7);</Attribute_Progression><Dev_Notes>Arcane Bolt;Iron Fist;Force Field;Light;Dispel</Dev_Notes><Actives>Short Flight</Actives><Type>units</Type><Version>0.1002</Version><Image>mini\unit\Arcanum\Sentinel.jpg</Image><Principles>Law;Progress;</Principles><Ai_Type>Caster</Ai_Type><Displayed_Name>Gargoyle Sentinel</Displayed_Name><Standard_Passives>Darkvision;Non Obstructing;Vigilance;Flying;</Standard_Passives></props></Gargoyle_Sentinel><Iron_Golem><params><Level>3</Level><Endurance_Percentage>100</Endurance_Percentage><Armor>11</Armor><Focus_Percentage>100</Focus_Percentage><Toughness_Percentage>100</Toughness_Percentage><Strength>15</Strength><Knowledge>10</Knowledge><Xp>450</Xp><N_Of_Actions_Percentage>1000000</N_Of_Actions_Percentage><Ap_Penalty>1</Ap_Penalty><Base_Damage>15</Base_Damage><Base_Agility>5</Base_Agility><Toughness>30</Toughness><Stamina>5</Stamina><Vitality>5</Vitality><Interrupt_Damage>100</Interrupt_Damage><Base_Strength>15</Base_Strength><Base_Intelligence>5</Base_Intelligence><Spirit>-2</Spirit><Weight>300</Weight><Base_Knowledge>10</Base_Knowledge><C_Quick_Slots>2</C_Quick_Slots><Endurance>65</Endurance><Sight_Range>2</Sight_Range><N_Of_Counters_Percentage>1000000</N_Of_Counters_Percentage><Spell_Armor>10</Spell_Armor><Starting_Focus>25</Starting_Focus><Damage_Mod>100</Damage_Mod><Agility>5</Agility><Base_Willpower>10</Base_Willpower><Base_Dexterity>5</Base_Dexterity><Total_Xp>450</Total_Xp><Focus>100</Focus><Dexterity>5</Dexterity><Initiative_Percentage>100</Initiative_Percentage><Stamina_Percentage>100</Stamina_Percentage><Power>45</Power><Willpower>10</Willpower><Essence_Percentage>100</Essence_Percentage><Quick_Slots>2</Quick_Slots><Intelligence>5</Intelligence><Carrying_Capacity>800</Carrying_Capacity><Armor_Mod>100</Armor_Mod><N_Of_Counters>9</N_Of_Counters><Initiative_Bonus>5</Initiative_Bonus><Behind_Sight_Bonus>1</Behind_Sight_Bonus><Side_Sight_Penalty>1</Side_Sight_Penalty><N_Of_Actions>14</N_Of_Actions><Base_Vitality>5</Base_Vitality><Morale>30</Morale><Attack_Mod>100</Attack_Mod><Defense_Mod>100</Defense_Mod><Morale_Percentage>1000000</Morale_Percentage><Gold_Mod>100</Gold_Mod><Attr_Points_Per_Level>5</Attr_Points_Per_Level><Mastery_Points_Per_Level>5</Mastery_Points_Per_Level><Offhand_Attack_Mod>50</Offhand_Attack_Mod><Offhand_Damage_Mod>75</Offhand_Damage_Mod><Counter_Mod>50</Counter_Mod><Cadence_Sta_Mod>-35</Cadence_Sta_Mod><Cadence_Ap_Mod>-25</Cadence_Ap_Mod><Quantity>1</Quantity><Initiative_Modifier>2</Initiative_Modifier><Detection>10</Detection><Xp_Gain_Mod>100</Xp_Gain_Mod><Xp_Level_Mod>100</Xp_Level_Mod><Summoned_Xp_Mod>100</Summoned_Xp_Mod><Upkeep_Mod>100</Upkeep_Mod><Main_Hand_Gold_Percentage>70</Main_Hand_Gold_Percentage><Armor_Gold_Percentage>40</Armor_Gold_Percentage><Piercing_Resistance>15</Piercing_Resistance><Bludgeoning_Resistance>35</Bludgeoning_Resistance><Slashing_Resistance>25</Slashing_Resistance><Fire_Resistance>25</Fire_Resistance><Cold_Resistance>75</Cold_Resistance><Light_Resistance>35</Light_Resistance><Holy_Resistance>25</Holy_Resistance><Shadow_Resistance>50</Shadow_Resistance><Arcane_Resistance>35</Arcane_Resistance><Poison_Resistance>100</Poison_Resistance><Death_Resistance>100</Death_Resistance><Psionic_Resistance>100</Psionic_Resistance><Organization>100</Organization><Battle_Spirit>100</Battle_Spirit><Gold_Per_Level>100</Gold_Per_Level></params><props><Spellbook></Spellbook><Ai_Modifiers>True Brute</Ai_Modifiers><Soundset>units\golem iron</Soundset><Natural_Weapon>Iron Armored Fist</Natural_Weapon><Name>Iron Golem</Name><Classifications>Mechanical</Classifications><Group>Nocturnal</Group><Known_Spells></Known_Spells><Deity>Iron God</Deity><Passives>ParamBonus(Armor|Physical Resistances, {level}*3) ;Self-Reset({level}/2);</Passives><Offhand_Natural_Weapon>Iron Armored Fist</Offhand_Natural_Weapon><Aspect>Arcanum</Aspect><Type>units</Type><Version>0.1003b</Version><Image>mini\unit\Arcanum\Iron Golem.jpg</Image><Principles>Progress;</Principles><Ai_Type>True Brute</Ai_Type><Displayed_Name>Iron Golem</Displayed_Name><Standard_Passives>Automata;</Standard_Passives></props></Iron_Golem><Void_Phantom><params><Spirit>3</Spirit><Level>3</Level><Resistance>30</Resistance><Base_Damage>9</Base_Damage><Toughness>80</Toughness><N_Of_Counters>2</N_Of_Counters><N_Of_Actions>3</N_Of_Actions><Endurance>25</Endurance><Total_Xp>380</Total_Xp><Power>38</Power><C_Quick_Slots>2</C_Quick_Slots><Morale>30</Morale><Stamina>5</Stamina><Focus>100</Focus><Xp>380</Xp><Armor_Mod>100</Armor_Mod><Carrying_Capacity>25</Carrying_Capacity><Initiative_Modifier>10</Initiative_Modifier><Initiative_Bonus>5</Initiative_Bonus><Interrupt_Damage>100</Interrupt_Damage><Gold_Mod>100</Gold_Mod><Xp_Gain_Mod>100</Xp_Gain_Mod><Xp_Level_Mod>100</Xp_Level_Mod><Damage_Mod>100</Damage_Mod><Attack_Mod>100</Attack_Mod><Offhand_Attack_Mod>50</Offhand_Attack_Mod><Offhand_Damage_Mod>75</Offhand_Damage_Mod><Defense_Mod>100</Defense_Mod><Counter_Mod>50</Counter_Mod><Initiative_Percentage>1000000</Initiative_Percentage><Endurance_Percentage>1000000</Endurance_Percentage><Toughness_Percentage>1000000</Toughness_Percentage><Essence_Percentage>1000000</Essence_Percentage><Focus_Percentage>1000000</Focus_Percentage><Stamina_Percentage>1000000</Stamina_Percentage><Morale_Percentage>1000000</Morale_Percentage><N_Of_Actions_Percentage>1000000</N_Of_Actions_Percentage><N_Of_Counters_Percentage>1000000</N_Of_Counters_Percentage><Cadence_Sta_Mod>-35</Cadence_Sta_Mod><Cadence_Ap_Mod>-25</Cadence_Ap_Mod><Summoned_Xp_Mod>100</Summoned_Xp_Mod><Upkeep_Mod>100</Upkeep_Mod><Main_Hand_Gold_Percentage>70</Main_Hand_Gold_Percentage><Armor_Gold_Percentage>40</Armor_Gold_Percentage><Quantity>1</Quantity><Detection>10</Detection></params><props><Spellbook></Spellbook><Ai_Modifiers></Ai_Modifiers><Soundset>Ghost</Soundset><Natural_Weapon>Average Fist</Natural_Weapon><Name>Void Phantom</Name><Group>Nocturnal</Group><Known_Spells></Known_Spells><Deity>Void Lord</Deity><Passives>Immaterial;Arcane Inversion(150);Flying</Passives><Aspect>Arcanum</Aspect><Actives>Possess Construct</Actives><Type>units</Type><Version>0.1003</Version><Image>mini\unit\Arcanum\Void Phantom.jpg</Image><Displayed_Name>Void Phantom</Displayed_Name></props></Void_Phantom><Steel_Golem><params><Spirit>3</Spirit><Level>5</Level><Resistance>3</Resistance><Base_Damage>34</Base_Damage><Toughness>20</Toughness><N_Of_Counters>11</N_Of_Counters><N_Of_Actions>19</N_Of_Actions><Quick_Slots>2</Quick_Slots><C_Quick_Slots>2</C_Quick_Slots><Strength>20</Strength><Vitality>15</Vitality><Agility>4</Agility><Dexterity>2</Dexterity><Willpower>12</Willpower><Spellpower>6</Spellpower><Knowledge>6</Knowledge><Total_Xp>850</Total_Xp><Power>85</Power><Xp>850</Xp><Base_Strength>20</Base_Strength><Base_Vitality>15</Base_Vitality><Base_Agility>4</Base_Agility><Base_Dexterity>2</Base_Dexterity><Base_Willpower>12</Base_Willpower><Base_Spellpower>6</Base_Spellpower><Base_Knowledge>6</Base_Knowledge><Defense>6</Defense><Attack>8</Attack><Stamina>5</Stamina><Focus>100</Focus><Armor_Mod>100</Armor_Mod><Weight>450</Weight><Carrying_Capacity>1220</Carrying_Capacity><Initiative_Bonus>5</Initiative_Bonus><Sight_Range>2</Sight_Range><Behind_Sight_Bonus>1</Behind_Sight_Bonus><Interrupt_Damage>100</Interrupt_Damage><Fire_Resistance>25</Fire_Resistance><Water_Resistance>75</Water_Resistance><Air_Resistance>50</Air_Resistance><Earth_Resistance>25</Earth_Resistance><Chaos_Resistance>25</Chaos_Resistance><Holy_Resistance>75</Holy_Resistance><Shadow_Resistance>50</Shadow_Resistance><Poison_Resistance>100</Poison_Resistance><Death_Resistance>100</Death_Resistance><Psionic_Resistance>100</Psionic_Resistance><Piercing_Resistance>25</Piercing_Resistance><Bludgeoning_Resistance>25</Bludgeoning_Resistance><Slashing_Resistance>50</Slashing_Resistance><Damage_Mod>100</Damage_Mod><Initiative_Percentage>1000000</Initiative_Percentage><Endurance_Percentage>1000000</Endurance_Percentage><Toughness_Percentage>1000000</Toughness_Percentage><Essence_Percentage>1000000</Essence_Percentage><Focus_Percentage>1000000</Focus_Percentage><Stamina_Percentage>1000000</Stamina_Percentage><N_Of_Actions_Percentage>1000000</N_Of_Actions_Percentage><N_Of_Counters_Percentage>1000000</N_Of_Counters_Percentage><Ap_Penalty>1</Ap_Penalty><Morale>30</Morale><Attack_Mod>100</Attack_Mod><Defense_Mod>100</Defense_Mod><Morale_Percentage>1000000</Morale_Percentage><Gold_Mod>100</Gold_Mod><Attr_Points_Per_Level>5</Attr_Points_Per_Level><Mastery_Points_Per_Level>5</Mastery_Points_Per_Level><Offhand_Attack_Mod>50</Offhand_Attack_Mod><Offhand_Damage_Mod>75</Offhand_Damage_Mod><Counter_Mod>50</Counter_Mod><Cadence_Sta_Mod>-35</Cadence_Sta_Mod><Cadence_Ap_Mod>-25</Cadence_Ap_Mod><Quantity>1</Quantity><Initiative_Modifier>3</Initiative_Modifier><Detection>10</Detection><Xp_Gain_Mod>100</Xp_Gain_Mod><Xp_Level_Mod>100</Xp_Level_Mod><Summoned_Xp_Mod>100</Summoned_Xp_Mod><Upkeep_Mod>100</Upkeep_Mod><Main_Hand_Gold_Percentage>70</Main_Hand_Gold_Percentage><Armor_Gold_Percentage>40</Armor_Gold_Percentage><Armor>5</Armor><Cold_Resistance>75</Cold_Resistance><Light_Resistance>50</Light_Resistance><Organization>100</Organization><Battle_Spirit>100</Battle_Spirit><Gold_Per_Level>100</Gold_Per_Level></params><props><Spellbook></Spellbook><Ai_Modifiers>True Brute</Ai_Modifiers><Soundset>units\golem iron</Soundset><Natural_Weapon>Steel Armored Fist</Natural_Weapon><Name>Steel Golem</Name><Classifications>Mechanical</Classifications><Group>Constructs</Group><Known_Spells></Known_Spells><Deity>Iron God</Deity><Passives>Self-Reset({level}/2) ;ParamBonus(Armor|Physical Resistances, {level}*5);ParamBonus(Spell Armor|Natural Resistances, {level}*2);ParamBonus(n of actions, {level})</Passives><Offhand_Natural_Weapon>Steel Armored Fist</Offhand_Natural_Weapon><Aspect>Arcanum</Aspect><Actives>Self-Reset</Actives><Type>units</Type><Version>0.1003b</Version><Image>mini\unit\Arcanum\Steel Golem.jpg</Image><Principles>Progress;Law</Principles><Displayed_Name>Steel Golem</Displayed_Name><Standard_Passives>Automata;Bludgeoning;</Standard_Passives></props></Steel_Golem><Void_Archon><params><Level>5</Level><Base_Damage>28</Base_Damage><Toughness>115</Toughness><N_Of_Counters>2</N_Of_Counters><N_Of_Actions>5</N_Of_Actions><Endurance>55</Endurance><Armor>9</Armor><Total_Xp>850</Total_Xp><Power>85</Power><C_Quick_Slots>2</C_Quick_Slots><Morale>30</Morale><Stamina>5</Stamina><Focus>100</Focus><Xp>100</Xp><Spirit>3</Spirit><Armor_Mod>100</Armor_Mod><Carrying_Capacity>25</Carrying_Capacity><Initiative_Modifier>10</Initiative_Modifier><Initiative_Bonus>5</Initiative_Bonus><Interrupt_Damage>100</Interrupt_Damage><Gold_Mod>100</Gold_Mod><Xp_Gain_Mod>100</Xp_Gain_Mod><Xp_Level_Mod>100</Xp_Level_Mod><Damage_Mod>100</Damage_Mod><Attack_Mod>100</Attack_Mod><Offhand_Attack_Mod>50</Offhand_Attack_Mod><Offhand_Damage_Mod>75</Offhand_Damage_Mod><Defense_Mod>100</Defense_Mod><Counter_Mod>50</Counter_Mod><Initiative_Percentage>1000000</Initiative_Percentage><Endurance_Percentage>1000000</Endurance_Percentage><Toughness_Percentage>1000000</Toughness_Percentage><Essence_Percentage>1000000</Essence_Percentage><Focus_Percentage>1000000</Focus_Percentage><Stamina_Percentage>1000000</Stamina_Percentage><Morale_Percentage>1000000</Morale_Percentage><N_Of_Actions_Percentage>1000000</N_Of_Actions_Percentage><N_Of_Counters_Percentage>1000000</N_Of_Counters_Percentage><Cadence_Sta_Mod>-35</Cadence_Sta_Mod><Cadence_Ap_Mod>-25</Cadence_Ap_Mod><Summoned_Xp_Mod>100</Summoned_Xp_Mod><Upkeep_Mod>100</Upkeep_Mod><Main_Hand_Gold_Percentage>70</Main_Hand_Gold_Percentage><Armor_Gold_Percentage>40</Armor_Gold_Percentage><Quantity>1</Quantity></params><props><Soundset>Ghost</Soundset><Natural_Weapon>Average Fist</Natural_Weapon><Aspect>Arcanum</Aspect><Name>Void Archon</Name><Group>Nocturnal</Group><Actives>Void Nova</Actives><Type>units</Type><Deity>Void Lord</Deity><Image>mini\unit\Arcanum\archon2.jpg</Image><Passives>Void Shield;Immaterial;Arcane Inversion(250);</Passives></props></Void_Archon><Eldritch_Knight><params><Endurance_Percentage>100</Endurance_Percentage><Focus_Percentage>100</Focus_Percentage><Toughness_Percentage>100</Toughness_Percentage><Strength>19</Strength><Knowledge>16</Knowledge><Xp>960</Xp><Base_Spellpower>19</Base_Spellpower><Base_Wisdom>16</Base_Wisdom><Discipline_Mastery>6</Discipline_Mastery><Base_Agility>15</Base_Agility><Fire_Resistance>25</Fire_Resistance><Slashing_Resistance>25</Slashing_Resistance><Stamina>5</Stamina><Vitality>15</Vitality><Interrupt_Damage>100</Interrupt_Damage><Wisdom>16</Wisdom><Water_Resistance>25</Water_Resistance><Sorcery_Mastery>14</Sorcery_Mastery><Base_Strength>19</Base_Strength><Shadow_Resistance>25</Shadow_Resistance><Holy_Resistance>15</Holy_Resistance><Base_Intelligence>17</Base_Intelligence><Spirit>3</Spirit><Weight>185</Weight><Base_Knowledge>16</Base_Knowledge><C_Quick_Slots>4</C_Quick_Slots><Chaos_Resistance>45</Chaos_Resistance><Sight_Range>3</Sight_Range><Blade_Mastery>12</Blade_Mastery><Base_Charisma>9</Base_Charisma><Poison_Resistance>25</Poison_Resistance><Starting_Focus>26</Starting_Focus><Damage_Mod>100</Damage_Mod><Agility>15</Agility><Base_Willpower>17</Base_Willpower><Base_Dexterity>13</Base_Dexterity><Focus>100</Focus><Psionic_Resistance>35</Psionic_Resistance><Air_Resistance>35</Air_Resistance><Dexterity>13</Dexterity><Initiative_Percentage>100</Initiative_Percentage><Stamina_Percentage>100</Stamina_Percentage><Initiative_Modifier>10</Initiative_Modifier><Charisma>9</Charisma><Willpower>17</Willpower><Death_Resistance>25</Death_Resistance><Essence_Percentage>100</Essence_Percentage><Quick_Slots>4</Quick_Slots><Intelligence>17</Intelligence><Resistance>11</Resistance><Carrying_Capacity>200</Carrying_Capacity><Armor_Mod>100</Armor_Mod><Initiative_Bonus>5</Initiative_Bonus><Side_Sight_Penalty>1</Side_Sight_Penalty><N_Of_Actions>4</N_Of_Actions><Spellpower>19</Spellpower><Essence>30</Essence><Spellcraft_Mastery>14</Spellcraft_Mastery><Arcane_Resistance>65</Arcane_Resistance><Defense>5</Defense><Base_Vitality>15</Base_Vitality><N_Of_Actions_Percentage>1000000</N_Of_Actions_Percentage><N_Of_Counters_Percentage>1000000</N_Of_Counters_Percentage><Morale>30</Morale><Attack_Mod>100</Attack_Mod><Defense_Mod>100</Defense_Mod><Morale_Percentage>1000000</Morale_Percentage><Gold_Mod>100</Gold_Mod><Attr_Points_Per_Level>5</Attr_Points_Per_Level><Mastery_Points_Per_Level>5</Mastery_Points_Per_Level><Offhand_Attack_Mod>50</Offhand_Attack_Mod><Offhand_Damage_Mod>75</Offhand_Damage_Mod><Counter_Mod>50</Counter_Mod><Cadence_Sta_Mod>-35</Cadence_Sta_Mod><Cadence_Ap_Mod>-25</Cadence_Ap_Mod><Quantity>1</Quantity><Level>5</Level><Power>96</Power><Detection>5</Detection><Xp_Gain_Mod>100</Xp_Gain_Mod><Xp_Level_Mod>100</Xp_Level_Mod><Summoned_Xp_Mod>100</Summoned_Xp_Mod><Upkeep_Mod>100</Upkeep_Mod><Main_Hand_Gold_Percentage>70</Main_Hand_Gold_Percentage><Armor_Gold_Percentage>40</Armor_Gold_Percentage><Total_Xp>960</Total_Xp><Toughness>15</Toughness><Endurance>45</Endurance><N_Of_Counters>1</N_Of_Counters><Attack>5</Attack><Cold_Resistance>35</Cold_Resistance><Lightning_Resistance>45</Lightning_Resistance><Light_Resistance>25</Light_Resistance><Armorer_Mastery>5</Armorer_Mastery><Defense_Mastery>5</Defense_Mastery><Organization>100</Organization><Battle_Spirit>100</Battle_Spirit></params><props><Spellbook></Spellbook><Natural_Weapon>Steel Armored Fist</Natural_Weapon><Name>Eldritch Knight</Name><Known_Spells>Arcane Bolt;Ray of Arcanum;Time Warp;</Known_Spells><Main_Hand_Repertoire>Long Sword(12);Broad Sword(6);</Main_Hand_Repertoire><Deity>Witch King</Deity><Armor_Item></Armor_Item><Allowed_Material>Steel;Mithril;Dire;Fearsome;Crystal;Soulstone;</Allowed_Material><Passives> ParamBonus(Essence Regen, {level}*2);  ParamBonus(Resistance, {level}*3); ParamBonus(Resistance Penetration, {level}*5);</Passives><Off_Hand_Repertoire>Orb(4);Sphere(5);Arcane Force(6);</Off_Hand_Repertoire><Offhand_Natural_Weapon>Dire Arcane Force</Offhand_Natural_Weapon><Description></Description><Verbatim_Spells>Arcane Bolt;Sorcerous Flame;Time Warp;Ray of Arcanum;Sorcerous Lightning</Verbatim_Spells><Aspect>Arcanum</Aspect><Skills></Skills><Type>units</Type><Version>0.1001</Version><Quality_Level_Range>Normal;Superior;</Quality_Level_Range><Main_Hand_Item></Main_Hand_Item><Image>mini\char\Arcanum\Eldritch Knight.jpg</Image><Principles>Ambition;Progress;</Principles><Displayed_Name>Eldritch Knight</Displayed_Name><Standard_Passives>Dispassionate;Sneak Immune;</Standard_Passives></props></Eldritch_Knight><Void_Walker><params><Spirit>3</Spirit><Level>4</Level><Resistance>30</Resistance><Base_Damage>9</Base_Damage><Toughness>80</Toughness><N_Of_Counters>2</N_Of_Counters><N_Of_Actions>3</N_Of_Actions><Endurance>25</Endurance><Total_Xp>590</Total_Xp><Power>59</Power></params><props><Soundset>Ghost</Soundset><Aspect>Arcanum</Aspect><Name>Void Walker</Name><Group>Nocturnal</Group><Actives>Phase Shift;Consume Magic;</Actives><Type>units</Type><Deity>Void Lord</Deity><Image>mini\char\Arcanum\Void Walker.jpg</Image><Passives>Immaterial;Arcane Inversion(200)</Passives></props></Void_Walker><Aether_Golem><params><Level>1</Level><Endurance_Percentage>100</Endurance_Percentage><Focus_Percentage>100</Focus_Percentage><Toughness_Percentage>100</Toughness_Percentage><Focus>100</Focus><Base_Damage>15</Base_Damage><Initiative_Percentage>100</Initiative_Percentage><Stamina_Percentage>100</Stamina_Percentage><Initiative_Modifier>10</Initiative_Modifier><Toughness>30</Toughness><Essence_Percentage>100</Essence_Percentage><Stamina>20</Stamina><N_Of_Counters>1</N_Of_Counters><Initiative_Bonus>5</Initiative_Bonus><Attack>5</Attack><Side_Sight_Penalty>1</Side_Sight_Penalty><N_Of_Actions>3</N_Of_Actions><Spirit>3</Spirit><Essence>100</Essence><Endurance>60</Endurance><Sight_Range>3</Sight_Range><Defense>5</Defense><Starting_Focus>25</Starting_Focus><Quick_Slots>2</Quick_Slots><C_Quick_Slots>2</C_Quick_Slots><Total_Xp>100</Total_Xp><Power>10</Power><Xp>100</Xp><Armor_Mod>100</Armor_Mod><Carrying_Capacity>160</Carrying_Capacity><Interrupt_Damage>100</Interrupt_Damage><Damage_Mod>100</Damage_Mod><N_Of_Actions_Percentage>1000000</N_Of_Actions_Percentage><N_Of_Counters_Percentage>1000000</N_Of_Counters_Percentage><Morale>30</Morale><Gold_Mod>100</Gold_Mod><Attr_Points_Per_Level>5</Attr_Points_Per_Level><Mastery_Points_Per_Level>5</Mastery_Points_Per_Level><Attack_Mod>100</Attack_Mod><Offhand_Attack_Mod>50</Offhand_Attack_Mod><Offhand_Damage_Mod>75</Offhand_Damage_Mod><Defense_Mod>100</Defense_Mod><Counter_Mod>50</Counter_Mod><Morale_Percentage>1000000</Morale_Percentage><Cadence_Sta_Mod>-35</Cadence_Sta_Mod><Cadence_Ap_Mod>-25</Cadence_Ap_Mod><Quantity>1</Quantity><Detection>10</Detection><Xp_Gain_Mod>100</Xp_Gain_Mod><Xp_Level_Mod>100</Xp_Level_Mod><Summoned_Xp_Mod>100</Summoned_Xp_Mod><Upkeep_Mod>100</Upkeep_Mod><Main_Hand_Gold_Percentage>70</Main_Hand_Gold_Percentage><Armor_Gold_Percentage>40</Armor_Gold_Percentage><Organization>100</Organization><Battle_Spirit>100</Battle_Spirit><Gold_Per_Level>100</Gold_Per_Level><Girth>300</Girth><Toughness_Recovery>25</Toughness_Recovery></params><props><Spellbook></Spellbook><Soundset>ABOMINATION</Soundset><Natural_Weapon>Soulstone Golem Fist</Natural_Weapon><Name>Aether Golem</Name><Group>Nocturnal</Group><Classifications>Construct;</Classifications><Known_Spells></Known_Spells><Deity>Lord of Magic</Deity><Allowed_Material></Allowed_Material><Offhand_Natural_Weapon>Soulstone Golem Fist</Offhand_Natural_Weapon><Aspect>Arcanum</Aspect><Type>units</Type><Version>0.05</Version><Image>mini\unit\Arcanum\Aether Golem.jpg</Image><Principles>PROGRESS;AMBITION;</Principles><Displayed_Name>Aether Golem</Displayed_Name></props></Aether_Golem><Gargantuan_Beast><params><Spirit>3</Spirit><Base_Damage>75</Base_Damage><Toughness>15</Toughness><N_Of_Counters>1</N_Of_Counters><N_Of_Actions>3</N_Of_Actions><Endurance>45</Endurance><Quick_Slots>2</Quick_Slots><C_Quick_Slots>2</C_Quick_Slots><Strength>28</Strength><Vitality>34</Vitality><Agility>14</Agility><Dexterity>17</Dexterity><Willpower>16</Willpower><Intelligence>12</Intelligence><Spellpower>16</Spellpower><Knowledge>4</Knowledge><Wisdom>5</Wisdom><Charisma>7</Charisma><Xp>1990</Xp><Base_Strength>28</Base_Strength><Base_Vitality>34</Base_Vitality><Base_Agility>14</Base_Agility><Base_Dexterity>17</Base_Dexterity><Base_Willpower>16</Base_Willpower><Base_Intelligence>12</Base_Intelligence><Base_Spellpower>16</Base_Spellpower><Base_Knowledge>4</Base_Knowledge><Base_Wisdom>5</Base_Wisdom><Base_Charisma>7</Base_Charisma><Stamina>5</Stamina><Focus>100</Focus><Armor_Mod>100</Armor_Mod><Weight>750</Weight><Carrying_Capacity>720</Carrying_Capacity><Initiative_Modifier>10</Initiative_Modifier><Initiative_Bonus>5</Initiative_Bonus><Sight_Range>2</Sight_Range><Behind_Sight_Bonus>1</Behind_Sight_Bonus><Side_Sight_Penalty>1</Side_Sight_Penalty><Interrupt_Damage>100</Interrupt_Damage><Damage_Mod>100</Damage_Mod><Initiative_Percentage>1000000</Initiative_Percentage><Endurance_Percentage>1000000</Endurance_Percentage><Toughness_Percentage>1000000</Toughness_Percentage><Essence_Percentage>1000000</Essence_Percentage><Focus_Percentage>1000000</Focus_Percentage><Stamina_Percentage>1000000</Stamina_Percentage><N_Of_Actions_Percentage>1000000</N_Of_Actions_Percentage><N_Of_Counters_Percentage>1000000</N_Of_Counters_Percentage><Morale>30</Morale><Attr_Points_Per_Level>5</Attr_Points_Per_Level><Mastery_Points_Per_Level>5</Mastery_Points_Per_Level><Attack_Mod>100</Attack_Mod><Defense_Mod>100</Defense_Mod><Morale_Percentage>1000000</Morale_Percentage><Level>7</Level><Power>199</Power><Detection>10</Detection><Gold_Mod>100</Gold_Mod><Xp_Gain_Mod>100</Xp_Gain_Mod><Xp_Level_Mod>100</Xp_Level_Mod><Offhand_Attack_Mod>50</Offhand_Attack_Mod><Offhand_Damage_Mod>75</Offhand_Damage_Mod><Counter_Mod>50</Counter_Mod><Cadence_Sta_Mod>-35</Cadence_Sta_Mod><Cadence_Ap_Mod>-25</Cadence_Ap_Mod><Summoned_Xp_Mod>100</Summoned_Xp_Mod><Upkeep_Mod>100</Upkeep_Mod><Main_Hand_Gold_Percentage>70</Main_Hand_Gold_Percentage><Armor_Gold_Percentage>40</Armor_Gold_Percentage><Quantity>1</Quantity><Total_Xp>1990</Total_Xp><Girth>300</Girth><Organization>100</Organization><Battle_Spirit>100</Battle_Spirit><Gold_Per_Level>100</Gold_Per_Level><Toughness_Recovery>25</Toughness_Recovery></params><props><Spellbook></Spellbook><Soundset>Daemon</Soundset><Natural_Weapon>Monstrous Tentacle</Natural_Weapon><Name>Gargantuan Beast</Name><Classifications>Monster;Huge;</Classifications><Known_Spells></Known_Spells><Deity>Witch King</Deity><Passives>ParamBonus(Endurance regen, {level}*2);Bashing Attack({level}*2, {level});Tainted Blood({level}/2);  Fearsome({level}*2-10);</Passives><Offhand_Natural_Weapon>Monstrous Maw</Offhand_Natural_Weapon><Aspect>Arcanum</Aspect><Actives>Knockdown(variable!);</Actives><Type>units</Type><Version>0.05</Version><Image>mini\unit\Arcanum\Gargantuan Beast.jpg</Image><Displayed_Name>Gargantuan Beast</Displayed_Name></props></Gargantuan_Beast><Rabid_Mutant><params><Level>3</Level><Endurance_Percentage>100</Endurance_Percentage><Focus_Percentage>100</Focus_Percentage><Toughness_Percentage>100</Toughness_Percentage><Strength>18</Strength><Knowledge>5</Knowledge><Xp>420</Xp><Base_Spellpower>8</Base_Spellpower><Base_Wisdom>3</Base_Wisdom><Base_Damage>15</Base_Damage><Base_Agility>16</Base_Agility><Fire_Resistance>35</Fire_Resistance><Toughness>5</Toughness><Slashing_Resistance>35</Slashing_Resistance><Stamina>3</Stamina><Vitality>7</Vitality><Piercing_Resistance>35</Piercing_Resistance><Interrupt_Damage>100</Interrupt_Damage><Wisdom>3</Wisdom><Base_Strength>18</Base_Strength><Shadow_Resistance>25</Shadow_Resistance><Base_Intelligence>6</Base_Intelligence><Attack>5</Attack><Spirit>2</Spirit><Base_Knowledge>5</Base_Knowledge><C_Quick_Slots>2</C_Quick_Slots><Chaos_Resistance>35</Chaos_Resistance><Endurance>45</Endurance><Sight_Range>4</Sight_Range><Base_Charisma>1</Base_Charisma><Poison_Resistance>45</Poison_Resistance><Starting_Focus>25</Starting_Focus><Damage_Mod>100</Damage_Mod><Agility>16</Agility><Base_Willpower>9</Base_Willpower><Base_Dexterity>7</Base_Dexterity><Total_Xp>420</Total_Xp><Focus>100</Focus><Air_Resistance>35</Air_Resistance><Dexterity>7</Dexterity><Initiative_Percentage>100</Initiative_Percentage><Stamina_Percentage>100</Stamina_Percentage><Initiative_Modifier>10</Initiative_Modifier><Power>42</Power><Charisma>1</Charisma><Willpower>9</Willpower><Essence_Percentage>100</Essence_Percentage><Quick_Slots>4</Quick_Slots><Intelligence>6</Intelligence><Resistance>6</Resistance><Carrying_Capacity>200</Carrying_Capacity><Armor_Mod>100</Armor_Mod><Initiative_Bonus>5</Initiative_Bonus><Side_Sight_Penalty>2</Side_Sight_Penalty><N_Of_Actions>3</N_Of_Actions><Spellpower>8</Spellpower><Mobility_Mastery>9</Mobility_Mastery><Arcane_Resistance>25</Arcane_Resistance><Defense>5</Defense><Base_Vitality>7</Base_Vitality><Morale>30</Morale><Gold_Mod>100</Gold_Mod><Attr_Points_Per_Level>5</Attr_Points_Per_Level><Mastery_Points_Per_Level>5</Mastery_Points_Per_Level><Attack_Mod>100</Attack_Mod><Offhand_Attack_Mod>50</Offhand_Attack_Mod><Offhand_Damage_Mod>75</Offhand_Damage_Mod><Defense_Mod>100</Defense_Mod><Counter_Mod>50</Counter_Mod><Morale_Percentage>1000000</Morale_Percentage><N_Of_Actions_Percentage>1000000</N_Of_Actions_Percentage><N_Of_Counters_Percentage>1000000</N_Of_Counters_Percentage><Cadence_Sta_Mod>-35</Cadence_Sta_Mod><Cadence_Ap_Mod>-25</Cadence_Ap_Mod><Quantity>1</Quantity><Detection>10</Detection><Xp_Gain_Mod>100</Xp_Gain_Mod><Xp_Level_Mod>100</Xp_Level_Mod><Summoned_Xp_Mod>100</Summoned_Xp_Mod><Upkeep_Mod>100</Upkeep_Mod><Main_Hand_Gold_Percentage>70</Main_Hand_Gold_Percentage><Armor_Gold_Percentage>40</Armor_Gold_Percentage><Cold_Resistance>15</Cold_Resistance><Acid_Resistance>65</Acid_Resistance><Lightning_Resistance>25</Lightning_Resistance><Sonic_Resistance>65</Sonic_Resistance><Psionic_Resistance>85</Psionic_Resistance></params><props><Spellbook></Spellbook><Soundset>ABOMINATION</Soundset><Natural_Weapon>Sizable Fist</Natural_Weapon><Name>Rabid Mutant</Name><Group>Nocturnal</Group><Known_Spells></Known_Spells><Deity>Witch King</Deity><Passives>Rage({level});Tainted Blood({level}*2);Undying(1);ParamBonus(Endurance, {level}*5);ParamBonus(Base Damage, {level}*2);</Passives><Offhand_Natural_Weapon>Average Maw</Offhand_Natural_Weapon><Aspect>Arcanum</Aspect><Attribute_Progression>Willpower(8);Strength(18);Spellpower(9);Agility(16);Dexterity(4);Vitality(5);</Attribute_Progression><Type>units</Type><Version>0.1001</Version><Image>mini\unit\Arcanum\mutant4.jpg</Image><Principles>PROGRESS;AMBITION;</Principles><Displayed_Name>Rabid Mutant</Displayed_Name><Standard_Passives>Relentless;Dispassionate;Bloodthirsty;Berserker;</Standard_Passives></props></Rabid_Mutant><Horseshoe_Crab><params><Endurance_Percentage>100</Endurance_Percentage><Focus_Percentage>100</Focus_Percentage><Toughness_Percentage>100</Toughness_Percentage><Strength>12</Strength><Knowledge>1</Knowledge><Xp>280</Xp><Base_Spellpower>3</Base_Spellpower><N_Of_Actions_Percentage>1000000</N_Of_Actions_Percentage><Base_Wisdom>2</Base_Wisdom><Base_Agility>4</Base_Agility><Damage>-7</Damage><Stamina>7</Stamina><Vitality>13</Vitality><Interrupt_Damage>100</Interrupt_Damage><Wisdom>2</Wisdom><Base_Strength>12</Base_Strength><Base_Intelligence>3</Base_Intelligence><Attack>7</Attack><Spirit>3</Spirit><Weight>70</Weight><Base_Knowledge>1</Base_Knowledge><C_Quick_Slots>2</C_Quick_Slots><Sight_Range>2</Sight_Range><Base_Charisma>1</Base_Charisma><N_Of_Counters_Percentage>1000000</N_Of_Counters_Percentage><Starting_Focus>25</Starting_Focus><Damage_Mod>100</Damage_Mod><Agility>4</Agility><Base_Willpower>9</Base_Willpower><Base_Dexterity>6</Base_Dexterity><Focus>100</Focus><Dexterity>6</Dexterity><Initiative_Percentage>100</Initiative_Percentage><Stamina_Percentage>100</Stamina_Percentage><Initiative_Modifier>10</Initiative_Modifier><Charisma>1</Charisma><Willpower>9</Willpower><Essence_Percentage>100</Essence_Percentage><Quick_Slots>4</Quick_Slots><Intelligence>3</Intelligence><Resistance>16</Resistance><Carrying_Capacity>200</Carrying_Capacity><Armor_Mod>100</Armor_Mod><N_Of_Counters>2</N_Of_Counters><Initiative_Bonus>5</Initiative_Bonus><N_Of_Actions>4</N_Of_Actions><Spellpower>3</Spellpower><Essence>30</Essence><Defense>8</Defense><Base_Vitality>13</Base_Vitality><Morale>30</Morale><Gold_Mod>100</Gold_Mod><Attr_Points_Per_Level>5</Attr_Points_Per_Level><Mastery_Points_Per_Level>5</Mastery_Points_Per_Level><Attack_Mod>100</Attack_Mod><Offhand_Attack_Mod>50</Offhand_Attack_Mod><Offhand_Damage_Mod>75</Offhand_Damage_Mod><Defense_Mod>100</Defense_Mod><Counter_Mod>50</Counter_Mod><Morale_Percentage>1000000</Morale_Percentage><Quantity>1</Quantity><Total_Xp>280</Total_Xp><Level>2</Level><Power>28</Power><Detection>10</Detection><Xp_Gain_Mod>100</Xp_Gain_Mod><Xp_Level_Mod>100</Xp_Level_Mod><Cadence_Sta_Mod>-35</Cadence_Sta_Mod><Cadence_Ap_Mod>-25</Cadence_Ap_Mod><Summoned_Xp_Mod>100</Summoned_Xp_Mod><Upkeep_Mod>100</Upkeep_Mod><Main_Hand_Gold_Percentage>70</Main_Hand_Gold_Percentage><Armor_Gold_Percentage>40</Armor_Gold_Percentage><Toughness>15</Toughness><Endurance>45</Endurance><Endurance_Regen>5</Endurance_Regen><Bludgeoning_Resistance>35</Bludgeoning_Resistance><Slashing_Resistance>35</Slashing_Resistance><Fire_Resistance>35</Fire_Resistance><Cold_Resistance>45</Cold_Resistance><Acid_Resistance>45</Acid_Resistance><Lightning_Resistance>25</Lightning_Resistance><Light_Resistance>15</Light_Resistance><Sonic_Resistance>25</Sonic_Resistance><Chaos_Resistance>25</Chaos_Resistance><Holy_Resistance>15</Holy_Resistance><Shadow_Resistance>15</Shadow_Resistance><Poison_Resistance>25</Poison_Resistance><Death_Resistance>25</Death_Resistance><Psionic_Resistance>65</Psionic_Resistance><Organization>100</Organization><Battle_Spirit>100</Battle_Spirit><Girth>100</Girth><Gold_Per_Level>100</Gold_Per_Level><Toughness_Recovery>25</Toughness_Recovery></params><props><Spellbook></Spellbook><Ai_Modifiers>True Brute</Ai_Modifiers><Soundset>units\spider warrior</Soundset><Natural_Weapon>Petty Maw;</Natural_Weapon><Name>Horseshoe Crab</Name><Classifications>Insect;Short;</Classifications><Group>Familiars</Group><Known_Spells></Known_Spells><Deity>Lord of Magic</Deity><Std_Bools>source dependent;Stacking</Std_Bools><Passives>Poison Attack({level}); ParamBonus(Armor, {level}*5);ParamBonus(Endurance regen, {level}*2);  Parameter Bonus Custom Target Max(Summoner,Familiar Armor Bonus, Armor,5+{Summoner_Willpower}/2, 20);</Passives><Aspect>Arcanum</Aspect><Custom_Soundset></Custom_Soundset><Type>units</Type><Version>0.05</Version><Image>mini\unit\Arcanum\familiar\Crab.jpg</Image><Displayed_Name>Horseshoe Crab</Displayed_Name><Standard_Passives>Short;Small;</Standard_Passives></props></Horseshoe_Crab><Stag_Beetle><params><Endurance_Percentage>100</Endurance_Percentage><Focus_Percentage>100</Focus_Percentage><Toughness_Percentage>100</Toughness_Percentage><Strength>13</Strength><Knowledge>1</Knowledge><Xp>280</Xp><Base_Spellpower>1</Base_Spellpower><Base_Wisdom>1</Base_Wisdom><Base_Damage>8</Base_Damage><Base_Agility>7</Base_Agility><Toughness>15</Toughness><Stamina>7</Stamina><Vitality>9</Vitality><Interrupt_Damage>100</Interrupt_Damage><Wisdom>1</Wisdom><Base_Strength>13</Base_Strength><Base_Intelligence>2</Base_Intelligence><Attack>6</Attack><Spirit>3</Spirit><Weight>70</Weight><Base_Knowledge>1</Base_Knowledge><C_Quick_Slots>4</C_Quick_Slots><Sight_Range>2</Sight_Range><Base_Charisma>1</Base_Charisma><Starting_Focus>25</Starting_Focus><Damage_Mod>100</Damage_Mod><Agility>7</Agility><Base_Willpower>5</Base_Willpower><Base_Dexterity>5</Base_Dexterity><Focus>100</Focus><Dexterity>5</Dexterity><Initiative_Percentage>100</Initiative_Percentage><Stamina_Percentage>100</Stamina_Percentage><Initiative_Modifier>10</Initiative_Modifier><Charisma>1</Charisma><Willpower>5</Willpower><Essence_Percentage>100</Essence_Percentage><Quick_Slots>4</Quick_Slots><Intelligence>2</Intelligence><Resistance>15</Resistance><Carrying_Capacity>200</Carrying_Capacity><Armor_Mod>100</Armor_Mod><Initiative_Bonus>5</Initiative_Bonus><Side_Sight_Penalty>1</Side_Sight_Penalty><N_Of_Actions>4</N_Of_Actions><Spellpower>1</Spellpower><Essence>30</Essence><Defense>5</Defense><Base_Vitality>9</Base_Vitality><N_Of_Actions_Percentage>1000000</N_Of_Actions_Percentage><N_Of_Counters_Percentage>1000000</N_Of_Counters_Percentage><Attack_Mod>100</Attack_Mod><Defense_Mod>100</Defense_Mod><Morale>30</Morale><Gold_Mod>100</Gold_Mod><Attr_Points_Per_Level>5</Attr_Points_Per_Level><Mastery_Points_Per_Level>5</Mastery_Points_Per_Level><Offhand_Attack_Mod>50</Offhand_Attack_Mod><Offhand_Damage_Mod>75</Offhand_Damage_Mod><Counter_Mod>50</Counter_Mod><Morale_Percentage>1000000</Morale_Percentage><Cadence_Sta_Mod>-35</Cadence_Sta_Mod><Cadence_Ap_Mod>-25</Cadence_Ap_Mod><Quantity>1</Quantity><Total_Xp>280</Total_Xp><Level>2</Level><Power>28</Power><Detection>10</Detection><Xp_Gain_Mod>100</Xp_Gain_Mod><Xp_Level_Mod>100</Xp_Level_Mod><Summoned_Xp_Mod>100</Summoned_Xp_Mod><Upkeep_Mod>100</Upkeep_Mod><Main_Hand_Gold_Percentage>70</Main_Hand_Gold_Percentage><Armor_Gold_Percentage>40</Armor_Gold_Percentage><Endurance>45</Endurance><Organization>100</Organization><Battle_Spirit>100</Battle_Spirit><Girth>300</Girth><Gold_Per_Level>100</Gold_Per_Level><Toughness_Recovery>25</Toughness_Recovery></params><props><Spellbook></Spellbook><Ai_Modifiers>True Brute</Ai_Modifiers><Soundset>units\spider warrior</Soundset><Natural_Weapon>Petty Horns</Natural_Weapon><Name>Stag Beetle</Name><Classifications>Insect;Short;Small;</Classifications><Group>Familiars</Group><Known_Spells></Known_Spells><Deity>Lord of Magic</Deity><Passives>ParamBonus(Armor, {level}*2);ParamBonus(Base Damage, {level}*3);  Parameter Bonus Custom Target Max(Summoner,Familiar Strength Bonus, Strength,1+{Summoner_Spellpower}/5, 5);</Passives><Offhand_Natural_Weapon>Average Pincers</Offhand_Natural_Weapon><Aspect>Arcanum</Aspect><Type>units</Type><Version>0.05</Version><Image>mini\unit\Arcanum\familiar\beetle.jpg</Image><Displayed_Name>Stag Beetle</Displayed_Name><Standard_Passives>Short;Small;</Standard_Passives></props></Stag_Beetle><Rhino_Beetle><params><Endurance_Percentage>100</Endurance_Percentage><Focus_Percentage>100</Focus_Percentage><Toughness_Percentage>100</Toughness_Percentage><Strength>17</Strength><Knowledge>1</Knowledge><Xp>310</Xp><Base_Spellpower>1</Base_Spellpower><N_Of_Actions_Percentage>1000000</N_Of_Actions_Percentage><Base_Wisdom>1</Base_Wisdom><Base_Damage>15</Base_Damage><Base_Agility>5</Base_Agility><Toughness>15</Toughness><Stamina>8</Stamina><Vitality>12</Vitality><Interrupt_Damage>100</Interrupt_Damage><Wisdom>1</Wisdom><Base_Strength>17</Base_Strength><Base_Intelligence>2</Base_Intelligence><Attack>5</Attack><Spirit>3</Spirit><Weight>90</Weight><Base_Knowledge>1</Base_Knowledge><C_Quick_Slots>4</C_Quick_Slots><Endurance>45</Endurance><Sight_Range>2</Sight_Range><Base_Charisma>1</Base_Charisma><N_Of_Counters_Percentage>1000000</N_Of_Counters_Percentage><Starting_Focus>10</Starting_Focus><Damage_Mod>100</Damage_Mod><Agility>5</Agility><Base_Willpower>5</Base_Willpower><Base_Dexterity>4</Base_Dexterity><Focus>100</Focus><Dexterity>4</Dexterity><Initiative_Percentage>100</Initiative_Percentage><Stamina_Percentage>100</Stamina_Percentage><Initiative_Modifier>10</Initiative_Modifier><Charisma>1</Charisma><Willpower>5</Willpower><Essence_Percentage>100</Essence_Percentage><Quick_Slots>4</Quick_Slots><Intelligence>2</Intelligence><Resistance>10</Resistance><Carrying_Capacity>200</Carrying_Capacity><Armor_Mod>100</Armor_Mod><Initiative_Bonus>5</Initiative_Bonus><Side_Sight_Penalty>2</Side_Sight_Penalty><N_Of_Actions>4</N_Of_Actions><Spellpower>1</Spellpower><Essence>30</Essence><Defense>2</Defense><Base_Vitality>12</Base_Vitality><Morale>30</Morale><Gold_Mod>100</Gold_Mod><Attr_Points_Per_Level>5</Attr_Points_Per_Level><Mastery_Points_Per_Level>5</Mastery_Points_Per_Level><Attack_Mod>100</Attack_Mod><Offhand_Attack_Mod>50</Offhand_Attack_Mod><Offhand_Damage_Mod>75</Offhand_Damage_Mod><Defense_Mod>100</Defense_Mod><Counter_Mod>50</Counter_Mod><Morale_Percentage>1000000</Morale_Percentage><Cadence_Sta_Mod>-35</Cadence_Sta_Mod><Cadence_Ap_Mod>-25</Cadence_Ap_Mod><Quantity>1</Quantity><Total_Xp>310</Total_Xp><Level>2</Level><Power>31</Power><Detection>10</Detection><Xp_Gain_Mod>100</Xp_Gain_Mod><Xp_Level_Mod>100</Xp_Level_Mod><Summoned_Xp_Mod>100</Summoned_Xp_Mod><Upkeep_Mod>100</Upkeep_Mod><Main_Hand_Gold_Percentage>70</Main_Hand_Gold_Percentage><Armor_Gold_Percentage>40</Armor_Gold_Percentage><Organization>100</Organization><Battle_Spirit>100</Battle_Spirit><Girth>300</Girth><Gold_Per_Level>100</Gold_Per_Level><Toughness_Recovery>25</Toughness_Recovery></params><props><Spellbook></Spellbook><Ai_Modifiers>True Brute</Ai_Modifiers><Soundset>units\spider warrior</Soundset><Natural_Weapon>Average Horns</Natural_Weapon><Name>Rhino Beetle</Name><Classifications>Insect;Short;Small;</Classifications><Group>Familiars</Group><Known_Spells></Known_Spells><Deity>Lord of Magic</Deity><Passives>ParamBonus(Armor, {level}*2);ParamBonus(Base Damage, {level}*3); Parameter Bonus Custom Target Max(Summoner,Familiar Vitality Bonus, Vitality ,1+{Summoner_Spellpower}/6, 5);</Passives><Aspect>Arcanum</Aspect><Attribute_Progression>Intelligence(8);Willpower(16);Strength(26);Agility(7);Vitality(15);</Attribute_Progression><Type>units</Type><Version>0.05</Version><Image>mini\unit\Arcanum\familiar\rhino beetle.jpg</Image><Displayed_Name>Rhino Beetle</Displayed_Name><Standard_Passives>Short;Small;</Standard_Passives></props></Rhino_Beetle><Gargoyle><params><Level>3</Level><Endurance_Percentage>100</Endurance_Percentage><Agility>6</Agility><Focus_Percentage>100</Focus_Percentage><Toughness_Percentage>100</Toughness_Percentage><Strength>12</Strength><Knowledge>6</Knowledge><Armor>18</Armor><Focus>100</Focus><Base_Damage>9</Base_Damage><Air_Resistance>35</Air_Resistance><Earth_Resistance>35</Earth_Resistance><Dexterity>8</Dexterity><Initiative_Percentage>100</Initiative_Percentage><Stamina_Percentage>100</Stamina_Percentage><Initiative_Modifier>10</Initiative_Modifier><Fire_Resistance>25</Fire_Resistance><Charisma>4</Charisma><Toughness>15</Toughness><Willpower>14</Willpower><Slashing_Resistance>15</Slashing_Resistance><Essence_Percentage>100</Essence_Percentage><Stamina>10</Stamina><Vitality>10</Vitality><Piercing_Resistance>15</Piercing_Resistance><Intelligence>8</Intelligence><Resistance>12</Resistance><Wisdom>8</Wisdom><N_Of_Counters>1</N_Of_Counters><Water_Resistance>35</Water_Resistance><Holy_Resistance>25</Holy_Resistance><Shadow_Resistance>25</Shadow_Resistance><Initiative_Bonus>5</Initiative_Bonus><Attack>2</Attack><Side_Sight_Penalty>1</Side_Sight_Penalty><N_Of_Actions>3</N_Of_Actions><Spirit>2</Spirit><Spellpower>6</Spellpower><Endurance>45</Endurance><Arcane_Resistance>50</Arcane_Resistance><Sight_Range>3</Sight_Range><Defense>4</Defense><Poison_Resistance>100</Poison_Resistance><Starting_Focus>25</Starting_Focus><Quick_Slots>2</Quick_Slots><C_Quick_Slots>2</C_Quick_Slots><Total_Xp>380</Total_Xp><Power>38</Power><Xp>380</Xp><Base_Strength>12</Base_Strength><Base_Vitality>10</Base_Vitality><Base_Agility>6</Base_Agility><Base_Dexterity>8</Base_Dexterity><Base_Willpower>14</Base_Willpower><Base_Intelligence>8</Base_Intelligence><Base_Spellpower>6</Base_Spellpower><Base_Knowledge>6</Base_Knowledge><Base_Wisdom>8</Base_Wisdom><Base_Charisma>4</Base_Charisma><Armor_Mod>100</Armor_Mod><Weight>215</Weight><Carrying_Capacity>160</Carrying_Capacity><Interrupt_Damage>100</Interrupt_Damage><Damage_Mod>100</Damage_Mod><N_Of_Actions_Percentage>1000000</N_Of_Actions_Percentage><N_Of_Counters_Percentage>1000000</N_Of_Counters_Percentage><Morale>30</Morale><Attack_Mod>100</Attack_Mod><Defense_Mod>100</Defense_Mod><Morale_Percentage>1000000</Morale_Percentage><Gold_Mod>100</Gold_Mod><Attr_Points_Per_Level>5</Attr_Points_Per_Level><Mastery_Points_Per_Level>5</Mastery_Points_Per_Level><Offhand_Attack_Mod>50</Offhand_Attack_Mod><Offhand_Damage_Mod>75</Offhand_Damage_Mod><Counter_Mod>50</Counter_Mod><Cadence_Sta_Mod>-35</Cadence_Sta_Mod><Cadence_Ap_Mod>-25</Cadence_Ap_Mod><Quantity>1</Quantity><Detection>10</Detection><Xp_Gain_Mod>100</Xp_Gain_Mod><Xp_Level_Mod>100</Xp_Level_Mod><Summoned_Xp_Mod>100</Summoned_Xp_Mod><Upkeep_Mod>100</Upkeep_Mod><Main_Hand_Gold_Percentage>70</Main_Hand_Gold_Percentage><Armor_Gold_Percentage>40</Armor_Gold_Percentage><Cold_Resistance>75</Cold_Resistance><Acid_Resistance>35</Acid_Resistance><Lightning_Resistance>65</Lightning_Resistance><Light_Resistance>25</Light_Resistance><Chaos_Resistance>35</Chaos_Resistance><Death_Resistance>65</Death_Resistance><Psionic_Resistance>85</Psionic_Resistance><Girth>300</Girth><Organization>100</Organization><Battle_Spirit>100</Battle_Spirit><Gold_Per_Level>100</Gold_Per_Level><Toughness_Recovery>25</Toughness_Recovery></params><props><Spellbook></Spellbook><Natural_Weapon>Average Claws</Natural_Weapon><Name>Gargoyle</Name><Classifications>Construct;</Classifications><Known_Spells></Known_Spells><Deity>Lord of Magic</Deity><Passives>ParamBonus(Armor|Piercing Resistance|Slashing Resistance,{level}*2);ParamBonus(Base Damage,{level}*3);</Passives><Offhand_Natural_Weapon>Average Maw</Offhand_Natural_Weapon><Aspect>Arcanum</Aspect><Attribute_Progression>Intelligence(11);Willpower(13);Strength(21);Spellpower(8);Wisdom(10);Agility(6);Dexterity(4);Knowledge(9);Vitality(17);</Attribute_Progression><Actives>Short Flight</Actives><Type>units</Type><Version>0.1002b</Version><Image>mini\unit\Arcanum\Gargoyle2.jpg</Image><Displayed_Name>Gargoyle</Displayed_Name><Standard_Passives>Flying;Critical Immune;Sneak Immune;</Standard_Passives></props></Gargoyle><Ancient_Automata><params><Spirit>3</Spirit><Resistance>5</Resistance><Base_Damage>34</Base_Damage><N_Of_Counters>14</N_Of_Counters><N_Of_Actions>24</N_Of_Actions><Endurance>75</Endurance><Quick_Slots>2</Quick_Slots><C_Quick_Slots>2</C_Quick_Slots><Strength>25</Strength><Vitality>20</Vitality><Agility>5</Agility><Dexterity>5</Dexterity><Willpower>15</Willpower><Intelligence>15</Intelligence><Spellpower>10</Spellpower><Knowledge>25</Knowledge><Wisdom>5</Wisdom><Charisma>5</Charisma><Xp>950</Xp><Base_Strength>25</Base_Strength><Base_Vitality>20</Base_Vitality><Base_Agility>5</Base_Agility><Base_Dexterity>5</Base_Dexterity><Base_Willpower>15</Base_Willpower><Base_Intelligence>15</Base_Intelligence><Base_Spellpower>10</Base_Spellpower><Base_Knowledge>25</Base_Knowledge><Base_Wisdom>5</Base_Wisdom><Base_Charisma>5</Base_Charisma><Spell_Armor>15</Spell_Armor><Defense>5</Defense><Attack>5</Attack><Stamina>5</Stamina><Focus>100</Focus><Armor_Mod>100</Armor_Mod><Weight>450</Weight><Carrying_Capacity>1220</Carrying_Capacity><Initiative_Bonus>5</Initiative_Bonus><Sight_Range>2</Sight_Range><Behind_Sight_Bonus>1</Behind_Sight_Bonus><Interrupt_Damage>100</Interrupt_Damage><Fire_Resistance>25</Fire_Resistance><Water_Resistance>75</Water_Resistance><Air_Resistance>50</Air_Resistance><Earth_Resistance>25</Earth_Resistance><Chaos_Resistance>25</Chaos_Resistance><Holy_Resistance>75</Holy_Resistance><Shadow_Resistance>75</Shadow_Resistance><Arcane_Resistance>75</Arcane_Resistance><Poison_Resistance>100</Poison_Resistance><Death_Resistance>100</Death_Resistance><Psionic_Resistance>100</Psionic_Resistance><Piercing_Resistance>25</Piercing_Resistance><Bludgeoning_Resistance>25</Bludgeoning_Resistance><Slashing_Resistance>50</Slashing_Resistance><Damage_Mod>100</Damage_Mod><Initiative_Percentage>1000000</Initiative_Percentage><Endurance_Percentage>1000000</Endurance_Percentage><Toughness_Percentage>1000000</Toughness_Percentage><Essence_Percentage>1000000</Essence_Percentage><Focus_Percentage>1000000</Focus_Percentage><Stamina_Percentage>1000000</Stamina_Percentage><N_Of_Actions_Percentage>1000000</N_Of_Actions_Percentage><N_Of_Counters_Percentage>1000000</N_Of_Counters_Percentage><Ap_Penalty>1</Ap_Penalty><Morale>30</Morale><Attack_Mod>100</Attack_Mod><Defense_Mod>100</Defense_Mod><Morale_Percentage>1000000</Morale_Percentage><Gold_Mod>35</Gold_Mod><Attr_Points_Per_Level>5</Attr_Points_Per_Level><Mastery_Points_Per_Level>5</Mastery_Points_Per_Level><Offhand_Attack_Mod>50</Offhand_Attack_Mod><Offhand_Damage_Mod>75</Offhand_Damage_Mod><Counter_Mod>50</Counter_Mod><Cadence_Sta_Mod>-35</Cadence_Sta_Mod><Cadence_Ap_Mod>-25</Cadence_Ap_Mod><Quantity>1</Quantity><Total_Xp>950</Total_Xp><Level>5</Level><Power>95</Power><Initiative_Modifier>2</Initiative_Modifier><Xp_Gain_Mod>100</Xp_Gain_Mod><Xp_Level_Mod>100</Xp_Level_Mod><Summoned_Xp_Mod>100</Summoned_Xp_Mod><Upkeep_Mod>100</Upkeep_Mod><Main_Hand_Gold_Percentage>70</Main_Hand_Gold_Percentage><Armor_Gold_Percentage>40</Armor_Gold_Percentage><Detection>10</Detection><Cold_Resistance>75</Cold_Resistance><Light_Resistance>35</Light_Resistance><Organization>100</Organization><Battle_Spirit>100</Battle_Spirit><Gold_Per_Level>100</Gold_Per_Level><Girth>300</Girth><Toughness_Recovery>25</Toughness_Recovery></params><props><Spellbook></Spellbook><Name>Ancient Automata</Name><Natural_Weapon>Bronze Puncher</Natural_Weapon><Classifications>Mechanical</Classifications><Main_Hand_Repertoire>Puncher(20);Cutter(10);Impaler(10);Spike Wheel(7);</Main_Hand_Repertoire><Deity>Iron God</Deity><Allowed_Material>Bronze;Iron;Steel;Mithril;Platinum;Adamantium;</Allowed_Material><Passives>ParamBonus(N of actions, {level}*2);ParamBonus(armor, 20+{level}*5);ParamBonus(spell armor, 5+{level}*2);Self-Reset({level}/2);</Passives><Offhand_Natural_Weapon>Bronze Cutter</Offhand_Natural_Weapon><Aspect>Arcanum</Aspect><Actives></Actives><Type>units</Type><Quality_Level_Range>Ancient;Damaged;</Quality_Level_Range><Off_Hand_Item></Off_Hand_Item><Displayed_Name>Ancient Automata</Displayed_Name><Standard_Passives>Automata;Vigilance;</Standard_Passives><Soundset>units\golem</Soundset><Group>Constructs</Group><Known_Spells></Known_Spells><Workspace_Group>Complete</Workspace_Group><Off_Hand_Repertoire>Puncher(10);Cutter(20);Impaler(10)</Off_Hand_Repertoire><Version>0.1003b</Version><Main_Hand_Item></Main_Hand_Item><Image>mini\unit\Arcanum\Mechanicum Titan.jpg</Image><Principles>Progress;Law</Principles></props></Ancient_Automata><Stone_Golem><params><Level>3</Level><Endurance_Percentage>100</Endurance_Percentage><Agility>5</Agility><Focus_Percentage>100</Focus_Percentage><Toughness_Percentage>100</Toughness_Percentage><Strength>18</Strength><Knowledge>4</Knowledge><Armor>21</Armor><Focus>100</Focus><Base_Damage>9</Base_Damage><Air_Resistance>45</Air_Resistance><Earth_Resistance>45</Earth_Resistance><Dexterity>5</Dexterity><Initiative_Percentage>100</Initiative_Percentage><Stamina_Percentage>100</Stamina_Percentage><Initiative_Modifier>10</Initiative_Modifier><Fire_Resistance>25</Fire_Resistance><Charisma>4</Charisma><Toughness>15</Toughness><Willpower>14</Willpower><Slashing_Resistance>15</Slashing_Resistance><Essence_Percentage>100</Essence_Percentage><Stamina>10</Stamina><Vitality>16</Vitality><Piercing_Resistance>15</Piercing_Resistance><Intelligence>4</Intelligence><Resistance>12</Resistance><Wisdom>4</Wisdom><N_Of_Counters>1</N_Of_Counters><Water_Resistance>45</Water_Resistance><Holy_Resistance>25</Holy_Resistance><Shadow_Resistance>25</Shadow_Resistance><Initiative_Bonus>5</Initiative_Bonus><Attack>2</Attack><Bludgeoning_Resistance>15</Bludgeoning_Resistance><Side_Sight_Penalty>1</Side_Sight_Penalty><N_Of_Actions>3</N_Of_Actions><Spirit>2</Spirit><Spellpower>4</Spellpower><Endurance>45</Endurance><Arcane_Resistance>50</Arcane_Resistance><Sight_Range>2</Sight_Range><Defense>4</Defense><Poison_Resistance>100</Poison_Resistance><Starting_Focus>25</Starting_Focus><Quick_Slots>2</Quick_Slots><C_Quick_Slots>2</C_Quick_Slots><Total_Xp>440</Total_Xp><Power>44</Power><Xp>440</Xp><Base_Strength>18</Base_Strength><Base_Vitality>16</Base_Vitality><Base_Agility>5</Base_Agility><Base_Dexterity>5</Base_Dexterity><Base_Willpower>14</Base_Willpower><Base_Intelligence>4</Base_Intelligence><Base_Spellpower>4</Base_Spellpower><Base_Knowledge>4</Base_Knowledge><Base_Wisdom>4</Base_Wisdom><Base_Charisma>4</Base_Charisma><Armor_Mod>100</Armor_Mod><Weight>325</Weight><Carrying_Capacity>160</Carrying_Capacity><Interrupt_Damage>100</Interrupt_Damage><Damage_Mod>100</Damage_Mod><N_Of_Actions_Percentage>1000000</N_Of_Actions_Percentage><N_Of_Counters_Percentage>1000000</N_Of_Counters_Percentage><Morale>30</Morale><Attack_Mod>100</Attack_Mod><Defense_Mod>100</Defense_Mod><Morale_Percentage>1000000</Morale_Percentage><Gold_Mod>100</Gold_Mod><Attr_Points_Per_Level>5</Attr_Points_Per_Level><Mastery_Points_Per_Level>5</Mastery_Points_Per_Level><Offhand_Attack_Mod>50</Offhand_Attack_Mod><Offhand_Damage_Mod>75</Offhand_Damage_Mod><Counter_Mod>50</Counter_Mod><Cadence_Sta_Mod>-35</Cadence_Sta_Mod><Cadence_Ap_Mod>-25</Cadence_Ap_Mod><Quantity>1</Quantity><Detection>10</Detection><Xp_Gain_Mod>100</Xp_Gain_Mod><Xp_Level_Mod>100</Xp_Level_Mod><Summoned_Xp_Mod>100</Summoned_Xp_Mod><Upkeep_Mod>100</Upkeep_Mod><Main_Hand_Gold_Percentage>70</Main_Hand_Gold_Percentage><Armor_Gold_Percentage>40</Armor_Gold_Percentage></params><props><Spellbook></Spellbook><Ai_Modifiers>True Brute</Ai_Modifiers><Natural_Weapon>Granite Golem Fist</Natural_Weapon><Name>Stone Golem</Name><Classifications>Construct</Classifications><Known_Spells></Known_Spells><Deity>Lord of Magic</Deity><Passives>ParamBonus(Armor|Piercing Resistance|Bludgeoning Resistance|Slashing Resistance,{level}*3);</Passives><Offhand_Natural_Weapon>Granite Golem Fist</Offhand_Natural_Weapon><Aspect>Arcanum</Aspect><Attribute_Progression>Willpower(13);Strength(16);Vitality(13);Agility(2);Dexterity(2);Intelligence(2);Knowledge(2);</Attribute_Progression><Type>units</Type><Version>0.1003</Version><Image>mini\unit\Arcanum\Granite Golem.jpg</Image><Displayed_Name>Stone Golem</Displayed_Name><Standard_Passives>Critical Immune;Sneak Immune;</Standard_Passives></props></Stone_Golem><Mechanicum_Titan><params><Spirit>3</Spirit><Resistance>5</Resistance><Base_Damage>34</Base_Damage><N_Of_Counters>14</N_Of_Counters><N_Of_Actions>39</N_Of_Actions><Endurance>75</Endurance><Quick_Slots>2</Quick_Slots><C_Quick_Slots>2</C_Quick_Slots><Strength>35</Strength><Vitality>25</Vitality><Agility>5</Agility><Dexterity>5</Dexterity><Willpower>15</Willpower><Intelligence>15</Intelligence><Spellpower>10</Spellpower><Knowledge>25</Knowledge><Wisdom>5</Wisdom><Charisma>5</Charisma><Xp>1650</Xp><Base_Strength>35</Base_Strength><Base_Vitality>25</Base_Vitality><Base_Agility>5</Base_Agility><Base_Dexterity>5</Base_Dexterity><Base_Willpower>15</Base_Willpower><Base_Intelligence>15</Base_Intelligence><Base_Spellpower>10</Base_Spellpower><Base_Knowledge>25</Base_Knowledge><Base_Wisdom>5</Base_Wisdom><Base_Charisma>5</Base_Charisma><Spell_Armor>15</Spell_Armor><Defense>18</Defense><Attack>20</Attack><Stamina>5</Stamina><Focus>100</Focus><Armor_Mod>100</Armor_Mod><Weight>450</Weight><Carrying_Capacity>1220</Carrying_Capacity><Initiative_Bonus>5</Initiative_Bonus><Sight_Range>2</Sight_Range><Behind_Sight_Bonus>1</Behind_Sight_Bonus><Interrupt_Damage>100</Interrupt_Damage><Fire_Resistance>25</Fire_Resistance><Water_Resistance>75</Water_Resistance><Air_Resistance>50</Air_Resistance><Earth_Resistance>25</Earth_Resistance><Chaos_Resistance>25</Chaos_Resistance><Holy_Resistance>75</Holy_Resistance><Shadow_Resistance>75</Shadow_Resistance><Arcane_Resistance>75</Arcane_Resistance><Poison_Resistance>100</Poison_Resistance><Death_Resistance>100</Death_Resistance><Psionic_Resistance>100</Psionic_Resistance><Piercing_Resistance>25</Piercing_Resistance><Bludgeoning_Resistance>25</Bludgeoning_Resistance><Slashing_Resistance>50</Slashing_Resistance><Damage_Mod>100</Damage_Mod><Initiative_Percentage>1000000</Initiative_Percentage><Endurance_Percentage>1000000</Endurance_Percentage><Toughness_Percentage>1000000</Toughness_Percentage><Essence_Percentage>1000000</Essence_Percentage><Focus_Percentage>1000000</Focus_Percentage><Stamina_Percentage>1000000</Stamina_Percentage><N_Of_Actions_Percentage>1000000</N_Of_Actions_Percentage><N_Of_Counters_Percentage>1000000</N_Of_Counters_Percentage><Ap_Penalty>1</Ap_Penalty><Morale>30</Morale><Attack_Mod>100</Attack_Mod><Defense_Mod>100</Defense_Mod><Morale_Percentage>1000000</Morale_Percentage><Gold_Mod>35</Gold_Mod><Attr_Points_Per_Level>5</Attr_Points_Per_Level><Mastery_Points_Per_Level>5</Mastery_Points_Per_Level><Offhand_Attack_Mod>50</Offhand_Attack_Mod><Offhand_Damage_Mod>75</Offhand_Damage_Mod><Counter_Mod>50</Counter_Mod><Cadence_Sta_Mod>-35</Cadence_Sta_Mod><Cadence_Ap_Mod>-25</Cadence_Ap_Mod><Quantity>1</Quantity><Total_Xp>1650</Total_Xp><Level>7</Level><Power>165</Power><Initiative_Modifier>2</Initiative_Modifier><Xp_Gain_Mod>100</Xp_Gain_Mod><Xp_Level_Mod>100</Xp_Level_Mod><Summoned_Xp_Mod>100</Summoned_Xp_Mod><Upkeep_Mod>100</Upkeep_Mod><Main_Hand_Gold_Percentage>70</Main_Hand_Gold_Percentage><Armor_Gold_Percentage>40</Armor_Gold_Percentage><Detection>10</Detection><Cold_Resistance>75</Cold_Resistance><Light_Resistance>35</Light_Resistance><Organization>100</Organization><Battle_Spirit>100</Battle_Spirit><Gold_Per_Level>100</Gold_Per_Level><Girth>300</Girth><Toughness_Recovery>25</Toughness_Recovery></params><props><Spellbook></Spellbook><Name>Mechanicum Titan</Name><Natural_Weapon>Bronze Puncher</Natural_Weapon><Classifications>Mechanical</Classifications><Main_Hand_Repertoire>Puncher(20);Cutter(10);Impaler(10);Spike Wheel(7);</Main_Hand_Repertoire><Deity>Iron God</Deity><Allowed_Material>Bronze;Iron;Steel;Mithril;Platinum;Adamantium;</Allowed_Material><Passives>ParamBonus(N of actions, {level}*2);ParamBonus(armor, 20+{level}*5);ParamBonus(spell armor, 5+{level}*2);Self-Reset({level}/2)</Passives><Offhand_Natural_Weapon>Bronze Cutter</Offhand_Natural_Weapon><Aspect>Arcanum</Aspect><Actives>Self-Reset;Sidestep Left;Sidestep Right</Actives><Type>units</Type><Quality_Level_Range>Ancient;Damaged;</Quality_Level_Range><Off_Hand_Item></Off_Hand_Item><Displayed_Name>Mechanicum Titan</Displayed_Name><Standard_Passives>Automata;Vigilance;Bludgeoning</Standard_Passives><Soundset>units\golem</Soundset><Group>Constructs</Group><Known_Spells></Known_Spells><Workspace_Group>Complete</Workspace_Group><Off_Hand_Repertoire>Puncher(10);Cutter(20);Impaler(10)</Off_Hand_Repertoire><Version>0.1003b</Version><Main_Hand_Item></Main_Hand_Item><Image>mini\unit\Arcanum\Dark Steel Golem2.jpg</Image><Principles>Progress;Law</Principles></props></Mechanicum_Titan></Arcanum></XML>