<XML><Vampire><Vampire_Aristocrat><params><Strength>1</Strength><Vitality>-1</Vitality><Agility>1</Agility><Dexterity>1</Dexterity><Willpower>1</Willpower><Intelligence>1</Intelligence><Knowledge>1</Knowledge><Spellpower>1</Spellpower><Charisma>1</Charisma><Mobility_Mastery>2</Mobility_Mastery><Blade_Mastery>3</Blade_Mastery><Free_Masteries>4</Free_Masteries><Gold>75</Gold><Base_Strength>1</Base_Strength><Base_Vitality>-1</Base_Vitality><Base_Agility>1</Base_Agility><Base_Willpower>1</Base_Willpower><Base_Charisma>1</Base_Charisma><Quick_Slots>2</Quick_Slots><C_Quick_Slots>2</C_Quick_Slots><Level>1</Level><Hero_Level>1</Hero_Level><Total_Xp>100</Total_Xp><Power>10</Power><Base_Dexterity>1</Base_Dexterity><Base_Intelligence>1</Base_Intelligence><Base_Spellpower>1</Base_Spellpower><Base_Knowledge>1</Base_Knowledge><Spirit>3</Spirit><Stamina>5</Stamina><Focus>100</Focus><Morale>30</Morale><Armor_Mod>100</Armor_Mod><Carrying_Capacity>25</Carrying_Capacity><Memorization_Cap>4</Memorization_Cap><Memory_Remaining>4</Memory_Remaining><Initiative_Modifier>10</Initiative_Modifier><Initiative_Bonus>5</Initiative_Bonus><Side_Sight_Penalty>1</Side_Sight_Penalty><Interrupt_Damage>100</Interrupt_Damage><Shadow_Mastery>1</Shadow_Mastery><Xp_Gain_Mod>100</Xp_Gain_Mod><Xp_Level_Mod>100</Xp_Level_Mod><Attr_Points_Per_Level>5</Attr_Points_Per_Level><Mastery_Points_Per_Level>5</Mastery_Points_Per_Level><Damage_Mod>100</Damage_Mod><Attack_Mod>100</Attack_Mod><Offhand_Attack_Mod>50</Offhand_Attack_Mod><Offhand_Damage_Mod>75</Offhand_Damage_Mod><Defense_Mod>100</Defense_Mod><Initiative_Percentage>1000000</Initiative_Percentage><Endurance_Percentage>1000000</Endurance_Percentage><Toughness_Percentage>1000000</Toughness_Percentage><Essence_Percentage>1000000</Essence_Percentage><Focus_Percentage>1000000</Focus_Percentage><Stamina_Percentage>1000000</Stamina_Percentage><Morale_Percentage>1000000</Morale_Percentage><N_Of_Actions_Percentage>1000000</N_Of_Actions_Percentage><N_Of_Counters_Percentage>1000000</N_Of_Counters_Percentage><Gold_Mod>100</Gold_Mod><Blood_Magic_Mastery>3</Blood_Magic_Mastery><Counter_Mod>50</Counter_Mod><Psychic_Mastery>1</Psychic_Mastery><Default_Strength>1</Default_Strength><Default_Vitality>-1</Default_Vitality><Default_Agility>1</Default_Agility><Default_Dexterity>1</Default_Dexterity><Default_Willpower>1</Default_Willpower><Default_Intelligence>1</Default_Intelligence><Default_Knowledge>1</Default_Knowledge><Default_Spellpower>1</Default_Spellpower><Default_Charisma>1</Default_Charisma><Main_Hand_Gold_Percentage>70</Main_Hand_Gold_Percentage><Armor_Gold_Percentage>40</Armor_Gold_Percentage><Divination_Max_Sd_Mod>100</Divination_Max_Sd_Mod><Divination_Pool_Mod>100</Divination_Pool_Mod><Summoned_Xp_Mod>100</Summoned_Xp_Mod><Upkeep_Mod>100</Upkeep_Mod><Xp>100</Xp><Cadence_Sta_Mod>-35</Cadence_Sta_Mod><Cadence_Ap_Mod>-25</Cadence_Ap_Mod><Detection>10</Detection><Organization>100</Organization><Battle_Spirit>100</Battle_Spirit><Gold_Per_Level>100</Gold_Per_Level><Combat_Readiness>50</Combat_Readiness><Oneness>50</Oneness><Health>100</Health><Motivation>50</Motivation><Travel_Speed>2</Travel_Speed><Consumption>1</Consumption><Mobility_Mastery_Score>2</Mobility_Mastery_Score><Blade_Mastery_Score>3</Blade_Mastery_Score><Psychic_Mastery_Score>1</Psychic_Mastery_Score><Blood_Magic_Mastery_Score>3</Blood_Magic_Mastery_Score><Shadow_Mastery_Score>1</Shadow_Mastery_Score><Explore_Speed>2</Explore_Speed><Vigor>100</Vigor><Girth>80</Girth><Toughness_Recovery>25</Toughness_Recovery><Integrity>100</Integrity><Sneak_Damage_Mod>25</Sneak_Damage_Mod><Sneak_Defense_Mod>-50</Sneak_Defense_Mod><Sneak_Armor_Mod>-25</Sneak_Armor_Mod></params><props><Known_Spells></Known_Spells><Principles>War;Ambition;Honor;</Principles><Background>Vampire</Background><Spellbook></Spellbook><Aspect>Darkness</Aspect><Type>chars</Type><Image>mini\char\std\human\Generic\6dark\Nosferatu.jpg</Image><Spell_Upgrades></Spell_Upgrades><Race>Vampire</Race><Soundset>Blackguard</Soundset><Group>Background</Group><Natural_Weapon>Petty Claws</Natural_Weapon><Displayed_Name>Vampire Aristocrat</Displayed_Name><Classifications>Humanoid;Hero</Classifications><Offhand_Natural_Weapon>Petty Maw</Offhand_Natural_Weapon><Description>Damaged by Illumination</Description><Passives>ParamBonus(Detection, {level});ParamBonus(Endurance regeneration, -5*{level});ParamBonus(Death Resistance|Poison Resistance, 10+5*{level});ParamBonus(Shadow Resistance|Water Resistance, -5+5*{level});ParamBonus(Holy Resistance, -25);ParamBonus(Fire Resistance, -15);OnLevel(5, AddProp(Flying));</Passives><Standard_Passives>Bloodthirsty;Cold Blood;Dispassionate;Darkvision;</Standard_Passives><Id>244</Id><Actives>OnLevel(10, Mesmerize)</Actives><Name>Vampire Aristocrat</Name><Deity>Crimson Queen;Night Lord;Wraith God;Witch King;Keeper of Twilight;</Deity></props></Vampire_Aristocrat><Vampire_Tyrant><params><Strength>2</Strength><Agility>2</Agility><Dexterity>1</Dexterity><Willpower>2</Willpower><Spellpower>1</Spellpower><Blade_Mastery>4</Blade_Mastery><Axe_Mastery>3</Axe_Mastery><Free_Masteries>4</Free_Masteries><Gold>50</Gold><Armorer_Mastery>2</Armorer_Mastery><Base_Strength>2</Base_Strength><Base_Agility>2</Base_Agility><Base_Willpower>2</Base_Willpower><Quick_Slots>2</Quick_Slots><C_Quick_Slots>2</C_Quick_Slots><Level>1</Level><Hero_Level>1</Hero_Level><Total_Xp>100</Total_Xp><Power>10</Power><Base_Dexterity>1</Base_Dexterity><Base_Spellpower>1</Base_Spellpower><Spirit>3</Spirit><Stamina>5</Stamina><Focus>100</Focus><Morale>30</Morale><Armor_Mod>100</Armor_Mod><Carrying_Capacity>25</Carrying_Capacity><Memorization_Cap>4</Memorization_Cap><Memory_Remaining>4</Memory_Remaining><Initiative_Modifier>10</Initiative_Modifier><Initiative_Bonus>5</Initiative_Bonus><Side_Sight_Penalty>1</Side_Sight_Penalty><Interrupt_Damage>100</Interrupt_Damage><Two_Handed_Mastery>2</Two_Handed_Mastery><Xp_Gain_Mod>100</Xp_Gain_Mod><Xp_Level_Mod>100</Xp_Level_Mod><Attr_Points_Per_Level>5</Attr_Points_Per_Level><Mastery_Points_Per_Level>5</Mastery_Points_Per_Level><Damage_Mod>100</Damage_Mod><Attack_Mod>100</Attack_Mod><Offhand_Attack_Mod>50</Offhand_Attack_Mod><Offhand_Damage_Mod>75</Offhand_Damage_Mod><Defense_Mod>100</Defense_Mod><Initiative_Percentage>1000000</Initiative_Percentage><Endurance_Percentage>1000000</Endurance_Percentage><Toughness_Percentage>1000000</Toughness_Percentage><Essence_Percentage>1000000</Essence_Percentage><Focus_Percentage>1000000</Focus_Percentage><Stamina_Percentage>1000000</Stamina_Percentage><Morale_Percentage>1000000</Morale_Percentage><N_Of_Actions_Percentage>1000000</N_Of_Actions_Percentage><N_Of_Counters_Percentage>1000000</N_Of_Counters_Percentage><Gold_Mod>100</Gold_Mod><Dual_Wielding_Mastery>2</Dual_Wielding_Mastery><Affliction_Mastery>1</Affliction_Mastery><Blood_Magic_Mastery>2</Blood_Magic_Mastery><Counter_Mod>50</Counter_Mod><Default_Strength>2</Default_Strength><Default_Agility>2</Default_Agility><Default_Dexterity>1</Default_Dexterity><Default_Willpower>2</Default_Willpower><Default_Spellpower>1</Default_Spellpower><Main_Hand_Gold_Percentage>70</Main_Hand_Gold_Percentage><Armor_Gold_Percentage>40</Armor_Gold_Percentage><Divination_Max_Sd_Mod>100</Divination_Max_Sd_Mod><Divination_Pool_Mod>100</Divination_Pool_Mod><Summoned_Xp_Mod>100</Summoned_Xp_Mod><Upkeep_Mod>100</Upkeep_Mod><Xp>100</Xp><Cadence_Sta_Mod>-35</Cadence_Sta_Mod><Cadence_Ap_Mod>-25</Cadence_Ap_Mod><Detection>10</Detection><Organization>100</Organization><Battle_Spirit>100</Battle_Spirit><Gold_Per_Level>100</Gold_Per_Level><Combat_Readiness>50</Combat_Readiness><Oneness>50</Oneness><Health>100</Health><Motivation>50</Motivation><Travel_Speed>2</Travel_Speed><Consumption>1</Consumption><Blade_Mastery_Score>4</Blade_Mastery_Score><Axe_Mastery_Score>3</Axe_Mastery_Score><Two_Handed_Mastery_Score>2</Two_Handed_Mastery_Score><Dual_Wielding_Mastery_Score>2</Dual_Wielding_Mastery_Score><Armorer_Mastery_Score>2</Armorer_Mastery_Score><Affliction_Mastery_Score>1</Affliction_Mastery_Score><Blood_Magic_Mastery_Score>2</Blood_Magic_Mastery_Score><Explore_Speed>2</Explore_Speed><Vigor>100</Vigor><Girth>80</Girth><Toughness_Recovery>25</Toughness_Recovery><Integrity>100</Integrity><Sneak_Damage_Mod>25</Sneak_Damage_Mod><Sneak_Defense_Mod>-50</Sneak_Defense_Mod><Sneak_Armor_Mod>-25</Sneak_Armor_Mod></params><props><Known_Spells></Known_Spells><Principles>War;Ambition;Law;</Principles><Background>Vampire</Background><Spellbook></Spellbook><Aspect>Death</Aspect><Type>chars</Type><Image>mini\char\std\human\Generic\6dark\Dark Knight.jpg</Image><Spell_Upgrades></Spell_Upgrades><Race>Vampire</Race><Soundset>Blackguard</Soundset><Group>Background</Group><Natural_Weapon>Petty Claws</Natural_Weapon><Displayed_Name>Vampire Tyrant</Displayed_Name><Classifications>Humanoid;Hero</Classifications><Offhand_Natural_Weapon>Petty Maw</Offhand_Natural_Weapon><Description>Damaged by Illumination</Description><Passives>ParamBonus(Detection, {level});ParamBonus(Endurance regeneration, -5*{level});ParamBonus(Death Resistance|Poison Resistance, 10+5*{level});ParamBonus(Shadow Resistance|Water Resistance, -5+5*{level});ParamBonus(Holy Resistance, -25);ParamBonus(Fire Resistance, -15);OnLevel(5, AddProp(Flying));</Passives><Standard_Passives>Bloodthirsty;Cold Blood;Dispassionate;Darkvision;</Standard_Passives><Id>241</Id><Actives>OnLevel(10, Mesmerize)</Actives><Name>Vampire Tyrant</Name><Deity>Death Gorger;Crimson Queen;Night Lord;Witch King;Wraith God;</Deity></props></Vampire_Tyrant><Vampire_Outcast><params><Strength>1</Strength><Vitality>-1</Vitality><Agility>2</Agility><Dexterity>2</Dexterity><Willpower>1</Willpower><Intelligence>1</Intelligence><Spellpower>1</Spellpower><Mobility_Mastery>2</Mobility_Mastery><Blade_Mastery>3</Blade_Mastery><Free_Masteries>5</Free_Masteries><Base_Strength>1</Base_Strength><Base_Vitality>-1</Base_Vitality><Base_Agility>2</Base_Agility><Base_Willpower>1</Base_Willpower><Quick_Slots>2</Quick_Slots><C_Quick_Slots>2</C_Quick_Slots><Level>1</Level><Hero_Level>1</Hero_Level><Total_Xp>100</Total_Xp><Power>10</Power><Xp>25</Xp><Base_Dexterity>2</Base_Dexterity><Base_Intelligence>1</Base_Intelligence><Base_Spellpower>1</Base_Spellpower><Spirit>3</Spirit><Stamina>5</Stamina><Focus>100</Focus><Morale>30</Morale><Armor_Mod>100</Armor_Mod><Carrying_Capacity>25</Carrying_Capacity><Memorization_Cap>4</Memorization_Cap><Memory_Remaining>4</Memory_Remaining><Initiative_Modifier>10</Initiative_Modifier><Initiative_Bonus>5</Initiative_Bonus><Side_Sight_Penalty>1</Side_Sight_Penalty><Interrupt_Damage>100</Interrupt_Damage><Shadow_Mastery>2</Shadow_Mastery><Stealth_Mastery>2</Stealth_Mastery><Xp_Gain_Mod>100</Xp_Gain_Mod><Xp_Level_Mod>100</Xp_Level_Mod><Attr_Points_Per_Level>5</Attr_Points_Per_Level><Mastery_Points_Per_Level>5</Mastery_Points_Per_Level><Mastery_Points>-1</Mastery_Points><Damage_Mod>100</Damage_Mod><Attack_Mod>100</Attack_Mod><Offhand_Attack_Mod>50</Offhand_Attack_Mod><Offhand_Damage_Mod>75</Offhand_Damage_Mod><Defense_Mod>100</Defense_Mod><Initiative_Percentage>1000000</Initiative_Percentage><Endurance_Percentage>1000000</Endurance_Percentage><Toughness_Percentage>1000000</Toughness_Percentage><Essence_Percentage>1000000</Essence_Percentage><Focus_Percentage>1000000</Focus_Percentage><Stamina_Percentage>1000000</Stamina_Percentage><Morale_Percentage>1000000</Morale_Percentage><N_Of_Actions_Percentage>1000000</N_Of_Actions_Percentage><N_Of_Counters_Percentage>1000000</N_Of_Counters_Percentage><Gold_Mod>100</Gold_Mod><Blood_Magic_Mastery>2</Blood_Magic_Mastery><Detection_Mastery>2</Detection_Mastery><Counter_Mod>50</Counter_Mod><Default_Strength>1</Default_Strength><Default_Vitality>-1</Default_Vitality><Default_Agility>2</Default_Agility><Default_Dexterity>2</Default_Dexterity><Default_Willpower>1</Default_Willpower><Default_Intelligence>1</Default_Intelligence><Default_Spellpower>1</Default_Spellpower><Main_Hand_Gold_Percentage>70</Main_Hand_Gold_Percentage><Armor_Gold_Percentage>40</Armor_Gold_Percentage><Divination_Max_Sd_Mod>100</Divination_Max_Sd_Mod><Divination_Pool_Mod>100</Divination_Pool_Mod><Summoned_Xp_Mod>100</Summoned_Xp_Mod><Upkeep_Mod>100</Upkeep_Mod><Cadence_Sta_Mod>-35</Cadence_Sta_Mod><Cadence_Ap_Mod>-25</Cadence_Ap_Mod><Detection>10</Detection><Organization>100</Organization><Battle_Spirit>100</Battle_Spirit><Gold_Per_Level>100</Gold_Per_Level><Combat_Readiness>50</Combat_Readiness><Oneness>50</Oneness><Health>100</Health><Motivation>50</Motivation><Travel_Speed>2</Travel_Speed><Consumption>1</Consumption><Mobility_Mastery_Score>2</Mobility_Mastery_Score><Blade_Mastery_Score>3</Blade_Mastery_Score><Blood_Magic_Mastery_Score>2</Blood_Magic_Mastery_Score><Shadow_Mastery_Score>2</Shadow_Mastery_Score><Detection_Mastery_Score>2</Detection_Mastery_Score><Stealth_Mastery_Score>2</Stealth_Mastery_Score><Explore_Speed>2</Explore_Speed><Vigor>100</Vigor><Girth>80</Girth><Toughness_Recovery>25</Toughness_Recovery><Integrity>100</Integrity><Sneak_Damage_Mod>25</Sneak_Damage_Mod><Sneak_Defense_Mod>-50</Sneak_Defense_Mod><Sneak_Armor_Mod>-25</Sneak_Armor_Mod></params><props><Known_Spells></Known_Spells><Principles>Ambition;Treachery;Freedom;</Principles><Background>Vampire</Background><Spellbook></Spellbook><Aspect>Darkness</Aspect><Type>chars</Type><Image>mini\char\std\human\Generic\6dark\Vampire Patrician.jpg</Image><Spell_Upgrades></Spell_Upgrades><Race>Vampire</Race><Soundset>Blackguard</Soundset><Group>Background</Group><Natural_Weapon>Petty Claws</Natural_Weapon><Displayed_Name>Vampire Outcast</Displayed_Name><Classifications>Humanoid;Hero</Classifications><Offhand_Natural_Weapon>Petty Maw</Offhand_Natural_Weapon><Description>Damaged by Illumination</Description><Passives>ParamBonus(Detection, {level});ParamBonus(Endurance regeneration, -5*{level});ParamBonus(Death Resistance|Poison Resistance, 10+5*{level});ParamBonus(Shadow Resistance|Water Resistance, -5+5*{level});ParamBonus(Holy Resistance, -25);ParamBonus(Fire Resistance, -15);OnLevel(5, AddProp(Flying));</Passives><Standard_Passives>Bloodthirsty;Cold Blood;Dispassionate;Darkvision;</Standard_Passives><Id>242</Id><Actives>OnLevel(10, Mesmerize)</Actives><Name>Vampire Outcast</Name><Deity>Crimson Queen;Night Lord;Wraith God;Witch King;Keeper of Twilight;Wild God;</Deity></props></Vampire_Outcast><Leroy><params><Weight>150</Weight><Total_Xp>331</Total_Xp><Side_Sight_Penalty>1</Side_Sight_Penalty><Upkeep_Mod>100</Upkeep_Mod><Memory_Remaining>4</Memory_Remaining><Power>33</Power><Summoned_Xp_Mod>100</Summoned_Xp_Mod><N_Of_Actions_Percentage>1000000</N_Of_Actions_Percentage><Mastery_Points_Per_Level>7</Mastery_Points_Per_Level><Level>3</Level><Gold_Mod>100</Gold_Mod><Detection>20</Detection><Default_Vitality>-1</Default_Vitality><Attr_Points_Per_Level>6</Attr_Points_Per_Level><Default_Dexterity>2</Default_Dexterity><Focus>100</Focus><Damage>10</Damage><Default_Willpower>1</Default_Willpower><Strength>7</Strength><Vitality>8</Vitality><Charisma>5</Charisma><Dexterity>10</Dexterity><Base_Agility>9</Base_Agility><Base_Spellpower>7</Base_Spellpower><Morale>30</Morale><Focus_Percentage>100</Focus_Percentage><Base_Knowledge>6</Base_Knowledge><N_Of_Counters_Percentage>1000000</N_Of_Counters_Percentage><Base_Charisma>5</Base_Charisma><Damage_Mod>100</Damage_Mod><Agility>9</Agility><Toughness>15</Toughness><Default_Spellpower>1</Default_Spellpower><Blade_Mastery>10</Blade_Mastery><Base_Damage>3</Base_Damage><Default_Intelligence>1</Default_Intelligence><Shadow_Mastery>6</Shadow_Mastery><Wisdom>7</Wisdom><Counter_Mod>50</Counter_Mod><Starting_Focus>25</Starting_Focus><Initiative_Percentage>100</Initiative_Percentage><Attack>5</Attack><Essence_Percentage>100</Essence_Percentage><Stamina_Percentage>100</Stamina_Percentage><Base_Willpower>8</Base_Willpower><Spellpower>7</Spellpower><Base_Dexterity>10</Base_Dexterity><Default_Agility>2</Default_Agility><Detection_Mastery>2</Detection_Mastery><Essence>25</Essence><Spirit>4</Spirit><Gold>10</Gold><Base_Strength>7</Base_Strength><Divination_Max_Sd_Mod>100</Divination_Max_Sd_Mod><Xp>11</Xp><Initiative_Modifier>10</Initiative_Modifier><Xp_Gain_Mod>100</Xp_Gain_Mod><Base_Intelligence>6</Base_Intelligence><Armor_Mod>100</Armor_Mod><Knowledge>6</Knowledge><Offhand_Attack_Mod>50</Offhand_Attack_Mod><Main_Hand_Gold_Percentage>70</Main_Hand_Gold_Percentage><Toughness_Percentage>100</Toughness_Percentage><Divination_Pool_Mod>100</Divination_Pool_Mod><Defense_Mod>100</Defense_Mod><Base_Vitality>8</Base_Vitality><Base_Wisdom>7</Base_Wisdom><Memorization_Cap>5</Memorization_Cap><N_Of_Actions>4</N_Of_Actions><Cadence_Ap_Mod>-25</Cadence_Ap_Mod><Stealth_Mastery>4</Stealth_Mastery><Xp_Level_Mod>106</Xp_Level_Mod><Sight_Range>3</Sight_Range><Offhand_Damage_Mod>75</Offhand_Damage_Mod><Resistance>15</Resistance><Default_Strength>1</Default_Strength><Blood_Magic_Mastery>2</Blood_Magic_Mastery><N_Of_Counters>1</N_Of_Counters><Defense>5</Defense><Attack_Mod>100</Attack_Mod><Endurance_Percentage>100</Endurance_Percentage><Mobility_Mastery>10</Mobility_Mastery><Interrupt_Damage>100</Interrupt_Damage><Initiative_Bonus>5</Initiative_Bonus><C_Quick_Slots>4</C_Quick_Slots><Morale_Percentage>1000000</Morale_Percentage><Armor_Gold_Percentage>40</Armor_Gold_Percentage><Endurance>30</Endurance><Carrying_Capacity>65</Carrying_Capacity><Hero_Level>1</Hero_Level><Free_Masteries>7</Free_Masteries><Intelligence>6</Intelligence><Cadence_Sta_Mod>-35</Cadence_Sta_Mod><Quick_Slots>2</Quick_Slots><Stamina>10</Stamina><Willpower>8</Willpower></params><props><Memorized_Spells>Shadow Bolt;Haze;</Memorized_Spells><First_Class>Trickster</First_Class><Aspect>Darkness</Aspect><Armor_Item>Inferior Tough Leather Rogue Outfit</Armor_Item><Soundset>Blackguard</Soundset><Classifications>Humanoid;Hero</Classifications><Description>Damaged by Illumination</Description><Gender>MALE</Gender><Rank>New Hero</Rank><Quick_Items>Cheap Hallucinagenic Poison;Cheap Weakening Poison;Cheap Fury Elixir;Minor Fortifying Potion;</Quick_Items><Known_Spells>Shadow Bolt;Haze;</Known_Spells><Principles>Freedom;Tradition;</Principles><Background>Vampire</Background><Type>chars</Type><Image>\mini\char\std\vampire\\Vampire Patrician.jpg</Image><Race>Vampire</Race><Group>Preset</Group><Natural_Weapon>Petty Claws</Natural_Weapon><Emblem>UI\emblems\std\darkness\1night lord.jpg</Emblem><Offhand_Natural_Weapon>Petty Maw</Offhand_Natural_Weapon><Standard_Passives>Bloodthirsty;Cold Blood;Dispassionate;Darkvision;</Standard_Passives><Name>Leroy</Name><Classes>Trickster;</Classes><Deity>Night Lord</Deity><Skills>Greater Dexterity;Mercurial;</Skills><Main_Hand_Item>Inferior Steel Stiletto</Main_Hand_Item></props></Leroy><Vampire><params><Strength>1</Strength><Vitality>-1</Vitality><Agility>1</Agility><Dexterity>1</Dexterity><Willpower>1</Willpower><Intelligence>1</Intelligence><Knowledge>1</Knowledge><Spellpower>1</Spellpower><Charisma>1</Charisma><Mobility_Mastery>1</Mobility_Mastery><Blade_Mastery>2</Blade_Mastery><Free_Masteries>4</Free_Masteries><Gold>75</Gold><Base_Strength>1</Base_Strength><Base_Vitality>-1</Base_Vitality><Base_Agility>1</Base_Agility><Base_Willpower>1</Base_Willpower><Base_Charisma>1</Base_Charisma><Quick_Slots>2</Quick_Slots><C_Quick_Slots>2</C_Quick_Slots><Level>1</Level><Hero_Level>1</Hero_Level><Total_Xp>100</Total_Xp><Power>10</Power><Base_Dexterity>1</Base_Dexterity><Base_Intelligence>1</Base_Intelligence><Base_Spellpower>1</Base_Spellpower><Base_Knowledge>1</Base_Knowledge><Spirit>3</Spirit><Stamina>5</Stamina><Focus>100</Focus><Morale>30</Morale><Armor_Mod>100</Armor_Mod><Carrying_Capacity>25</Carrying_Capacity><Memorization_Cap>4</Memorization_Cap><Memory_Remaining>4</Memory_Remaining><Initiative_Modifier>10</Initiative_Modifier><Initiative_Bonus>5</Initiative_Bonus><Side_Sight_Penalty>1</Side_Sight_Penalty><Interrupt_Damage>100</Interrupt_Damage><Shadow_Mastery>1</Shadow_Mastery><Xp_Gain_Mod>100</Xp_Gain_Mod><Xp_Level_Mod>100</Xp_Level_Mod><Attr_Points_Per_Level>5</Attr_Points_Per_Level><Mastery_Points_Per_Level>5</Mastery_Points_Per_Level><Damage_Mod>100</Damage_Mod><Attack_Mod>100</Attack_Mod><Offhand_Attack_Mod>50</Offhand_Attack_Mod><Offhand_Damage_Mod>75</Offhand_Damage_Mod><Defense_Mod>100</Defense_Mod><Initiative_Percentage>1000000</Initiative_Percentage><Endurance_Percentage>1000000</Endurance_Percentage><Toughness_Percentage>1000000</Toughness_Percentage><Essence_Percentage>1000000</Essence_Percentage><Focus_Percentage>1000000</Focus_Percentage><Stamina_Percentage>1000000</Stamina_Percentage><Morale_Percentage>1000000</Morale_Percentage><N_Of_Actions_Percentage>1000000</N_Of_Actions_Percentage><N_Of_Counters_Percentage>1000000</N_Of_Counters_Percentage><Gold_Mod>100</Gold_Mod><Blood_Magic_Mastery>2</Blood_Magic_Mastery><Counter_Mod>50</Counter_Mod><Psychic_Mastery>1</Psychic_Mastery><Default_Strength>1</Default_Strength><Default_Vitality>-1</Default_Vitality><Default_Agility>1</Default_Agility><Default_Dexterity>1</Default_Dexterity><Default_Willpower>1</Default_Willpower><Default_Intelligence>1</Default_Intelligence><Default_Knowledge>1</Default_Knowledge><Default_Spellpower>1</Default_Spellpower><Default_Charisma>1</Default_Charisma><Main_Hand_Gold_Percentage>70</Main_Hand_Gold_Percentage><Armor_Gold_Percentage>40</Armor_Gold_Percentage><Divination_Max_Sd_Mod>100</Divination_Max_Sd_Mod><Divination_Pool_Mod>100</Divination_Pool_Mod><Summoned_Xp_Mod>100</Summoned_Xp_Mod><Upkeep_Mod>100</Upkeep_Mod><Xp>100</Xp><Cadence_Sta_Mod>-35</Cadence_Sta_Mod><Cadence_Ap_Mod>-25</Cadence_Ap_Mod><Detection>10</Detection><Spellcraft_Mastery>1</Spellcraft_Mastery><Organization>100</Organization><Battle_Spirit>100</Battle_Spirit><Gold_Per_Level>100</Gold_Per_Level><Combat_Readiness>50</Combat_Readiness><Oneness>50</Oneness><Health>100</Health><Motivation>50</Motivation><Travel_Speed>2</Travel_Speed><Consumption>1</Consumption><Mobility_Mastery_Score>1</Mobility_Mastery_Score><Blade_Mastery_Score>2</Blade_Mastery_Score><Spellcraft_Mastery_Score>1</Spellcraft_Mastery_Score><Psychic_Mastery_Score>1</Psychic_Mastery_Score><Blood_Magic_Mastery_Score>2</Blood_Magic_Mastery_Score><Shadow_Mastery_Score>1</Shadow_Mastery_Score><Explore_Speed>2</Explore_Speed><Vigor>100</Vigor><Girth>80</Girth><Toughness_Recovery>25</Toughness_Recovery><Integrity>100</Integrity><Sneak_Damage_Mod>25</Sneak_Damage_Mod><Sneak_Defense_Mod>-50</Sneak_Defense_Mod><Sneak_Armor_Mod>-25</Sneak_Armor_Mod></params><props><Known_Spells></Known_Spells><Principles>War;Ambition;Honor;</Principles><Background>Vampire</Background><Spellbook></Spellbook><Aspect>Death</Aspect><Type>chars</Type><Image>mini\char\std\human\Generic\6dark\Vampire.jpg</Image><Spell_Upgrades></Spell_Upgrades><Race>Vampire</Race><Soundset>Blackguard</Soundset><Group>Background</Group><Natural_Weapon>Petty Claws</Natural_Weapon><Displayed_Name>Vampire</Displayed_Name><Classifications>Humanoid;Hero</Classifications><Offhand_Natural_Weapon>Petty Maw</Offhand_Natural_Weapon><Description>Damaged by Illumination</Description><Passives>ParamBonus(Detection, {level});ParamBonus(Endurance regeneration, -5*{level});ParamBonus(Death Resistance|Poison Resistance, 10+5*{level});ParamBonus(Shadow Resistance|Water Resistance, -5+5*{level});ParamBonus(Holy Resistance, -25);ParamBonus(Fire Resistance, -15);OnLevel(5, AddProp(Flying));</Passives><Standard_Passives>Bloodthirsty;Cold Blood;Dispassionate;Darkvision;</Standard_Passives><Id>240</Id><Actives>OnLevel(10, Mesmerize)</Actives><Name>Vampire</Name><Deity>Crimson Queen;Night Lord;Wraith God;Witch King;Keeper of Twilight;</Deity></props></Vampire></Vampire></XML>