<XML><Goblinoid><Black_Orc><params><Strength>3</Strength><Vitality>2</Vitality><Dexterity>-1</Dexterity><Willpower>1</Willpower><Intelligence>-1</Intelligence><Wisdom>-1</Wisdom><Knowledge>-2</Knowledge><Charisma>-1</Charisma><Blade_Mastery>2</Blade_Mastery><Axe_Mastery>2</Axe_Mastery><Polearm_Mastery>2</Polearm_Mastery><Free_Masteries>7</Free_Masteries><Base_Strength>3</Base_Strength><Base_Vitality>2</Base_Vitality><Base_Willpower>1</Base_Willpower><Base_Charisma>-1</Base_Charisma><Base_Wisdom>-1</Base_Wisdom><Blunt_Mastery>2</Blunt_Mastery><Chaos_Resistance>15</Chaos_Resistance><Mastery_Points>-3</Mastery_Points><Xp>-25</Xp><Base_Knowledge>-2</Base_Knowledge><Fire_Resistance>5</Fire_Resistance><Water_Resistance>25</Water_Resistance><Earth_Resistance>45</Earth_Resistance><Base_Dexterity>-1</Base_Dexterity><Weight>25</Weight><Side_Sight_Penalty>1</Side_Sight_Penalty><Power>10</Power><Total_Xp>100</Total_Xp><Base_Intelligence>-1</Base_Intelligence><Poison_Resistance>25</Poison_Resistance><C_Quick_Slots>2</C_Quick_Slots><Level>1</Level><Hero_Level>1</Hero_Level><Spirit>3</Spirit><Stamina>5</Stamina><Focus>100</Focus><Morale>30</Morale><Armor_Mod>100</Armor_Mod><Carrying_Capacity>25</Carrying_Capacity><Memorization_Cap>4</Memorization_Cap><Memory_Remaining>4</Memory_Remaining><Initiative_Modifier>10</Initiative_Modifier><Initiative_Bonus>5</Initiative_Bonus><Interrupt_Damage>100</Interrupt_Damage><Xp_Gain_Mod>100</Xp_Gain_Mod><Xp_Level_Mod>100</Xp_Level_Mod><Attr_Points_Per_Level>5</Attr_Points_Per_Level><Mastery_Points_Per_Level>5</Mastery_Points_Per_Level><Damage_Mod>100</Damage_Mod><Attack_Mod>100</Attack_Mod><Offhand_Attack_Mod>50</Offhand_Attack_Mod><Offhand_Damage_Mod>75</Offhand_Damage_Mod><Defense_Mod>100</Defense_Mod><Counter_Mod>50</Counter_Mod><Initiative_Percentage>1000000</Initiative_Percentage><Endurance_Percentage>1000000</Endurance_Percentage><Toughness_Percentage>1000000</Toughness_Percentage><Essence_Percentage>1000000</Essence_Percentage><Focus_Percentage>1000000</Focus_Percentage><Stamina_Percentage>1000000</Stamina_Percentage><Morale_Percentage>1000000</Morale_Percentage><N_Of_Actions_Percentage>1000000</N_Of_Actions_Percentage><N_Of_Counters_Percentage>1000000</N_Of_Counters_Percentage><Detection>10</Detection><Gold_Mod>100</Gold_Mod><Cadence_Sta_Mod>-35</Cadence_Sta_Mod><Cadence_Ap_Mod>-25</Cadence_Ap_Mod><Summoned_Xp_Mod>100</Summoned_Xp_Mod><Upkeep_Mod>100</Upkeep_Mod><Main_Hand_Gold_Percentage>70</Main_Hand_Gold_Percentage><Armor_Gold_Percentage>40</Armor_Gold_Percentage><Divination_Max_Sd_Mod>100</Divination_Max_Sd_Mod><Divination_Pool_Mod>100</Divination_Pool_Mod><Default_Strength>3</Default_Strength><Default_Vitality>2</Default_Vitality><Default_Dexterity>-1</Default_Dexterity><Default_Willpower>1</Default_Willpower><Default_Intelligence>-1</Default_Intelligence><Default_Knowledge>-2</Default_Knowledge><Default_Wisdom>-1</Default_Wisdom><Default_Charisma>-1</Default_Charisma><Acid_Resistance>15</Acid_Resistance><Shadow_Resistance>30</Shadow_Resistance><Death_Resistance>10</Death_Resistance><Psionic_Resistance>10</Psionic_Resistance><Armorer_Mastery>1</Armorer_Mastery><Spellcraft_Mastery>1</Spellcraft_Mastery><Divination_Mastery>1</Divination_Mastery><Affliction_Mastery>1</Affliction_Mastery><Blood_Magic_Mastery>1</Blood_Magic_Mastery><Witchery_Mastery>1</Witchery_Mastery><Attr_Points>-1</Attr_Points><Organization>100</Organization><Battle_Spirit>100</Battle_Spirit><Gold_Per_Level>100</Gold_Per_Level><Warcry_Mastery>3</Warcry_Mastery><Combat_Readiness>50</Combat_Readiness><Oneness>50</Oneness><Health>100</Health><Motivation>50</Motivation><Travel_Speed>2</Travel_Speed><Consumption>1</Consumption><Blade_Mastery_Score>2</Blade_Mastery_Score><Blunt_Mastery_Score>2</Blunt_Mastery_Score><Axe_Mastery_Score>2</Axe_Mastery_Score><Polearm_Mastery_Score>2</Polearm_Mastery_Score><Armorer_Mastery_Score>1</Armorer_Mastery_Score><Spellcraft_Mastery_Score>1</Spellcraft_Mastery_Score><Divination_Mastery_Score>1</Divination_Mastery_Score><Warcry_Mastery_Score>3</Warcry_Mastery_Score><Affliction_Mastery_Score>1</Affliction_Mastery_Score><Blood_Magic_Mastery_Score>1</Blood_Magic_Mastery_Score><Witchery_Mastery_Score>1</Witchery_Mastery_Score><Explore_Speed>2</Explore_Speed><Vigor>100</Vigor><Girth>80</Girth><Toughness_Recovery>25</Toughness_Recovery><Integrity>100</Integrity></params><props><Spell_Upgrades></Spell_Upgrades><Offhand_Natural_Weapon>Sizable Maw</Offhand_Natural_Weapon><Soundset>units\ork</Soundset><Displayed_Name>Black Orc</Displayed_Name><Background>Black Orc</Background><Known_Spells></Known_Spells><Race>Goblinoid</Race><Name>Black Orc</Name><Type>chars</Type><Standard_Passives>Dispassionate;</Standard_Passives><Image>mini\char\std\orc\black orc.jpg</Image><Principles>War;Tradition;Ambition;</Principles><Natural_Weapon>Sizable Fist</Natural_Weapon><Version>0.1002b</Version><Spellbook></Spellbook><Group>Background</Group><Id>303</Id><Deity>Death Gorger;Night Lord;Warmaster;Lord of Decay;Consumer of Worlds;</Deity><Classifications>Humanoid;Hero;Goblinoid</Classifications></props></Black_Orc><Pale_Orc><params><Armor_Gold_Percentage>40</Armor_Gold_Percentage><Poison_Resistance>35</Poison_Resistance><Chaos_Resistance>15</Chaos_Resistance><Water_Resistance>25</Water_Resistance><Mobility_Mastery>2</Mobility_Mastery><Wisdom>-1</Wisdom><Gold>-25</Gold><Focus>100</Focus><Summoned_Xp_Mod>100</Summoned_Xp_Mod><Fire_Resistance>-25</Fire_Resistance><Attack_Mod>100</Attack_Mod><Default_Vitality>1</Default_Vitality><Endurance_Percentage>1000000</Endurance_Percentage><Weight>25</Weight><Mastery_Points_Per_Level>5</Mastery_Points_Per_Level><Default_Dexterity>2</Default_Dexterity><Morale_Percentage>1000000</Morale_Percentage><Focus_Percentage>1000000</Focus_Percentage><Default_Willpower>-1</Default_Willpower><Detection>10</Detection><Agility>1</Agility><Psionic_Resistance>15</Psionic_Resistance><Stealth_Mastery>1</Stealth_Mastery><Counter_Mod>50</Counter_Mod><Blade_Mastery>2</Blade_Mastery><Base_Wisdom>-1</Base_Wisdom><Polearm_Mastery>2</Polearm_Mastery><Marksmanship_Mastery>1</Marksmanship_Mastery><Power>10</Power><Cold_Resistance>15</Cold_Resistance><Upkeep_Mod>100</Upkeep_Mod><Default_Agility>1</Default_Agility><Xp_Gain_Mod>100</Xp_Gain_Mod><Stamina>5</Stamina><Interrupt_Damage>100</Interrupt_Damage><Dual_Wielding_Mastery>1</Dual_Wielding_Mastery><Default_Knowledge>-2</Default_Knowledge><Carrying_Capacity>25</Carrying_Capacity><Willpower>-1</Willpower><Vitality>1</Vitality><Charisma>-2</Charisma><Base_Willpower>-1</Base_Willpower><Level>1</Level><Shadow_Resistance>35</Shadow_Resistance><Strength>2</Strength><Divination_Pool_Mod>100</Divination_Pool_Mod><Stamina_Percentage>1000000</Stamina_Percentage><Two_Handed_Mastery>1</Two_Handed_Mastery><Axe_Mastery>2</Axe_Mastery><Attr_Points_Per_Level>5</Attr_Points_Per_Level><Knowledge>-2</Knowledge><Base_Charisma>-2</Base_Charisma><Base_Agility>1</Base_Agility><Memorization_Cap>4</Memorization_Cap><N_Of_Actions_Percentage>1000000</N_Of_Actions_Percentage><Essence_Percentage>1000000</Essence_Percentage><Detection_Mastery>1</Detection_Mastery><Default_Charisma>-2</Default_Charisma><Base_Vitality>1</Base_Vitality><Initiative_Bonus>5</Initiative_Bonus><Earth_Resistance>45</Earth_Resistance><N_Of_Counters_Percentage>1000000</N_Of_Counters_Percentage><Sonic_Resistance>15</Sonic_Resistance><Cadence_Ap_Mod>-25</Cadence_Ap_Mod><C_Quick_Slots>2</C_Quick_Slots><Main_Hand_Gold_Percentage>70</Main_Hand_Gold_Percentage><Total_Xp>100</Total_Xp><Base_Knowledge>-2</Base_Knowledge><Death_Resistance>15</Death_Resistance><Default_Wisdom>-1</Default_Wisdom><Divination_Max_Sd_Mod>100</Divination_Max_Sd_Mod><Offhand_Damage_Mod>75</Offhand_Damage_Mod><Armor_Mod>100</Armor_Mod><Acid_Resistance>15</Acid_Resistance><Initiative_Percentage>1000000</Initiative_Percentage><Cadence_Sta_Mod>-35</Cadence_Sta_Mod><Memory_Remaining>4</Memory_Remaining><Shadow_Mastery>1</Shadow_Mastery><Initiative_Modifier>10</Initiative_Modifier><Hero_Level>1</Hero_Level><Spirit>3</Spirit><Base_Dexterity>2</Base_Dexterity><Damage_Mod>100</Damage_Mod><Offhand_Attack_Mod>50</Offhand_Attack_Mod><Base_Strength>2</Base_Strength><Defense_Mod>100</Defense_Mod><Dexterity>2</Dexterity><Xp_Level_Mod>100</Xp_Level_Mod><Default_Strength>2</Default_Strength><Side_Sight_Penalty>1</Side_Sight_Penalty><Gold_Mod>100</Gold_Mod><Toughness_Percentage>1000000</Toughness_Percentage><Morale>30</Morale><Free_Masteries>7</Free_Masteries><Mastery_Points>-2</Mastery_Points><Light_Resistance>-25</Light_Resistance><Xp>100</Xp><Organization>100</Organization><Battle_Spirit>100</Battle_Spirit><Gold_Per_Level>100</Gold_Per_Level><Warcry_Mastery>2</Warcry_Mastery><Combat_Readiness>50</Combat_Readiness><Oneness>50</Oneness><Health>100</Health><Motivation>50</Motivation><Travel_Speed>2</Travel_Speed><Consumption>1</Consumption><Marksmanship_Mastery_Score>1</Marksmanship_Mastery_Score><Mobility_Mastery_Score>2</Mobility_Mastery_Score><Blade_Mastery_Score>2</Blade_Mastery_Score><Axe_Mastery_Score>2</Axe_Mastery_Score><Polearm_Mastery_Score>2</Polearm_Mastery_Score><Two_Handed_Mastery_Score>1</Two_Handed_Mastery_Score><Dual_Wielding_Mastery_Score>1</Dual_Wielding_Mastery_Score><Warcry_Mastery_Score>2</Warcry_Mastery_Score><Shadow_Mastery_Score>1</Shadow_Mastery_Score><Detection_Mastery_Score>1</Detection_Mastery_Score><Stealth_Mastery_Score>1</Stealth_Mastery_Score><Explore_Speed>2</Explore_Speed><Vigor>100</Vigor><Girth>80</Girth><Toughness_Recovery>25</Toughness_Recovery><Integrity>100</Integrity></params><props><Spell_Upgrades></Spell_Upgrades><Offhand_Natural_Weapon>Sizable Maw</Offhand_Natural_Weapon><Soundset>units\ork</Soundset><Displayed_Name>Pale Orc</Displayed_Name><Background>Pale Orc</Background><Known_Spells></Known_Spells><Race>Goblinoid</Race><Name>Pale Orc</Name><Type>chars</Type><Standard_Passives>Blind Fighter;</Standard_Passives><Image>mini\char\std\orc\pale orc.jpg</Image><Principles>Treachery;War;Ambition;</Principles><Natural_Weapon>Sizable Fist</Natural_Weapon><Version>0.1002b</Version><Spellbook></Spellbook><Group>Background</Group><Id>305</Id><Deity>Warmaster;Underking;Night Lord;Witch King;Death Gorger;Wraith God;Arachnia;</Deity><Classifications>Humanoid;Hero;Goblinoid</Classifications></props></Pale_Orc><Green_Orc><params><Strength>3</Strength><Vitality>4</Vitality><Agility>2</Agility><Dexterity>1</Dexterity><Intelligence>-2</Intelligence><Wisdom>-2</Wisdom><Knowledge>-3</Knowledge><Spellpower>-2</Spellpower><Charisma>-3</Charisma><Athletics_Mastery>3</Athletics_Mastery><Mobility_Mastery>2</Mobility_Mastery><Blade_Mastery>2</Blade_Mastery><Axe_Mastery>3</Axe_Mastery><Polearm_Mastery>2</Polearm_Mastery><Free_Masteries>5</Free_Masteries><Gold>-50</Gold><Base_Strength>3</Base_Strength><Base_Vitality>4</Base_Vitality><Base_Agility>2</Base_Agility><Base_Charisma>-3</Base_Charisma><Base_Wisdom>-2</Base_Wisdom><Blunt_Mastery>2</Blunt_Mastery><Chaos_Resistance>15</Chaos_Resistance><Mastery_Points>-5</Mastery_Points><Xp>-75</Xp><Base_Knowledge>-3</Base_Knowledge><Base_Spellpower>-2</Base_Spellpower><Fire_Resistance>15</Fire_Resistance><Water_Resistance>25</Water_Resistance><Earth_Resistance>45</Earth_Resistance><Base_Dexterity>1</Base_Dexterity><Weight>25</Weight><Side_Sight_Penalty>1</Side_Sight_Penalty><Power>10</Power><Total_Xp>100</Total_Xp><Base_Intelligence>-2</Base_Intelligence><Marksmanship_Mastery>2</Marksmanship_Mastery><Poison_Resistance>25</Poison_Resistance><C_Quick_Slots>2</C_Quick_Slots><Level>1</Level><Hero_Level>1</Hero_Level><Spirit>3</Spirit><Stamina>5</Stamina><Focus>100</Focus><Morale>30</Morale><Armor_Mod>100</Armor_Mod><Carrying_Capacity>25</Carrying_Capacity><Memorization_Cap>4</Memorization_Cap><Memory_Remaining>4</Memory_Remaining><Initiative_Modifier>10</Initiative_Modifier><Initiative_Bonus>5</Initiative_Bonus><Interrupt_Damage>100</Interrupt_Damage><Xp_Gain_Mod>100</Xp_Gain_Mod><Xp_Level_Mod>100</Xp_Level_Mod><Attr_Points_Per_Level>5</Attr_Points_Per_Level><Mastery_Points_Per_Level>5</Mastery_Points_Per_Level><Damage_Mod>100</Damage_Mod><Attack_Mod>100</Attack_Mod><Offhand_Attack_Mod>50</Offhand_Attack_Mod><Offhand_Damage_Mod>75</Offhand_Damage_Mod><Defense_Mod>100</Defense_Mod><Counter_Mod>50</Counter_Mod><Initiative_Percentage>1000000</Initiative_Percentage><Endurance_Percentage>1000000</Endurance_Percentage><Toughness_Percentage>1000000</Toughness_Percentage><Essence_Percentage>1000000</Essence_Percentage><Focus_Percentage>1000000</Focus_Percentage><Stamina_Percentage>1000000</Stamina_Percentage><Morale_Percentage>1000000</Morale_Percentage><N_Of_Actions_Percentage>1000000</N_Of_Actions_Percentage><N_Of_Counters_Percentage>1000000</N_Of_Counters_Percentage><Detection>10</Detection><Gold_Mod>100</Gold_Mod><Cadence_Sta_Mod>-35</Cadence_Sta_Mod><Cadence_Ap_Mod>-25</Cadence_Ap_Mod><Summoned_Xp_Mod>100</Summoned_Xp_Mod><Upkeep_Mod>100</Upkeep_Mod><Main_Hand_Gold_Percentage>70</Main_Hand_Gold_Percentage><Armor_Gold_Percentage>40</Armor_Gold_Percentage><Divination_Max_Sd_Mod>100</Divination_Max_Sd_Mod><Divination_Pool_Mod>100</Divination_Pool_Mod><Acid_Resistance>25</Acid_Resistance><Shadow_Resistance>10</Shadow_Resistance><Death_Resistance>10</Death_Resistance><Savage_Mastery>1</Savage_Mastery><Attr_Points>-1</Attr_Points><Default_Strength>3</Default_Strength><Default_Vitality>4</Default_Vitality><Default_Agility>2</Default_Agility><Default_Dexterity>1</Default_Dexterity><Default_Intelligence>-2</Default_Intelligence><Default_Spellpower>-2</Default_Spellpower><Default_Knowledge>-3</Default_Knowledge><Default_Wisdom>-2</Default_Wisdom><Default_Charisma>-3</Default_Charisma><Two_Handed_Mastery>1</Two_Handed_Mastery><Dual_Wielding_Mastery>1</Dual_Wielding_Mastery><Detection_Mastery>1</Detection_Mastery><Organization>100</Organization><Battle_Spirit>100</Battle_Spirit><Gold_Per_Level>100</Gold_Per_Level><Warcry_Mastery>3</Warcry_Mastery><Combat_Readiness>50</Combat_Readiness><Oneness>50</Oneness><Health>100</Health><Motivation>50</Motivation><Travel_Speed>2</Travel_Speed><Consumption>1</Consumption><Marksmanship_Mastery_Score>2</Marksmanship_Mastery_Score><Athletics_Mastery_Score>3</Athletics_Mastery_Score><Mobility_Mastery_Score>2</Mobility_Mastery_Score><Blade_Mastery_Score>2</Blade_Mastery_Score><Blunt_Mastery_Score>2</Blunt_Mastery_Score><Axe_Mastery_Score>3</Axe_Mastery_Score><Polearm_Mastery_Score>2</Polearm_Mastery_Score><Two_Handed_Mastery_Score>1</Two_Handed_Mastery_Score><Dual_Wielding_Mastery_Score>1</Dual_Wielding_Mastery_Score><Warcry_Mastery_Score>3</Warcry_Mastery_Score><Detection_Mastery_Score>1</Detection_Mastery_Score><Savage_Mastery_Score>1</Savage_Mastery_Score><Explore_Speed>2</Explore_Speed><Vigor>100</Vigor><Girth>80</Girth><Toughness_Recovery>25</Toughness_Recovery><Integrity>100</Integrity></params><props><Spell_Upgrades></Spell_Upgrades><Offhand_Natural_Weapon>Average Fist</Offhand_Natural_Weapon><Soundset>Dwarf</Soundset><Displayed_Name>Green Orc</Displayed_Name><Background>Green Orc</Background><Known_Spells></Known_Spells><Race>Goblinoid</Race><Name>Green Orc</Name><Type>chars</Type><Image>mini\char\std\orc\green orc.jpg</Image><Principles>Freedom;Tradition;War;</Principles><Natural_Weapon>Average Fist</Natural_Weapon><Version>0.1002b</Version><Spellbook></Spellbook><Group>Background</Group><Id>300</Id><Deity>Wild God;Warmaster;Old Way;World Tree;Lord of Decay;</Deity><Classifications>Humanoid;Hero;Goblinoid</Classifications></props></Green_Orc><g><params><Strength>3</Strength><Vitality>4</Vitality><Agility>2</Agility><Dexterity>1</Dexterity><Intelligence>-2</Intelligence><Wisdom>-2</Wisdom><Knowledge>-3</Knowledge><Spellpower>-2</Spellpower><Charisma>-3</Charisma><Athletics_Mastery>3</Athletics_Mastery><Mobility_Mastery>2</Mobility_Mastery><Blade_Mastery>2</Blade_Mastery><Axe_Mastery>3</Axe_Mastery><Polearm_Mastery>2</Polearm_Mastery><Free_Masteries>5</Free_Masteries><Gold>-50</Gold><Base_Strength>3</Base_Strength><Base_Vitality>4</Base_Vitality><Base_Agility>2</Base_Agility><Base_Charisma>-3</Base_Charisma><Base_Wisdom>-2</Base_Wisdom><Blunt_Mastery>2</Blunt_Mastery><Chaos_Resistance>15</Chaos_Resistance><Mastery_Points>-5</Mastery_Points><Xp>-75</Xp><Base_Knowledge>-3</Base_Knowledge><Base_Spellpower>-2</Base_Spellpower><Fire_Resistance>15</Fire_Resistance><Water_Resistance>25</Water_Resistance><Earth_Resistance>45</Earth_Resistance><Base_Dexterity>1</Base_Dexterity><Weight>25</Weight><Side_Sight_Penalty>1</Side_Sight_Penalty><Power>10</Power><Total_Xp>100</Total_Xp><Base_Intelligence>-2</Base_Intelligence><Marksmanship_Mastery>2</Marksmanship_Mastery><Poison_Resistance>25</Poison_Resistance><C_Quick_Slots>2</C_Quick_Slots><Level>1</Level><Hero_Level>1</Hero_Level><Spirit>3</Spirit><Stamina>5</Stamina><Focus>100</Focus><Morale>30</Morale><Armor_Mod>100</Armor_Mod><Carrying_Capacity>25</Carrying_Capacity><Memorization_Cap>4</Memorization_Cap><Memory_Remaining>4</Memory_Remaining><Initiative_Modifier>10</Initiative_Modifier><Initiative_Bonus>5</Initiative_Bonus><Interrupt_Damage>100</Interrupt_Damage><Xp_Gain_Mod>100</Xp_Gain_Mod><Xp_Level_Mod>100</Xp_Level_Mod><Attr_Points_Per_Level>5</Attr_Points_Per_Level><Mastery_Points_Per_Level>5</Mastery_Points_Per_Level><Damage_Mod>100</Damage_Mod><Attack_Mod>100</Attack_Mod><Offhand_Attack_Mod>50</Offhand_Attack_Mod><Offhand_Damage_Mod>75</Offhand_Damage_Mod><Defense_Mod>100</Defense_Mod><Counter_Mod>50</Counter_Mod><Initiative_Percentage>1000000</Initiative_Percentage><Endurance_Percentage>1000000</Endurance_Percentage><Toughness_Percentage>1000000</Toughness_Percentage><Essence_Percentage>1000000</Essence_Percentage><Focus_Percentage>1000000</Focus_Percentage><Stamina_Percentage>1000000</Stamina_Percentage><Morale_Percentage>1000000</Morale_Percentage><N_Of_Actions_Percentage>1000000</N_Of_Actions_Percentage><N_Of_Counters_Percentage>1000000</N_Of_Counters_Percentage><Detection>10</Detection><Gold_Mod>100</Gold_Mod><Cadence_Sta_Mod>-35</Cadence_Sta_Mod><Cadence_Ap_Mod>-25</Cadence_Ap_Mod><Summoned_Xp_Mod>100</Summoned_Xp_Mod><Upkeep_Mod>100</Upkeep_Mod><Main_Hand_Gold_Percentage>70</Main_Hand_Gold_Percentage><Armor_Gold_Percentage>40</Armor_Gold_Percentage><Divination_Max_Sd_Mod>100</Divination_Max_Sd_Mod><Divination_Pool_Mod>100</Divination_Pool_Mod><Acid_Resistance>25</Acid_Resistance><Shadow_Resistance>10</Shadow_Resistance><Death_Resistance>10</Death_Resistance><Savage_Mastery>1</Savage_Mastery><Attr_Points>-1</Attr_Points><Two_Handed_Mastery>1</Two_Handed_Mastery><Dual_Wielding_Mastery>1</Dual_Wielding_Mastery><Detection_Mastery>1</Detection_Mastery><Organization>100</Organization><Battle_Spirit>100</Battle_Spirit><Girth>300</Girth><Gold_Per_Level>100</Gold_Per_Level><Toughness_Recovery>25</Toughness_Recovery><Combat_Readiness>50</Combat_Readiness><Oneness>50</Oneness><Vigor>100</Vigor><Health>100</Health><Motivation>50</Motivation><Travel_Speed>4</Travel_Speed><Explore_Speed>2</Explore_Speed><Consumption>1</Consumption><Marksmanship_Mastery_Score>2</Marksmanship_Mastery_Score><Athletics_Mastery_Score>3</Athletics_Mastery_Score><Mobility_Mastery_Score>2</Mobility_Mastery_Score><Blade_Mastery_Score>2</Blade_Mastery_Score><Blunt_Mastery_Score>2</Blunt_Mastery_Score><Axe_Mastery_Score>3</Axe_Mastery_Score><Polearm_Mastery_Score>2</Polearm_Mastery_Score><Two_Handed_Mastery_Score>1</Two_Handed_Mastery_Score><Dual_Wielding_Mastery_Score>1</Dual_Wielding_Mastery_Score><Detection_Mastery_Score>1</Detection_Mastery_Score><Savage_Mastery_Score>1</Savage_Mastery_Score></params><props><Offhand_Natural_Weapon>Average Fist</Offhand_Natural_Weapon><Soundset>Dwarf</Soundset><Displayed_Name>g</Displayed_Name><Background>Green Orc</Background><Known_Spells></Known_Spells><Race>Goblinoid</Race><Name>g</Name><Type>chars</Type><Image>mini\char\std\orc\green orc.jpg</Image><Principles>Freedom;Tradition;War;</Principles><Natural_Weapon>Average Fist</Natural_Weapon><Version>0.1002b</Version><Spellbook></Spellbook><Group>Backzground</Group><Deity>Wild God;Warmaster;Old Way;World Tree;Lord of Decay;</Deity><Classifications>Humanoid;Hero;Goblinoid</Classifications></props></g><Schwarz><params><Mastery_Points>10</Mastery_Points><Attack>5</Attack><Acid_Resistance>15</Acid_Resistance><Detection>20</Detection><Damage>10</Damage><N_Of_Counters_Percentage>1000000</N_Of_Counters_Percentage><Upkeep_Mod>100</Upkeep_Mod><Base_Damage>3</Base_Damage><Blunt_Mastery>2</Blunt_Mastery><Default_Intelligence>-1</Default_Intelligence><N_Of_Actions>4</N_Of_Actions><Mastery_Points_Per_Level>5</Mastery_Points_Per_Level><Power>22</Power><Strength>7</Strength><Death_Resistance>10</Death_Resistance><Divination_Max_Sd_Mod>100</Divination_Max_Sd_Mod><Default_Strength>2</Default_Strength><Divination_Pool_Mod>100</Divination_Pool_Mod><Base_Vitality>7</Base_Vitality><Blood_Magic_Mastery>1</Blood_Magic_Mastery><Free_Masteries>7</Free_Masteries><Level>2</Level><Defense>5</Defense><Quick_Slots>2</Quick_Slots><Memory_Remaining>4</Memory_Remaining><Wisdom>4</Wisdom><Base_Strength>7</Base_Strength><Willpower>6</Willpower><Starting_Focus>25</Starting_Focus><Armor_Gold_Percentage>40</Armor_Gold_Percentage><Xp>125</Xp><Divination_Mastery>1</Divination_Mastery><Vitality>7</Vitality><Defense_Mod>100</Defense_Mod><Stamina>10</Stamina><Cadence_Sta_Mod>-35</Cadence_Sta_Mod><Offhand_Damage_Mod>75</Offhand_Damage_Mod><Chaos_Resistance>15</Chaos_Resistance><Main_Hand_Gold_Percentage>70</Main_Hand_Gold_Percentage><Focus_Percentage>100</Focus_Percentage><Charisma>4</Charisma><Base_Wisdom>4</Base_Wisdom><C_Quick_Slots>4</C_Quick_Slots><Spirit>4</Spirit><Psionic_Resistance>10</Psionic_Resistance><Morale>30</Morale><N_Of_Counters>1</N_Of_Counters><Attr_Points_Per_Level>5</Attr_Points_Per_Level><Initiative_Modifier>10</Initiative_Modifier><Side_Sight_Penalty>1</Side_Sight_Penalty><Summoned_Xp_Mod>100</Summoned_Xp_Mod><Interrupt_Damage>100</Interrupt_Damage><Spellcraft_Mastery>1</Spellcraft_Mastery><Endurance>30</Endurance><Default_Charisma>-1</Default_Charisma><Initiative_Bonus>5</Initiative_Bonus><Weight>175</Weight><Damage_Mod>100</Damage_Mod><Initiative_Percentage>100</Initiative_Percentage><Focus>100</Focus><Blade_Mastery>2</Blade_Mastery><Affliction_Mastery>1</Affliction_Mastery><Cadence_Ap_Mod>-25</Cadence_Ap_Mod><Carrying_Capacity>65</Carrying_Capacity><Xp_Gain_Mod>100</Xp_Gain_Mod><Gold_Mod>100</Gold_Mod><Armor_Mod>100</Armor_Mod><Default_Vitality>2</Default_Vitality><Attack_Mod>100</Attack_Mod><Base_Willpower>6</Base_Willpower><Witchery_Mastery>1</Witchery_Mastery><Polearm_Mastery>2</Polearm_Mastery><Total_Xp>225</Total_Xp><Base_Agility>5</Base_Agility><Morale_Percentage>1000000</Morale_Percentage><Toughness>15</Toughness><Agility>5</Agility><Axe_Mastery>2</Axe_Mastery><Spellpower>5</Spellpower><Stamina_Percentage>100</Stamina_Percentage><N_Of_Actions_Percentage>1000000</N_Of_Actions_Percentage><Base_Spellpower>5</Base_Spellpower><Attr_Points>9</Attr_Points><Base_Knowledge>3</Base_Knowledge><Default_Dexterity>-1</Default_Dexterity><Offhand_Attack_Mod>50</Offhand_Attack_Mod><Gold>150</Gold><Base_Intelligence>4</Base_Intelligence><Fire_Resistance>5</Fire_Resistance><Sight_Range>3</Sight_Range><Toughness_Percentage>100</Toughness_Percentage><Xp_Level_Mod>100</Xp_Level_Mod><Essence>25</Essence><Counter_Mod>50</Counter_Mod><Intelligence>4</Intelligence><Memorization_Cap>5</Memorization_Cap><Base_Dexterity>4</Base_Dexterity><Shadow_Resistance>30</Shadow_Resistance><Default_Willpower>1</Default_Willpower><Default_Wisdom>-1</Default_Wisdom><Poison_Resistance>25</Poison_Resistance><Default_Knowledge>-2</Default_Knowledge><Endurance_Percentage>100</Endurance_Percentage><Dexterity>4</Dexterity><Essence_Percentage>100</Essence_Percentage><Resistance>15</Resistance><Knowledge>3</Knowledge><Base_Charisma>4</Base_Charisma></params><props><Inventory></Inventory><Offhand_Natural_Weapon>Sizable Maw</Offhand_Natural_Weapon><Description></Description><Displayed_Name>Schwarz</Displayed_Name><Lore></Lore><Race>Goblinoid</Race><Main_Hand_Item></Main_Hand_Item><Standard_Passives></Standard_Passives><Version>0.1002b</Version><Armor_Item></Armor_Item><Jewelry></Jewelry><Deity>Death Gorger</Deity><Classifications>Humanoid;Hero</Classifications><Rank>New Hero</Rank><Quick_Items></Quick_Items><Emblem>UI\emblems\std\death\2venom.jpg</Emblem><Soundset>chars\male\blackguard\</Soundset><Background>Black Orc</Background><Known_Spells></Known_Spells><Name>Schwarz</Name><Type>chars</Type><Image>\mini\char\std\orc\orc\orc thug.jpg</Image><Aspect></Aspect><Principles>War;Ambition;</Principles><Natural_Weapon>Sizable Fist</Natural_Weapon><Spellbook></Spellbook><Off_Hand_Item></Off_Hand_Item><Group>Preset</Group><Gender>MALE</Gender><Base_Type>Black Orc</Base_Type></props></Schwarz><Lurtz><params><Base_Damage>3</Base_Damage><Vitality>13</Vitality><Fire_Resistance>15</Fire_Resistance><Intelligence>3</Intelligence><Default_Dexterity>1</Default_Dexterity><Initiative_Percentage>100</Initiative_Percentage><Armor_Gold_Percentage>40</Armor_Gold_Percentage><N_Of_Actions_Percentage>1000000</N_Of_Actions_Percentage><N_Of_Counters_Percentage>1000000</N_Of_Counters_Percentage><Marksmanship_Mastery>2</Marksmanship_Mastery><Morale>30</Morale><Base_Knowledge>2</Base_Knowledge><Spellpower>3</Spellpower><Carrying_Capacity>65</Carrying_Capacity><Sight_Range>3</Sight_Range><Stamina_Percentage>100</Stamina_Percentage><Default_Intelligence>-2</Default_Intelligence><Agility>9</Agility><Toughness_Percentage>100</Toughness_Percentage><Wisdom>3</Wisdom><Poison_Resistance>25</Poison_Resistance><Default_Vitality>4</Default_Vitality><Dexterity>7</Dexterity><Damage_Mod>100</Damage_Mod><Xp_Level_Mod>100</Xp_Level_Mod><Detection>20</Detection><Memorization_Cap>5</Memorization_Cap><Mobility_Mastery>2</Mobility_Mastery><Default_Agility>2</Default_Agility><Savage_Mastery>1</Savage_Mastery><Morale_Percentage>1000000</Morale_Percentage><Damage>10</Damage><Interrupt_Damage>100</Interrupt_Damage><Cadence_Sta_Mod>-35</Cadence_Sta_Mod><Chaos_Resistance>15</Chaos_Resistance><Xp_Gain_Mod>100</Xp_Gain_Mod><Focus>100</Focus><Charisma>2</Charisma><Endurance>30</Endurance><Default_Charisma>-3</Default_Charisma><Base_Agility>9</Base_Agility><Athletics_Mastery>4</Athletics_Mastery><Death_Resistance>10</Death_Resistance><Attack>5</Attack><Base_Willpower>6</Base_Willpower><Default_Strength>3</Default_Strength><Essence>25</Essence><Level>2</Level><Shadow_Resistance>10</Shadow_Resistance><Base_Vitality>13</Base_Vitality><Attr_Points_Per_Level>5</Attr_Points_Per_Level><C_Quick_Slots>4</C_Quick_Slots><Upkeep_Mod>100</Upkeep_Mod><Base_Spellpower>3</Base_Spellpower><Endurance_Percentage>100</Endurance_Percentage><Total_Xp>225</Total_Xp><Offhand_Damage_Mod>75</Offhand_Damage_Mod><Blunt_Mastery>2</Blunt_Mastery><Weight>175</Weight><Spirit>4</Spirit><N_Of_Actions>4</N_Of_Actions><Gold_Mod>100</Gold_Mod><Cadence_Ap_Mod>-25</Cadence_Ap_Mod><Divination_Max_Sd_Mod>100</Divination_Max_Sd_Mod><Memory_Remaining>4</Memory_Remaining><Polearm_Mastery>2</Polearm_Mastery><Initiative_Modifier>10</Initiative_Modifier><Base_Strength>9</Base_Strength><Mastery_Points_Per_Level>5</Mastery_Points_Per_Level><Acid_Resistance>25</Acid_Resistance><Initiative_Bonus>5</Initiative_Bonus><Toughness>15</Toughness><Divination_Pool_Mod>100</Divination_Pool_Mod><Defense>5</Defense><Counter_Mod>50</Counter_Mod><Xp>42</Xp><Offhand_Attack_Mod>50</Offhand_Attack_Mod><Essence_Percentage>100</Essence_Percentage><Armor_Mod>100</Armor_Mod><Dual_Wielding_Mastery>1</Dual_Wielding_Mastery><N_Of_Counters>1</N_Of_Counters><Knowledge>2</Knowledge><Axe_Mastery>8</Axe_Mastery><Base_Intelligence>3</Base_Intelligence><Willpower>6</Willpower><Default_Wisdom>-2</Default_Wisdom><Base_Dexterity>7</Base_Dexterity><Stamina>10</Stamina><Two_Handed_Mastery>5</Two_Handed_Mastery><Attack_Mod>100</Attack_Mod><Base_Charisma>2</Base_Charisma><Defense_Mod>100</Defense_Mod><Blade_Mastery>2</Blade_Mastery><Starting_Focus>25</Starting_Focus><Quick_Slots>2</Quick_Slots><Default_Knowledge>-3</Default_Knowledge><Free_Masteries>7</Free_Masteries><Strength>9</Strength><Power>22</Power><Base_Wisdom>3</Base_Wisdom><Resistance>15</Resistance><Side_Sight_Penalty>1</Side_Sight_Penalty><Default_Spellpower>-2</Default_Spellpower><Focus_Percentage>100</Focus_Percentage><Main_Hand_Gold_Percentage>70</Main_Hand_Gold_Percentage><Detection_Mastery>1</Detection_Mastery><Summoned_Xp_Mod>100</Summoned_Xp_Mod></params><props><Inventory></Inventory><Offhand_Natural_Weapon>Average Fist</Offhand_Natural_Weapon><Description></Description><Displayed_Name>Lurtz</Displayed_Name><Lore></Lore><Race>Goblinoid</Race><Main_Hand_Item>Inferior Copper Great Axe</Main_Hand_Item><Standard_Passives></Standard_Passives><Version>0.1002b</Version><Armor_Item></Armor_Item><Jewelry></Jewelry><Deity>Wild God</Deity><Classifications>Humanoid;Hero</Classifications><Rank>New Hero</Rank><Skills>Greater Strength;</Skills><Quick_Items></Quick_Items><Emblem>UI\emblems\std\neutral\xp2_textures_bif-0000000071.jpg</Emblem><Soundset>chars\male\quiet\</Soundset><Background>Green Orc</Background><Known_Spells></Known_Spells><Name>Lurtz</Name><Type>chars</Type><Image>\mini\char\std\orc\green\wild orc.jpg</Image><Aspect></Aspect><Principles>War;Freedom;</Principles><Natural_Weapon>Average Fist</Natural_Weapon><Spellbook></Spellbook><Off_Hand_Item></Off_Hand_Item><Group>Preset</Group><Gender>MALE</Gender><Base_Type>Green Orc</Base_Type></props></Lurtz><Felgrod><params><Attack_Mod>100</Attack_Mod><Willpower>6</Willpower><Knowledge>7</Knowledge><Divination_Max_Sd_Mod>100</Divination_Max_Sd_Mod><Default_Willpower>1.0</Default_Willpower><Memorization_Cap>5</Memorization_Cap><Default_Wisdom>-1.0</Default_Wisdom><Strength>8</Strength><Counter_Mod>50</Counter_Mod><Cadence_Sta_Mod>-35</Cadence_Sta_Mod><Initiative_Modifier>10</Initiative_Modifier><Base_Charisma>4.0</Base_Charisma><Summoned_Xp_Mod>100</Summoned_Xp_Mod><Toughness>15</Toughness><Power>22</Power><Essence>25</Essence><Offhand_Attack_Mod>50</Offhand_Attack_Mod><Level>2</Level><Charisma>4</Charisma><Default_Strength>3.0</Default_Strength><Base_Wisdom>5.0</Base_Wisdom><Spellcraft_Mastery>1.0</Spellcraft_Mastery><Base_Dexterity>6.0</Base_Dexterity><Default_Vitality>2.0</Default_Vitality><Morale_Percentage>1000000</Morale_Percentage><Spirit>4</Spirit><Blunt_Mastery>2.0</Blunt_Mastery><Polearm_Mastery>2.0</Polearm_Mastery><Gold_Mod>100</Gold_Mod><Shadow_Resistance>30.0</Shadow_Resistance><Base_Intelligence>4.0</Base_Intelligence><Base_Knowledge>7.0</Base_Knowledge><Base_Agility>5</Base_Agility><Gold>21</Gold><Default_Intelligence>-1.0</Default_Intelligence><Weight>175.0</Weight><Essence_Percentage>100</Essence_Percentage><Stamina_Percentage>100</Stamina_Percentage><Chaos_Resistance>15.0</Chaos_Resistance><Total_Xp>225</Total_Xp><Focus>100</Focus><Affliction_Mastery>1.0</Affliction_Mastery><Wisdom>5</Wisdom><Default_Knowledge>-2.0</Default_Knowledge><Default_Dexterity>-1.0</Default_Dexterity><Xp_Level_Mod>100</Xp_Level_Mod><Base_Willpower>6.0</Base_Willpower><Intelligence>4</Intelligence><Quick_Slots>2</Quick_Slots><Armor_Gold_Percentage>40</Armor_Gold_Percentage><Poison_Resistance>25.0</Poison_Resistance><Divination_Pool_Mod>100</Divination_Pool_Mod><Default_Charisma>-1.0</Default_Charisma><N_Of_Actions_Percentage>1000000</N_Of_Actions_Percentage><Death_Resistance>10.0</Death_Resistance><Agility>5</Agility><Side_Sight_Penalty>1.0</Side_Sight_Penalty><Attr_Points_Per_Level>5.0</Attr_Points_Per_Level><Fire_Resistance>5.0</Fire_Resistance><Free_Masteries>9.0</Free_Masteries><Initiative_Bonus>5</Initiative_Bonus><Interrupt_Damage>100</Interrupt_Damage><C_Quick_Slots>4</C_Quick_Slots><Armorer_Mastery>1.0</Armorer_Mastery><Offhand_Damage_Mod>75</Offhand_Damage_Mod><Damage>10</Damage><N_Of_Counters_Percentage>1000000</N_Of_Counters_Percentage><Attack>5</Attack><Base_Vitality>8.0</Base_Vitality><Base_Spellpower>5</Base_Spellpower><Acid_Resistance>15.0</Acid_Resistance><Axe_Mastery>7.0</Axe_Mastery><Mastery_Points_Per_Level>5.0</Mastery_Points_Per_Level><Xp_Gain_Mod>100</Xp_Gain_Mod><Stamina>10</Stamina><Sight_Range>3</Sight_Range><N_Of_Actions>4</N_Of_Actions><Morale>30</Morale><Armor_Mod>100</Armor_Mod><Damage_Mod>100</Damage_Mod><Endurance_Percentage>100</Endurance_Percentage><Blade_Mastery>2.0</Blade_Mastery><Upkeep_Mod>100</Upkeep_Mod><Cadence_Ap_Mod>-25</Cadence_Ap_Mod><Vitality>8</Vitality><Defense_Mod>100</Defense_Mod><Defense>5</Defense><Blood_Magic_Mastery>8.0</Blood_Magic_Mastery><Toughness_Percentage>100</Toughness_Percentage><Resistance>15</Resistance><Starting_Focus>25</Starting_Focus><Endurance>30</Endurance><Witchery_Mastery>1.0</Witchery_Mastery><Carrying_Capacity>65.0</Carrying_Capacity><Dexterity>6</Dexterity><N_Of_Counters>1</N_Of_Counters><Xp>17</Xp><Base_Strength>8.0</Base_Strength><Detection>20.0</Detection><Spellpower>5</Spellpower><Focus_Percentage>100</Focus_Percentage><Initiative_Percentage>100</Initiative_Percentage><Divination_Mastery>1.0</Divination_Mastery><Memory_Remaining>4</Memory_Remaining><Psionic_Resistance>10.0</Psionic_Resistance><Base_Damage>3</Base_Damage><Main_Hand_Gold_Percentage>70</Main_Hand_Gold_Percentage></params><props><Inventory></Inventory><Offhand_Natural_Weapon>Sizable Maw</Offhand_Natural_Weapon><Description></Description><Displayed_Name>Felgrod</Displayed_Name><Lore></Lore><Race>Goblinoid</Race><Main_Hand_Item>Brass War Axe</Main_Hand_Item><Standard_Passives>Dispassionate;</Standard_Passives><Memorized_Spells>Blood Lust;Pain;</Memorized_Spells><Version>0.1002b</Version><Deity>Death Gorger</Deity><Classifications>Humanoid;Hero</Classifications><Rank>New Hero</Rank><Skills>Axe Specialization;Flesh Mastery;</Skills><Emblem>UI\emblems\std\death\0Lord of Decay.jpg</Emblem><Soundset>chars\male\blackguard\</Soundset><Background>Black Orc</Background><Known_Spells>Blood Lust;Pain;</Known_Spells><Name>Felgrod</Name><Type>chars</Type><Image>\mini\char\std\orc\orc\orc thug.jpg</Image><Aspect></Aspect><Principles>Ambition;War;</Principles><Natural_Weapon>Sizable Fist</Natural_Weapon><Spellbook></Spellbook><Group>Preset</Group><Gender>MALE</Gender><Base_Type>Black Orc</Base_Type></props></Felgrod><Gulmog><params><Attack_Mod>100</Attack_Mod><Willpower>6</Willpower><Knowledge>2</Knowledge><Default_Agility>1.0</Default_Agility><Divination_Max_Sd_Mod>100</Divination_Max_Sd_Mod><Memorization_Cap>5</Memorization_Cap><Default_Wisdom>-2.0</Default_Wisdom><Strength>12</Strength><Counter_Mod>50</Counter_Mod><Cadence_Sta_Mod>-35</Cadence_Sta_Mod><Initiative_Modifier>10</Initiative_Modifier><Base_Charisma>3.0</Base_Charisma><Summoned_Xp_Mod>100</Summoned_Xp_Mod><Two_Handed_Mastery>1.0</Two_Handed_Mastery><Toughness>15</Toughness><Power>22</Power><Essence>25</Essence><Offhand_Attack_Mod>50</Offhand_Attack_Mod><Level>2</Level><Charisma>3</Charisma><Default_Strength>3.0</Default_Strength><Athletics_Mastery>5.0</Athletics_Mastery><Base_Wisdom>4.0</Base_Wisdom><Spellcraft_Mastery>1.0</Spellcraft_Mastery><Base_Dexterity>6.0</Base_Dexterity><Default_Vitality>3.0</Default_Vitality><Morale_Percentage>1000000</Morale_Percentage><Spirit>4</Spirit><Gold_Mod>100</Gold_Mod><Shadow_Resistance>10.0</Shadow_Resistance><Base_Intelligence>4.0</Base_Intelligence><Base_Knowledge>2.0</Base_Knowledge><Base_Agility>6.0</Base_Agility><Gold>21</Gold><Default_Intelligence>-1.0</Default_Intelligence><Weight>175.0</Weight><Essence_Percentage>100</Essence_Percentage><Stamina_Percentage>100</Stamina_Percentage><Chaos_Resistance>35.0</Chaos_Resistance><Total_Xp>225</Total_Xp><Focus>100</Focus><Wisdom>4</Wisdom><Dual_Wielding_Mastery>1.0</Dual_Wielding_Mastery><Default_Knowledge>-3.0</Default_Knowledge><Default_Dexterity>1.0</Default_Dexterity><Xp_Level_Mod>100</Xp_Level_Mod><Base_Willpower>6.0</Base_Willpower><Intelligence>4</Intelligence><Quick_Slots>2</Quick_Slots><Armor_Gold_Percentage>40</Armor_Gold_Percentage><Poison_Resistance>25.0</Poison_Resistance><Divination_Pool_Mod>100</Divination_Pool_Mod><Default_Charisma>-2.0</Default_Charisma><N_Of_Actions_Percentage>1000000</N_Of_Actions_Percentage><Death_Resistance>10.0</Death_Resistance><Agility>6</Agility><Side_Sight_Penalty>1.0</Side_Sight_Penalty><Attr_Points_Per_Level>5.0</Attr_Points_Per_Level><Fire_Resistance>35.0</Fire_Resistance><Free_Masteries>7.0</Free_Masteries><Initiative_Bonus>5</Initiative_Bonus><Interrupt_Damage>100</Interrupt_Damage><C_Quick_Slots>4</C_Quick_Slots><Offhand_Damage_Mod>75</Offhand_Damage_Mod><Damage>10</Damage><N_Of_Counters_Percentage>1000000</N_Of_Counters_Percentage><Attack>5</Attack><Base_Vitality>12.0</Base_Vitality><Base_Spellpower>5</Base_Spellpower><Axe_Mastery>5.0</Axe_Mastery><Mastery_Points_Per_Level>5.0</Mastery_Points_Per_Level><Xp_Gain_Mod>100</Xp_Gain_Mod><Stamina>10</Stamina><Sight_Range>3</Sight_Range><Destruction_Mastery>8.0</Destruction_Mastery><N_Of_Actions>4</N_Of_Actions><Morale>30</Morale><Armor_Mod>100</Armor_Mod><Damage_Mod>100</Damage_Mod><Endurance_Percentage>100</Endurance_Percentage><Blade_Mastery>2.0</Blade_Mastery><Upkeep_Mod>100</Upkeep_Mod><Cadence_Ap_Mod>-25</Cadence_Ap_Mod><Vitality>12</Vitality><Defense_Mod>100</Defense_Mod><Defense>5</Defense><Toughness_Percentage>100</Toughness_Percentage><Resistance>15</Resistance><Starting_Focus>25</Starting_Focus><Endurance>30</Endurance><Carrying_Capacity>65.0</Carrying_Capacity><Dexterity>6</Dexterity><N_Of_Counters>1</N_Of_Counters><Xp>32</Xp><Base_Strength>12.0</Base_Strength><Detection>20.0</Detection><Spellpower>5</Spellpower><Focus_Percentage>100</Focus_Percentage><Initiative_Percentage>100</Initiative_Percentage><Demonology_Mastery>1.0</Demonology_Mastery><Divination_Mastery>1.0</Divination_Mastery><Memory_Remaining>4</Memory_Remaining><Base_Damage>3</Base_Damage><Main_Hand_Gold_Percentage>70</Main_Hand_Gold_Percentage></params><props><Inventory></Inventory><Offhand_Natural_Weapon>Sizable Maw</Offhand_Natural_Weapon><Description></Description><Displayed_Name>Gulmog</Displayed_Name><Lore></Lore><Race>Goblinoid</Race><Main_Hand_Item>Inferior Brass War Axe</Main_Hand_Item><Standard_Passives>Bloodthirsty;</Standard_Passives><Memorized_Spells>Chaos Shockwave;Chaos Bolt;</Memorized_Spells><Version>0.1002b</Version><Deity>Annihilator</Deity><Classifications>Humanoid;Hero</Classifications><Rank>New Hero</Rank><Learned_Spells>Chaos Bolt;Chaos Shockwave;</Learned_Spells><Emblem>UI\emblems\std\chaos\2chaos.jpg</Emblem><Soundset>chars\male\dwarf\</Soundset><Background>Red Orc</Background><Known_Spells>Chaos Shockwave;Chaos Bolt;</Known_Spells><Name>Gulmog</Name><Type>chars</Type><Image>\mini\char\std\orc\red\orc_bartender_by_izzual-d66pqed.jpg</Image><Aspect></Aspect><Principles>Ambition;War;</Principles><Natural_Weapon>Sizable Fist</Natural_Weapon><Spellbook></Spellbook><Group>Preset</Group><Gender>MALE</Gender><Base_Type>Red Orc</Base_Type></props></Gulmog></Goblinoid></XML>