<XML><Misty_Shores><Smuggler_Grotto><params><Glory_Reward>25</Glory_Reward><Xp_Reward>150</Xp_Reward><Gold_Reward>100</Gold_Reward><Power_Level>1</Power_Level></params><props><Arcade_Route>Eerie Coast;Rocky Climb;</Arcade_Route><Encounters>Undead Minions;Wraiths;Death Lord;</Encounters><Alt_Encounters>Dungeon Critters;Wolf Pack;Sewer Horrors;Night Terrors;</Alt_Encounters><Dungeon_Type>Average</Dungeon_Type><Arcade_Region>Misty Shores</Arcade_Region><Map_Background>big\new dungeons\subterranean city.jpg</Map_Background><Name>Smuggler Grotto</Name><Type>dungeons</Type><Image>mini\dungeon\human\Smuggler Grottos.jpg</Image><Version>0.05</Version><Group>Arcade</Group><Dungeon_Group>Human</Dungeon_Group><Dungeon_Level>One</Dungeon_Level></props></Smuggler_Grotto><Lichyard><params><Glory_Reward>25</Glory_Reward><Xp_Reward>150</Xp_Reward><Gold_Reward>100</Gold_Reward></params><props><Image>mini\dungeon\undead\Cemetary.jpg</Image><Dungeon_Type>Average</Dungeon_Type><Arcade_Region>Misty Shores</Arcade_Region><Group>Arcade</Group><Dungeon_Group>Undead</Dungeon_Group><Map_Background>big\dungeons\mansion.jpg</Map_Background><Dungeon_Level>Two</Dungeon_Level><Name>Lichyard</Name><Type>dungeons</Type></props></Lichyard><Dark_Castle><params><Glory_Reward>25</Glory_Reward><Xp_Reward>150</Xp_Reward><Gold_Reward>100</Gold_Reward></params><props><Image>mini\dungeon\human\castle.jpg</Image><Dungeon_Type>Average</Dungeon_Type><Version>0.05</Version><Arcade_Region>Misty Shores</Arcade_Region><Group>Arcade</Group><Dungeon_Group>Undead</Dungeon_Group><Map_Background>big\new dungeons\Night Castle.jpg</Map_Background><Dungeon_Level>Four</Dungeon_Level><Name>Dark Castle</Name><Type>dungeons</Type></props></Dark_Castle><Arcane_Sanctum><params><Glory_Reward>25</Glory_Reward><Xp_Reward>150</Xp_Reward><Gold_Reward>100</Gold_Reward></params><props><Image>mini\dungeon\arcane\arcane sanctum.jpg</Image><Dungeon_Type>Average</Dungeon_Type><Version>0.05</Version><Arcade_Region>Misty Shores</Arcade_Region><Group>Arcade</Group><Dungeon_Group>Undead</Dungeon_Group><Map_Background>big\dungeons\labyrinth.jpg</Map_Background><Dungeon_Level>Four</Dungeon_Level><Name>Arcane Sanctum</Name><Type>dungeons</Type></props></Arcane_Sanctum><Crimson_Castle><params><Glory_Reward>25</Glory_Reward><Xp_Reward>150</Xp_Reward><Gold_Reward>100</Gold_Reward></params><props><Image>mini\dungeon\human\castle.jpg</Image><Dungeon_Type>Average</Dungeon_Type><Version>0.05</Version><Arcade_Region>Misty Shores</Arcade_Region><Group>Arcade</Group><Dungeon_Group>Undead</Dungeon_Group><Map_Background>big\new dungeons\Night Castle.jpg</Map_Background><Dungeon_Level>Four</Dungeon_Level><Name>Crimson Castle</Name><Type>dungeons</Type></props></Crimson_Castle><Baron_s_Castle><params><Glory_Reward>25</Glory_Reward><Xp_Reward>150</Xp_Reward><Gold_Reward>100</Gold_Reward></params><props><Image>mini\dungeon\human\castle.jpg</Image><Dungeon_Type>Average</Dungeon_Type><Version>0.05</Version><Arcade_Region>Misty Shores</Arcade_Region><Group>Arcade</Group><Dungeon_Group>Undead</Dungeon_Group><Map_Background>big\new dungeons\Night Castle.jpg</Map_Background><Dungeon_Level>Four</Dungeon_Level><Name>Baron's Castle</Name><Type>dungeons</Type></props></Baron_s_Castle><Warlock_Castle><params><Glory_Reward>25</Glory_Reward><Xp_Reward>150</Xp_Reward><Gold_Reward>100</Gold_Reward></params><props><Image>mini\dungeon\human\castle.jpg</Image><Dungeon_Type>Average</Dungeon_Type><Arcade_Region>Misty Shores</Arcade_Region><Group>Arcade</Group><Dungeon_Group>Undead</Dungeon_Group><Map_Background>big\dungeons\labyrinth.jpg</Map_Background><Dungeon_Level>Four</Dungeon_Level><Name>Warlock Castle</Name><Type>dungeons</Type></props></Warlock_Castle></Misty_Shores><Dusk_Dale><Arcane_Tower><params><Glory_Reward>25</Glory_Reward><Xp_Reward>150</Xp_Reward><Gold_Reward>100</Gold_Reward><Power_Level>3</Power_Level></params><props><Encounters>Dark Apostates;Mutant Band;Eldritch Order;Sewer Horrors;Unchained Wyvern;</Encounters><Dungeon_Map_Template></Dungeon_Map_Template><Color_Theme>purple</Color_Theme><Alt_Encounters>Derelict Machinery;Apostates;Arcane Guardians;Elementals;Lich;</Alt_Encounters><Dungeon_Type>Average</Dungeon_Type><Map_Preset_Objects>Arcane Crystal(4-5);Altar(1-4);Altar(1-1);Altar(7-1);Altar(7-4); Marble Column(4-0);</Map_Preset_Objects><Arcade_Region>Dusk Dale</Arcade_Region><Dev_Notes>Arcane Brotherhood;Conjurer; Marble Column(3-0);Marble Column(3-4);Marble Column(5-0);</Dev_Notes><Description>Standing aloof at the feet of the Pale Mountains, this tower is rumored to have appear out of nothing overnight and now house a powerful sorceror or sorceress... There is an aura of unnatural cold and stillness, eerie even by Dusk Dale standards. </Description><Displayed_Name>Arcane Tower</Displayed_Name><Lore>A perfectly likely place to start on the search, this tower is almost certain to have some clues about the Artifacts' present or past. </Lore><Dungeon_Map_Modifier></Dungeon_Map_Modifier><Map_Background>big\dungeons\dark castle1.jpg</Map_Background><Name>Arcane Tower</Name><Type>dungeons</Type><Image>mini\dungeon\arcane\arcane tower2.jpg</Image><Version>0.1002b</Version><Workspace_Group>Focus</Workspace_Group><Sublevels>Crystal Cave(Dark Tunnel=corner,middle);</Sublevels><Group>Arcade</Group><Dungeon_Group>Arcane</Dungeon_Group><Dungeon_Level>Two</Dungeon_Level></props></Arcane_Tower><Demon_Shrine><params><Glory_Reward>25</Glory_Reward><Xp_Reward>150</Xp_Reward><Gold_Reward>100</Gold_Reward><Turns_In_Game>0</Turns_In_Game><Loot_Value>0</Loot_Value><Power_Level>0</Power_Level></params><props><Encounters>Lesser Demons;Demon Worshippers;Demon Callers;Abyssal Fiend;Warp Champion;</Encounters><Dungeon_Map_Template>Swamp</Dungeon_Map_Template><Color_Theme>red</Color_Theme><Alt_Encounters>Chaos Apostates;Possessed;Chaos Cultists;Anti-Paladin;Demon Lord</Alt_Encounters><Dungeon_Type>Average</Dungeon_Type><Map_Preset_Objects>Altar(4-5);Altar(4-0);</Map_Preset_Objects><Arcade_Region>Dusk Dale</Arcade_Region><Description>A long accursed place, this once splendid Eledari temple of elements has seen a gruesome transformation by fire, blood and sorcery. </Description><Lore>Whatever particular sect holds its gatherings in this grim shrine, they are likely to have information about the Artifacts of Mastery. It's doubtful that they will offer it freely though. </Lore><Dungeon_Map_Modifier></Dungeon_Map_Modifier><Map_Background>big\dungeons\swamp.jpg</Map_Background><Name>Demon Shrine</Name><Type>dungeons</Type><Image>mini\dungeon\misc\forge.jpg</Image><Version>0.1002b</Version><Workspace_Group>Focus</Workspace_Group><Group>Arcade</Group><Map_Objects>Ruined Structure(1);Ruined Gateway(1);Ruined Column(1)</Map_Objects><Dungeon_Group>Undead</Dungeon_Group><Dungeon_Level>Three</Dungeon_Level></props></Demon_Shrine><Cemetary><params><Glory_Reward>25</Glory_Reward><Xp_Reward>150</Xp_Reward><Gold_Reward>100</Gold_Reward><Power_Level>1</Power_Level></params><props><Encounters>Death Worshippers;Undead Minions;Death Adepts;Wraiths;Corpseborn;Death Lord;Lich;Vampire;</Encounters><Dungeon_Map_Template>Dead Forest</Dungeon_Map_Template><Color_Theme>blue</Color_Theme><Alt_Encounters>Cannibals;Grave Looters;Death Adepts;Lich;</Alt_Encounters><Dungeon_Type>Average</Dungeon_Type><Map_Preset_Objects>Gravestone(2-1);Gravestone(6-3);Gravestone(2-3);Gravestone(6-1);</Map_Preset_Objects><Arcade_Region>Dusk Dale</Arcade_Region><Description>Strangely, the white marble crypt in the middle of the cemetary seems to have resisted any harm from marauders and grave looters whose work is all too apparent in the multitude of desecrated graves strewn across the cemetary. Unless the graves dug up themselves, of course...</Description><Lore>The ancient elven crypt at the center of this dilapidated human cemetary is a promising place to find out more about the history of the Artifacts. Who knows what secrets are kept by the elves long dead? </Lore><Map_Background>big\dungeons\cemetary.jpg</Map_Background><Name>Cemetary</Name><Type>dungeons</Type><Image>mini\dungeon\undead\graveyard2.jpg</Image><Version>0.1001</Version><Workspace_Group>Focus</Workspace_Group><Group>Arcade</Group><Dungeon_Group>Undead</Dungeon_Group><Dungeon_Level>One</Dungeon_Level></props></Cemetary><Bandit_Den><params><Glory_Reward>25</Glory_Reward><Xp_Reward>150</Xp_Reward><Gold_Reward>100</Gold_Reward><Power_Level>1</Power_Level></params><props><Encounters>Robber Band</Encounters><Image>mini\dungeon\human\Pirate Den.jpg</Image><Dungeon_Type>Average</Dungeon_Type><Arcade_Region>Dusk Dale</Arcade_Region><Group>Playable</Group><Dungeon_Group>Human</Dungeon_Group><Map_Background>big\dungeons\Pirate Bay.jpg</Map_Background><Dungeon_Level>One</Dungeon_Level><Name>Bandit Den</Name><Type>dungeons</Type></props></Bandit_Den><Dungeon><params><Glory_Reward>25</Glory_Reward><Xp_Reward>150</Xp_Reward><Gold_Reward>100</Gold_Reward><Turns_In_Game>0</Turns_In_Game><Loot_Value>0</Loot_Value><Power_Level>0</Power_Level><Spawning_Delay_Mod>100</Spawning_Delay_Mod></params><props><Encounters>Dungeon Critters;Dungeon Monsters;Dungeon Terrors;Sewer Horrors;Unchained Wyvern;Ancient Beast;</Encounters><Dungeon_Map_Template>Dungeon</Dungeon_Map_Template><Color_Theme>blue</Color_Theme><Alt_Encounters>Shades; Death Worshippers;Dark Apostates;Hungry Dead;Bone Dragon;Dungeon Terrors;Blood Thralls;</Alt_Encounters><Dungeon_Type>Underground</Dungeon_Type><Arcade_Region>Dusk Dale</Arcade_Region><Displayed_Name>Dungeon</Displayed_Name><Description>As little as you may like it, this is the place incicated by [faction]. There is no knowing what may lurk in these shadowy halls...</Description><Known_Spells></Known_Spells><Dungeon_Map_Modifier>Ruins</Dungeon_Map_Modifier><Map_Background>big\dungeons\cave2.jpg</Map_Background><Name>Dungeon</Name><Type>dungeons</Type><Image>mini\dungeon\underground\dungeon.jpg</Image><Version>0.05</Version><Power_Encounters>Dragnir Patrol;</Power_Encounters><Spellbook></Spellbook><Workspace_Group>Focus</Workspace_Group><Group>Arcade</Group><Dungeon_Group>Undead</Dungeon_Group><Dungeon_Level>Two</Dungeon_Level></props></Dungeon><Crystal_Cave><params><Glory_Reward>25</Glory_Reward><Xp_Reward>150</Xp_Reward><Gold_Reward>100</Gold_Reward><Power_Level>1</Power_Level></params><props><Encounters>Colony Brood;Colony Warriors;Colony Queen;</Encounters><Dungeon_Map_Template>Dungeon</Dungeon_Map_Template><Color_Theme>yellow</Color_Theme><Alt_Encounters>Spider Brood;Spider Lords;Chosen of Arachnia;</Alt_Encounters><Dungeon_Type>Underground</Dungeon_Type><Arcade_Region>Dusk Dale</Arcade_Region><Displayed_Name>Crystal Cave</Displayed_Name><Description>Infested by some manner of insectoids, if rumors are to be believed, this cave radiates strange energy and emanates light that is probably not coming from any purely natural source... </Description><Lore>Although it is highly unlikely that there are clues about the Artifacts in a place like this, acquiring shards of a pure Aspect Crystal may be very useful - either as a prize to sell for information, or a source of magical power to aid the quest. </Lore><Dungeon_Map_Modifier> Cavern</Dungeon_Map_Modifier><Map_Background>big\dungeons\cave2.jpg</Map_Background><Name>Crystal Cave</Name><Type>dungeons</Type><Image>mini\dungeon\underground\crystal cave2.jpg</Image><Version>0.05</Version><Workspace_Group>Focus</Workspace_Group><Group>Arcade</Group><Dungeon_Group>Undead</Dungeon_Group><Dungeon_Level>Two</Dungeon_Level></props></Crystal_Cave><Twilight_Monastery><params><Glory_Reward>25</Glory_Reward><Xp_Reward>150</Xp_Reward><Gold_Reward>100</Gold_Reward></params><props><Image>mini\dungeon\misc\Twilight Monastery.jpg</Image><Dungeon_Type>Average</Dungeon_Type><Version>0.05</Version><Arcade_Region>Dusk Dale</Arcade_Region><Workspace_Group>Implement</Workspace_Group><Group>Playable</Group><Dungeon_Group>Undead</Dungeon_Group><Map_Background>big\dungeons\new dungeon3.jpg</Map_Background><Dungeon_Level>Three</Dungeon_Level><Name>Twilight Monastery</Name><Type>dungeons</Type></props></Twilight_Monastery><Hidden_Camp><params><Glory_Reward>25</Glory_Reward><Xp_Reward>150</Xp_Reward><Gold_Reward>100</Gold_Reward><Power_Level>1</Power_Level></params><props><Encounters>Robber Band;Deserters;Bandit Lord;</Encounters><Dungeon_Map_Template>Forest</Dungeon_Map_Template><Color_Theme>green</Color_Theme><Alt_Encounters>Goblins;Orcs;Orc Khan;</Alt_Encounters><Dungeon_Type>Average</Dungeon_Type><Arcade_Region>Dusk Dale</Arcade_Region><Description>Your tracking has led you to this site which upon closer inspection seems to be hosting a well-hidden camp... no friendly folk would likely be living in such a place. </Description><Dungeon_Map_Modifier>Camp</Dungeon_Map_Modifier><Map_Background>big\dungeons\Pirate Bay.jpg</Map_Background><Name>Hidden Camp</Name><Type>dungeons</Type><Image>mini\dungeon\human\Pirate Den.jpg</Image><Workspace_Group>Focus</Workspace_Group><Alt_Spawning_Delays>25</Alt_Spawning_Delays><Group>Arcade</Group><Dungeon_Group>Human</Dungeon_Group><Dungeon_Level>One</Dungeon_Level></props></Hidden_Camp><Wizard_Tower><params><Glory_Reward>25</Glory_Reward><Xp_Reward>150</Xp_Reward><Gold_Reward>100</Gold_Reward><Power_Level>3</Power_Level><Turns_In_Game>0</Turns_In_Game><Loot_Value>0</Loot_Value></params><props><Encounters>Derelict Machinery;Discarded and Orphaned Familiars;Arcane Guardians;Aether Golem;Mechanicum Titan;</Encounters><Dungeon_Map_Template></Dungeon_Map_Template><Color_Theme>purple</Color_Theme><Alt_Encounters>Derelict Machinery;Apostates;Arcane Guardians;Elementals;Sorceror;Enchantress;Lich;</Alt_Encounters><Dungeon_Type>Average</Dungeon_Type><Map_Preset_Objects>Force Field(2-1);Force Field(6-4);Force Field(2-4);Force Field(6-1);</Map_Preset_Objects><Arcade_Region>Dusk Dale</Arcade_Region><Description>Standing aloof at the feet of the Pale Mountains, this tower is rumored to have appear out of nothing overnight and now house a powerful sorceror or sorceress... There is an aura of unnatural cold and stillness, eerie even by Dusk Dale standards. </Description><Displayed_Name>Wizard Tower</Displayed_Name><Lore>A perfectly likely place to start on the search, this tower is almost certain to have some clues about the Artifacts' present or past. </Lore><Dungeon_Map_Modifier></Dungeon_Map_Modifier><Map_Background>big\dungeons\spires.jpg</Map_Background><Name>Wizard Tower</Name><Type>dungeons</Type><Image>mini\dungeon\arcane\tower.jpg</Image><Version>0.1002b</Version><Workspace_Group>Focus</Workspace_Group><Group>Arcade</Group><Map_Objects>Marble Column(2);</Map_Objects><Dungeon_Group>Arcane</Dungeon_Group><Dungeon_Level>Two</Dungeon_Level></props></Wizard_Tower><Spire><params><Glory_Reward>25</Glory_Reward><Xp_Reward>150</Xp_Reward><Gold_Reward>100</Gold_Reward><Power_Level>3</Power_Level></params><props><Encounters>Sky Minions;Celestials;Sky Lord;</Encounters><Color_Theme>light</Color_Theme><Alt_Encounters>Sky Minions;Celestials;Sky Lord;</Alt_Encounters><Dungeon_Type>Average</Dungeon_Type><Map_Preset_Objects>Marble Column(2-1);Ruined Gateway(2-2);Marble Column(6-3);Marble Column(2-3);Marble Column(6-1);Ruined Gateway(6-2);</Map_Preset_Objects><Arcade_Region>Dusk Dale</Arcade_Region><Dev_Notes>Fanatics;Crusaders;Defender of Light;</Dev_Notes><Description>Standing aloof at the feet of the Pale Mountains, this tower is rumored to have appear out of nothing overnight and now house a powerful sorceror or sorceress... There is an aura of unnatural cold and stillness, eerie even by Dusk Dale standards. </Description><Lore>A perfectly likely place to start on the search, this tower is almost certain to have some clues about the Artifacts' present or past. </Lore><Map_Background>big\dungeons\Misty Mountains.jpg</Map_Background><Name>Spire</Name><Type>dungeons</Type><Spawning_Delays>Marble Column(0-0);Marble Column(8-4);Marble Column(0-4);Marble Column(8-0);</Spawning_Delays><Image>mini\dungeon\arcane\Onyx Spire.jpg</Image><Version>0.1002b</Version><Workspace_Group>Focus</Workspace_Group><Group>Arcade</Group><Map_Objects></Map_Objects><Dungeon_Group>Arcane</Dungeon_Group><Dungeon_Level>Two</Dungeon_Level></props></Spire><Abandoned_House><params><Glory_Reward>25</Glory_Reward><Xp_Reward>150</Xp_Reward><Gold_Reward>100</Gold_Reward><Turns_In_Game>0</Turns_In_Game><Loot_Value>0</Loot_Value><Power_Level>0</Power_Level></params><props><Encounters>Hungry Dead;Blood Thralls;Vampires;Vampire Lord;</Encounters><Dungeon_Map_Template>Wooden Interior</Dungeon_Map_Template><Color_Theme>red</Color_Theme><Alt_Encounters>Plague Bearers;Plague Servants;Corpseborn;Undead Monstrocity;</Alt_Encounters><Dungeon_Type>Average</Dungeon_Type><Arcade_Region>Dusk Dale</Arcade_Region><Description>[Quest] This may once have been a well-off farm, but no more. Dangers aside, the [faction] want this place cleared out and you could certainly use their support. </Description><Map_Background>mini\bg\Crimson Queen2.jpg</Map_Background><Name>Abandoned House</Name><Type>dungeons</Type><Image>mini\dungeon\undead\Haunted House.jpg</Image><Version>0.05</Version><Workspace_Group>Focus</Workspace_Group><Group>Arcade</Group><Dungeon_Group>Undead</Dungeon_Group><Dungeon_Level>One</Dungeon_Level></props></Abandoned_House><Witch_Grove><params><Glory_Reward>25</Glory_Reward><Xp_Reward>150</Xp_Reward><Gold_Reward>100</Gold_Reward><Power_Level>1</Power_Level></params><props><Encounters>Wisps;Wolf Pack;Warg Pack;Feline Predators;Angered Grizzly;Werewolf;Witches;Shades;</Encounters><Dungeon_Map_Template>Dark Forest</Dungeon_Map_Template><Color_Theme>blue</Color_Theme><Alt_Encounters>Spider Brood;Undead Beasts;Dark Apostates;Huorn;Nightmare;Undead Monstrocity;Witches;Shades;</Alt_Encounters><Dungeon_Type>Average</Dungeon_Type><Map_Preset_Objects>Altar(4-0)</Map_Preset_Objects><Arcade_Region>Dusk Dale</Arcade_Region><Description>Strangely, the white marble crypt seems to have resisted any harm from marauders and grave looters who work is all too apparent in the multitude of desecrated graves strewn across the cemetary. Unless the graves dug up themselves, of course...</Description><Lore>The ancient elven crypt at the center of this dilapidated human cemetary is a promising place to find out more about the history of the Artifacts. Who knows what secrets are kept by the elves long dead? </Lore><Dungeon_Map_Modifier>Ruins</Dungeon_Map_Modifier><Map_Background>big\dungeons\haunted wood.jpg</Map_Background><Name>Witch Grove</Name><Type>dungeons</Type><Image>mini\dungeon\haunted wood.jpg</Image><Version>0.1003b</Version><Power_Encounters>Sorceress;</Power_Encounters><Workspace_Group>Focus</Workspace_Group><Group>Arcade</Group><Dungeon_Group>Undead</Dungeon_Group><Dungeon_Level>One</Dungeon_Level></props></Witch_Grove><Dwarven_Halls><params><Glory_Reward>25</Glory_Reward><Xp_Reward>150</Xp_Reward><Gold_Reward>100</Gold_Reward></params><props><Encounters>Dwarven Company;Dwarf Patrol;Dwarf Rabble;Exiled Thane;</Encounters><Color_Theme>yellow</Color_Theme><Alt_Encounters>Goblins;Orcs;Troll;Ogre</Alt_Encounters><Dungeon_Type>Underground</Dungeon_Type><Arcade_Region>Dusk Dale</Arcade_Region><Map_Background>big\dungeons\dwarf city.jpg</Map_Background><Name>Dwarven Halls</Name><Type>dungeons</Type><Image>mini\dungeon\misc\zwergenheim.jpg</Image><Encounter_Groups></Encounter_Groups><Alt_Power_Encounters></Alt_Power_Encounters><Version>0.05</Version><Group>Arcade</Group><Dungeon_Group>Undead</Dungeon_Group><Dungeon_Level>Three</Dungeon_Level></props></Dwarven_Halls><Hell><params><Glory_Reward>25</Glory_Reward><Xp_Reward>150</Xp_Reward><Gold_Reward>100</Gold_Reward><Power_Level>3</Power_Level></params><props><Encounters>Abyssal Fiend;Demon Lord;Chaos Legion;Greater Demons;Demons of Abyss;Lord of Abyss;Demon Callers;</Encounters><Dungeon_Map_Template></Dungeon_Map_Template><Color_Theme>red</Color_Theme><Alt_Encounters>Abyssal Fiend;Demon Lord;Chaos Legion;Greater Demons;Demons of Abyss;Lord of Abyss;Demon Callers;</Alt_Encounters><Dungeon_Type>Boss</Dungeon_Type><Map_Preset_Objects>Altar(4-0);Altar(4-5);</Map_Preset_Objects><Arcade_Region>Dusk Dale</Arcade_Region><Dev_Notes>Fanatics;Crusaders;Defender of Light;</Dev_Notes><Description>Standing aloof at the feet of the Pale Mountains, this tower is rumored to have appear out of nothing overnight and now house a powerful sorceror or sorceress... There is an aura of unnatural cold and stillness, eerie even by Dusk Dale standards. </Description><Displayed_Name>Hell</Displayed_Name><Lore>A perfectly likely place to start on the search, this tower is almost certain to have some clues about the Artifacts' present or past. </Lore><Dungeon_Map_Modifier>Ruins</Dungeon_Map_Modifier><Map_Background>big\dungeons\hell.jpg</Map_Background><Name>Hell</Name><Type>dungeons</Type><Spawning_Delays></Spawning_Delays><Image>mini\dungeon\misc\hell.jpg</Image><Version>0.05</Version><Workspace_Group>Focus</Workspace_Group><Group>Arcade</Group><Map_Objects></Map_Objects><Dungeon_Group>Misc</Dungeon_Group><Dungeon_Level>Two</Dungeon_Level></props></Hell><Nordheim><params><Glory_Reward>25</Glory_Reward><Xp_Reward>150</Xp_Reward><Gold_Reward>100</Gold_Reward><Power_Level>3</Power_Level></params><props><Encounters>Frost Giant;Storm Giant;Mountain Giants;Hill Giants;</Encounters><Dungeon_Map_Template></Dungeon_Map_Template><Color_Theme>blue</Color_Theme><Alt_Encounters>Dwarven Company;Exiled Thane;Dwarf Patrol;</Alt_Encounters><Dungeon_Type>Boss</Dungeon_Type><Map_Preset_Objects>Ruined Column(4-0);Ruined Column(4-5);</Map_Preset_Objects><Arcade_Region>Dusk Dale</Arcade_Region><Dev_Notes>Fanatics;Crusaders;Defender of Light;</Dev_Notes><Description>Standing aloof at the feet of the Pale Mountains, this tower is rumored to have appear out of nothing overnight and now house a powerful sorceror or sorceress... There is an aura of unnatural cold and stillness, eerie even by Dusk Dale standards. </Description><Displayed_Name>Nordheim</Displayed_Name><Lore>A perfectly likely place to start on the search, this tower is almost certain to have some clues about the Artifacts' present or past. </Lore><Dungeon_Map_Modifier>Ruins</Dungeon_Map_Modifier><Map_Background>big\dungeons\undercity.jpg</Map_Background><Name>Nordheim</Name><Type>dungeons</Type><Spawning_Delays></Spawning_Delays><Image>mini\dungeon\misc\temple.jpg</Image><Version>0.05</Version><Workspace_Group>Focus</Workspace_Group><Group>Arcade</Group><Map_Objects></Map_Objects><Dungeon_Group>Misc</Dungeon_Group><Dungeon_Level>Two</Dungeon_Level></props></Nordheim><Wraith_Kingdom><params><Glory_Reward>25</Glory_Reward><Xp_Reward>150</Xp_Reward><Gold_Reward>100</Gold_Reward><Power_Level>3</Power_Level></params><props><Encounters>Frost Giant;Bone Dragon;Wraiths;Wisps;Undead Minions;</Encounters><Dungeon_Map_Template></Dungeon_Map_Template><Color_Theme>blue</Color_Theme><Alt_Encounters>Shades;Wisps;Wraiths;Celestials;Bone Dragon;Sky Lord;</Alt_Encounters><Dungeon_Type>Boss</Dungeon_Type><Map_Preset_Objects>Altar(4-0);Altar(4-5);</Map_Preset_Objects><Arcade_Region>Dusk Dale</Arcade_Region><Dev_Notes>Fanatics;Crusaders;Defender of Light;</Dev_Notes><Description>Standing aloof at the feet of the Pale Mountains, this tower is rumored to have appear out of nothing overnight and now house a powerful sorceror or sorceress... There is an aura of unnatural cold and stillness, eerie even by Dusk Dale standards. </Description><Displayed_Name>Wraith Kingdom</Displayed_Name><Lore>A perfectly likely place to start on the search, this tower is almost certain to have some clues about the Artifacts' present or past. </Lore><Dungeon_Map_Modifier>Ruins</Dungeon_Map_Modifier><Map_Background>big\dungeons\dead city.jpg</Map_Background><Name>Wraith Kingdom</Name><Type>dungeons</Type><Spawning_Delays></Spawning_Delays><Image>mini\dungeon\undead\death gate.jpg</Image><Version>0.05</Version><Workspace_Group>Focus</Workspace_Group><Group>Arcade</Group><Map_Objects></Map_Objects><Dungeon_Group>Misc</Dungeon_Group><Dungeon_Level>Two</Dungeon_Level></props></Wraith_Kingdom><City_of_Ancients><params><Glory_Reward>25</Glory_Reward><Xp_Reward>150</Xp_Reward><Gold_Reward>100</Gold_Reward><Power_Level>3</Power_Level></params><props><Encounters>Mechanicum Titan;Derelict Machinery;Arcane Guardians;Elementals;Bone Dragon;</Encounters><Dungeon_Map_Template></Dungeon_Map_Template><Color_Theme>blue</Color_Theme><Alt_Encounters>Naga;Troll;Unchained Wyvern;Dungeon Monsters;Spider Lords;Chosen of Arachnia;Dungeon Terrors</Alt_Encounters><Dungeon_Type>Boss</Dungeon_Type><Map_Preset_Objects>Marble Column(4-0);Marble Column(4-5);</Map_Preset_Objects><Arcade_Region>Dusk Dale</Arcade_Region><Dev_Notes>Fanatics;Crusaders;Defender of Light;</Dev_Notes><Description>Standing aloof at the feet of the Pale Mountains, this tower is rumored to have appear out of nothing overnight and now house a powerful sorceror or sorceress... There is an aura of unnatural cold and stillness, eerie even by Dusk Dale standards. </Description><Displayed_Name>City of Ancients</Displayed_Name><Lore>A perfectly likely place to start on the search, this tower is almost certain to have some clues about the Artifacts' present or past. </Lore><Dungeon_Map_Modifier>Ruins</Dungeon_Map_Modifier><Map_Background>big\dungeons\forgotten city.jpg</Map_Background><Name>City of Ancients</Name><Type>dungeons</Type><Spawning_Delays></Spawning_Delays><Image>mini\dungeon\underground\dungeon3.jpg</Image><Version>0.1002b</Version><Workspace_Group>Focus</Workspace_Group><Group>Arcade</Group><Map_Objects></Map_Objects><Dungeon_Group>Misc</Dungeon_Group><Dungeon_Level>Two</Dungeon_Level></props></City_of_Ancients><Castle_Black><params><Glory_Reward>25</Glory_Reward><Xp_Reward>150</Xp_Reward><Gold_Reward>100</Gold_Reward><Power_Level>3</Power_Level></params><props><Encounters>Robber Band;Apostates;Death Adepts;Anti-Paladin;Dark Apostates;Bandit Lord;Killer Crew;</Encounters><Dungeon_Map_Template></Dungeon_Map_Template><Color_Theme>blue</Color_Theme><Alt_Encounters>Hungry Dead;Lich;Werewolf;Vampire Lord;Death Lord;Vampires;Blood Thralls;Wraiths;Night Terrors;</Alt_Encounters><Dungeon_Type>Boss</Dungeon_Type><Map_Preset_Objects>Marble Column(4-0);Marble Column(4-5);</Map_Preset_Objects><Arcade_Region>Dusk Dale</Arcade_Region><Dev_Notes>Fanatics;Crusaders;Defender of Light;</Dev_Notes><Description>Standing aloof at the feet of the Pale Mountains, this tower is rumored to have appear out of nothing overnight and now house a powerful sorceror or sorceress... There is an aura of unnatural cold and stillness, eerie even by Dusk Dale standards. </Description><Displayed_Name>Castle Black</Displayed_Name><Lore>A perfectly likely place to start on the search, this tower is almost certain to have some clues about the Artifacts' present or past. </Lore><Dungeon_Map_Modifier>Ruins</Dungeon_Map_Modifier><Map_Background>big\dungeons\dark castle.jpg</Map_Background><Name>Castle Black</Name><Type>dungeons</Type><Spawning_Delays></Spawning_Delays><Image>mini\dungeon\human\castle.jpg</Image><Version>0.05</Version><Workspace_Group>Focus</Workspace_Group><Group>Arcade</Group><Map_Objects></Map_Objects><Dungeon_Group>Misc</Dungeon_Group><Dungeon_Level>Two</Dungeon_Level></props></Castle_Black><Jotunheim><params><Glory_Reward>25</Glory_Reward><Xp_Reward>150</Xp_Reward><Gold_Reward>100</Gold_Reward><Power_Level>3</Power_Level></params><props><Encounters>Hill Giants;Mountain Giants;Storm Giant;Frost Giant;</Encounters><Dungeon_Map_Template></Dungeon_Map_Template><Color_Theme>light</Color_Theme><Alt_Encounters>Hill Giants;Mountain Giants;Storm Giant;Dwarven Company;Exiled Thane;</Alt_Encounters><Dungeon_Type>Boss</Dungeon_Type><Map_Preset_Objects>Marble Column(3-0);Ruined Gateway(4-0);Marble Column(5-0);</Map_Preset_Objects><Arcade_Region>Dusk Dale</Arcade_Region><Dev_Notes>Fanatics;Crusaders;Defender of Light;</Dev_Notes><Description>Standing aloof at the feet of the Pale Mountains, this tower is rumored to have appear out of nothing overnight and now house a powerful sorceror or sorceress... There is an aura of unnatural cold and stillness, eerie even by Dusk Dale standards. </Description><Displayed_Name>Jotunheim</Displayed_Name><Lore>A perfectly likely place to start on the search, this tower is almost certain to have some clues about the Artifacts' present or past. </Lore><Dungeon_Map_Modifier>Ruins</Dungeon_Map_Modifier><Map_Background>big\dungeons\ruins.jpg</Map_Background><Name>Jotunheim</Name><Type>dungeons</Type><Spawning_Delays></Spawning_Delays><Image>mini\dungeon\misc\Ancient Ruin.jpg</Image><Version>0.1002b</Version><Workspace_Group>Focus</Workspace_Group><Group>Arcade</Group><Map_Objects></Map_Objects><Dungeon_Group>Misc</Dungeon_Group><Dungeon_Level>Two</Dungeon_Level></props></Jotunheim><Crystal_Cavern><params><Glory_Reward>25</Glory_Reward><Xp_Reward>150</Xp_Reward><Gold_Reward>100</Gold_Reward><Power_Level>1</Power_Level></params><props><Encounters>Colony Brood;Colony Warriors;Colony Queen;</Encounters><Dungeon_Map_Template>Dungeon</Dungeon_Map_Template><Color_Theme>yellow</Color_Theme><Alt_Encounters>Spider Brood;Spider Lords;Chosen of Arachnia;</Alt_Encounters><Dungeon_Type>Underground</Dungeon_Type><Arcade_Region>Dusk Dale</Arcade_Region><Displayed_Name>Crystal Cavern</Displayed_Name><Description>Infested by some manner of insectoids, if rumors are to be believed, this cave radiates strange energy and emanates light that is probably not coming from any purely natural source... </Description><Lore>Although it is highly unlikely that there are clues about the Artifacts in a place like this, acquiring shards of a pure Aspect Crystal may be very useful - either as a prize to sell for information, or a source of magical power to aid the quest. </Lore><Dungeon_Map_Modifier> Cavern</Dungeon_Map_Modifier><Map_Background>big\dungeons\cave2.jpg</Map_Background><Name>Crystal Cavern</Name><Type>dungeons</Type><Image>mini\dungeon\underground\Crystal_Cave.jpg</Image><Version>0.05</Version><Workspace_Group>Focus</Workspace_Group><Group>Arcade</Group><Dungeon_Group>Undead</Dungeon_Group><Dungeon_Level>Two</Dungeon_Level></props></Crystal_Cavern></Dusk_Dale><Blightstone_Desert><Titan_Temple><params><Glory_Reward>25</Glory_Reward><Xp_Reward>150</Xp_Reward><Gold_Reward>100</Gold_Reward></params><props><Image>mini\dungeon\misc\temple.jpg</Image><Dungeon_Type>Average</Dungeon_Type><Version>0.05</Version><Arcade_Region>Blightstone Desert</Arcade_Region><Group>Arcade</Group><Dungeon_Group>Undead</Dungeon_Group><Map_Background>big\dungeons\undercity.jpg</Map_Background><Dungeon_Level>Four</Dungeon_Level><Name>Titan Temple</Name><Type>dungeons</Type></props></Titan_Temple><Sanctuary><params><Glory_Reward>25</Glory_Reward><Xp_Reward>150</Xp_Reward><Gold_Reward>100</Gold_Reward></params><props><Image>mini\dungeon\underground\hall.jpg</Image><Dungeon_Type>Average</Dungeon_Type><Version>0.05</Version><Arcade_Region>Blightstone Desert</Arcade_Region><Group>Arcade</Group><Dungeon_Group>Undead</Dungeon_Group><Map_Background>big\dungeons\new dungeon3.jpg</Map_Background><Dungeon_Level>Five</Dungeon_Level><Name>Sanctuary</Name><Type>dungeons</Type></props></Sanctuary><Undercity><params><Glory_Reward>25</Glory_Reward><Xp_Reward>150</Xp_Reward><Gold_Reward>100</Gold_Reward></params><props><Image>mini\dungeon\undead\death gate.jpg</Image><Dungeon_Type>Average</Dungeon_Type><Version>0.05</Version><Arcade_Region>Blightstone Desert</Arcade_Region><Group>Arcade</Group><Dungeon_Group>Undead</Dungeon_Group><Map_Background>big\dungeons\dead city.jpg</Map_Background><Dungeon_Level>Five</Dungeon_Level><Name>Undercity</Name><Type>dungeons</Type></props></Undercity><Necropolis><params><Glory_Reward>25</Glory_Reward><Xp_Reward>150</Xp_Reward><Gold_Reward>100</Gold_Reward></params><props><Image>mini\dungeon\undead\City of the Dead.jpg</Image><Dungeon_Type>Average</Dungeon_Type><Arcade_Region>Blightstone Desert</Arcade_Region><Dungeon_Group>Undead</Dungeon_Group><Map_Background>big\dungeons\labyrinth.jpg</Map_Background><Dungeon_Level>Five</Dungeon_Level><Name>Necropolis</Name><Type>dungeons</Type></props></Necropolis><Crystal_Chamber><params><Glory_Reward>25</Glory_Reward><Xp_Reward>150</Xp_Reward><Gold_Reward>100</Gold_Reward></params><props><Image>mini\dungeon\underground\treasure room.jpg</Image><Dungeon_Type>Average</Dungeon_Type><Version>0.05</Version><Arcade_Region>Blightstone Desert</Arcade_Region><Group>Arcade</Group><Dungeon_Group>Undead</Dungeon_Group><Map_Background>big\dungeons\cave.jpg</Map_Background><Dungeon_Level>Five</Dungeon_Level><Name>Crystal Chamber</Name><Type>dungeons</Type></props></Crystal_Chamber><Mausoleum><params><Glory_Reward>25</Glory_Reward><Xp_Reward>150</Xp_Reward><Gold_Reward>100</Gold_Reward></params><props><Image>mini\dungeon\undead\Lich Palace.jpg</Image><Dungeon_Type>Average</Dungeon_Type><Version>0.05</Version><Displayed_Name>Mausoleum</Displayed_Name><Arcade_Region>Blightstone Desert</Arcade_Region><Dungeon_Group>Undead</Dungeon_Group><Map_Background>big\dungeons\labyrinth.jpg</Map_Background><Dungeon_Level>Five</Dungeon_Level><Name>Mausoleum</Name><Type>dungeons</Type></props></Mausoleum></Blightstone_Desert><Greyleaf_Woods><Ancient_Tomb><params><Glory_Reward>25</Glory_Reward><Xp_Reward>150</Xp_Reward><Gold_Reward>100</Gold_Reward></params><props><Image>mini\dungeon\undead\crypt.jpg</Image><Dungeon_Type>Average</Dungeon_Type><Arcade_Region>Greyleaf Woods</Arcade_Region><Workspace_Group>Design</Workspace_Group><Dungeon_Group>Undead</Dungeon_Group><Map_Background>big\dungeons\mansion.jpg</Map_Background><Dungeon_Level>Two</Dungeon_Level><Name>Ancient Tomb</Name><Type>dungeons</Type></props></Ancient_Tomb><Ruined_Fort><params><Glory_Reward>25</Glory_Reward><Xp_Reward>150</Xp_Reward><Gold_Reward>100</Gold_Reward></params><props><Image>mini\dungeon\misc\ruins2.jpg</Image><Dungeon_Type>Average</Dungeon_Type><Arcade_Region>Greyleaf Woods</Arcade_Region><Description>[faction leader] has indicated this to be the likeliest place to search for [party].</Description><Lore>Despite its crudeness, this fort has withstood the test of time better than most structures in the region</Lore><Group>Arcade</Group><Dungeon_Group>Undead</Dungeon_Group><Map_Background>big\dungeons\mansion.jpg</Map_Background><Dungeon_Level>Two</Dungeon_Level><Name>Ruined Fort</Name><Type>dungeons</Type></props></Ruined_Fort><Cavern><params><Glory_Reward>25</Glory_Reward><Xp_Reward>150</Xp_Reward><Gold_Reward>100</Gold_Reward><Power_Level>1</Power_Level></params><props><Encounters>Dungeon Monsters;Dungeon Terrors;Ancient Beast;</Encounters><Alt_Encounters>Chaos Apostates;Demon Worshippers;Chaos Minions;Chaos Legion;Abyssal Fiend;Demon Lord;</Alt_Encounters><Dungeon_Type>Average</Dungeon_Type><Arcade_Region>Greyleaf Woods</Arcade_Region><Map_Background>big\dungeons\dungeon2.jpg</Map_Background><Name>Cavern</Name><Type>dungeons</Type><Image>mini\dungeon\underground\dungeon2.jpg</Image><Power_Encounters>Chaos Minions;Chaos Legion;Abyssal Fiend;Demon Lord;</Power_Encounters><Workspace_Group>Focus</Workspace_Group><Group>Arcade</Group><Dungeon_Group>Undead</Dungeon_Group><Dungeon_Level>One</Dungeon_Level></props></Cavern><Forlorn_Ruins><params><Glory_Reward>25</Glory_Reward><Xp_Reward>150</Xp_Reward><Gold_Reward>100</Gold_Reward><Power_Level>1</Power_Level></params><props><Encounters>Wolf Pack;Warg Pack;Feline Predators;Angered Grizzly;</Encounters><Image>mini\dungeon\human\hidden camp.jpg</Image><Alt_Encounters>Robber Band</Alt_Encounters><Dungeon_Type>Average</Dungeon_Type><Arcade_Region>Greyleaf Woods</Arcade_Region><Lore>Your information indicates that some of the Scrolls may be hidden in a place that resembles what these ruins might have once looked like. </Lore><Group>Arcade</Group><Dungeon_Group>Human</Dungeon_Group><Map_Background>big\dungeons\ruins.jpg</Map_Background><Dungeon_Level>One</Dungeon_Level><Name>Forlorn Ruins</Name><Type>dungeons</Type></props></Forlorn_Ruins><Labyrinth><params><Glory_Reward>25</Glory_Reward><Xp_Reward>150</Xp_Reward><Gold_Reward>100</Gold_Reward><Power_Level>1</Power_Level></params><props><Encounters>Dungeon Monsters;Dungeon Horrors;Ancient Beast;</Encounters><Image>mini\dungeon\underground\dungeon2.jpg</Image><Alt_Encounters>Colony Brood;Colony Warriors;Colony Queen;</Alt_Encounters><Dungeon_Type>Average</Dungeon_Type><Arcade_Region>Greyleaf Woods</Arcade_Region><Group>Arcade</Group><Dungeon_Group>Undead</Dungeon_Group><Map_Background>big\dungeons\dungeon2.jpg</Map_Background><Dungeon_Level>One</Dungeon_Level><Name>Labyrinth</Name><Type>dungeons</Type></props></Labyrinth></Greyleaf_Woods><Wraith_Marshes><Ancient_Crypt><params><Glory_Reward>25</Glory_Reward><Xp_Reward>150</Xp_Reward><Gold_Reward>100</Gold_Reward></params><props><Image>mini\dungeon\undead\ancient crypts.jpg</Image><Dungeon_Type>Average</Dungeon_Type><Version>0.05</Version><Arcade_Region>Wraith Marshes</Arcade_Region><Group>Arcade</Group><Dungeon_Group>Undead</Dungeon_Group><Map_Background>big\new dungeons\crypt.jpg</Map_Background><Dungeon_Level>Three</Dungeon_Level><Name>Ancient Crypt</Name><Type>dungeons</Type></props></Ancient_Crypt><Forsaken_Castle><params><Glory_Reward>25</Glory_Reward><Xp_Reward>150</Xp_Reward><Gold_Reward>100</Gold_Reward></params><props><Image>mini\dungeon\human\Von Finsterheim Castle.jpg</Image><Dungeon_Type>Average</Dungeon_Type><Version>0.05</Version><Arcade_Region>Wraith Marshes</Arcade_Region><Dungeon_Group>Undead</Dungeon_Group><Map_Background>big\new dungeons\dark castle.jpg</Map_Background><Dungeon_Level>Three</Dungeon_Level><Name>Forsaken Castle</Name><Type>dungeons</Type></props></Forsaken_Castle><Defiled_Crypt><params><Glory_Reward>25</Glory_Reward><Xp_Reward>150</Xp_Reward><Gold_Reward>100</Gold_Reward></params><props><Image>mini\dungeon\misc\ruins.jpg</Image><Dungeon_Type>Average</Dungeon_Type><Version>0.05</Version><Arcade_Region>Wraith Marshes</Arcade_Region><Group>Arcade</Group><Dungeon_Group>Undead</Dungeon_Group><Map_Background>big\new dungeons\crypt.jpg</Map_Background><Dungeon_Level>Three</Dungeon_Level><Name>Defiled Crypt</Name><Type>dungeons</Type></props></Defiled_Crypt><Enchanted_Glade><params><Glory_Reward>25</Glory_Reward><Xp_Reward>150</Xp_Reward><Gold_Reward>100</Gold_Reward></params><props><Image>mini\dungeon\underground\cave.jpg</Image><Dungeon_Type>Average</Dungeon_Type><Version>0.05</Version><Arcade_Region>Wraith Marshes</Arcade_Region><Dungeon_Group>Undead</Dungeon_Group><Map_Background>big\dungeons\cave.jpg</Map_Background><Dungeon_Level>Three</Dungeon_Level><Name>Enchanted Glade</Name><Type>dungeons</Type></props></Enchanted_Glade><Haunted_Mansion><params><Glory_Reward>25</Glory_Reward><Xp_Reward>150</Xp_Reward><Gold_Reward>100</Gold_Reward></params><props><Image>mini\dungeon\undead\Dark Mansion.jpg</Image><Dungeon_Type>Average</Dungeon_Type><Arcade_Region>Wraith Marshes</Arcade_Region><Group>Arcade</Group><Dungeon_Group>Undead</Dungeon_Group><Map_Background>big\dungeons\mansion.jpg</Map_Background><Dungeon_Level>Two</Dungeon_Level><Name>Haunted Mansion</Name><Type>dungeons</Type></props></Haunted_Mansion><Drowned_Crypt><params><Glory_Reward>25</Glory_Reward><Xp_Reward>150</Xp_Reward><Gold_Reward>100</Gold_Reward></params><props><Image>mini\dungeon\undead\catacombs.jpg</Image><Dungeon_Type>Average</Dungeon_Type><Version>0.05</Version><Arcade_Region>Wraith Marshes</Arcade_Region><Group>Arcade</Group><Dungeon_Group>Undead</Dungeon_Group><Map_Background>big\new dungeons\crypt.jpg</Map_Background><Dungeon_Level>Two</Dungeon_Level><Name>Drowned Crypt</Name><Type>dungeons</Type></props></Drowned_Crypt><Library><params><Glory_Reward>25</Glory_Reward><Xp_Reward>150</Xp_Reward><Gold_Reward>100</Gold_Reward></params><props><Image>mini\dungeon\library.jpg</Image><Dungeon_Type>Average</Dungeon_Type><Version>0.05</Version><Displayed_Name>Library</Displayed_Name><Arcade_Region>Wraith Marshes</Arcade_Region><Dungeon_Group>Undead</Dungeon_Group><Map_Background>big\new dungeons\dark castle.jpg</Map_Background><Dungeon_Level>Three</Dungeon_Level><Name>Library</Name><Type>dungeons</Type></props></Library></Wraith_Marshes></XML>