<XML><Empty><Chaos_Legion><params><Spawning_Delay_Bonus>-2</Spawning_Delay_Bonus><Power_Minimum>188</Power_Minimum><Power_Base>254</Power_Base><Power_Maximum>454</Power_Maximum></params><props><Encounter_Type>Elite</Encounter_Type><Extended_Preset_Group>Devil Mage;Infernal Golem;Infernal Golem;Chaos Cultist;Fiend;</Extended_Preset_Group><Shrunk_Preset_Group>Chaos Cultist;Hellguard;Fiend;</Shrunk_Preset_Group><Image>mini\unit\Chaos\Infernal Golem.jpg</Image><Preset_Group>Infernal Golem;Chaos Cultist;Fiend;</Preset_Group><Encounter_Subgroup>Fire Demons</Encounter_Subgroup><Version>0.05</Version><Group>xPlay</Group><Filler_Types>Possessed;Chaos Apostate;</Filler_Types><Growth_Priorities>Extend;Level;Level;Level;Fill;</Growth_Priorities><Name>Chaos Legion</Name><Type>encounters</Type></props></Chaos_Legion><Vampires><params><Power_Minimum>171</Power_Minimum><Power_Base>260</Power_Base><Power_Maximum>324</Power_Maximum></params><props><Encounter_Type>Elite</Encounter_Type><Extended_Preset_Group>Vampire Lord;Vampire Mistress;Vampire Mistress;</Extended_Preset_Group><Shrunk_Preset_Group>Vampire;Vampire Mistress;</Shrunk_Preset_Group><Image>mini\char\Death\Vampress.jpg</Image><Preset_Group>Vampire;Vampire Mistress;Afflicted Nobleman;</Preset_Group><Encounter_Subgroup>Vampires</Encounter_Subgroup><Version>0.05</Version><Group>Playable</Group><Filler_Types>Vampire Bat;</Filler_Types><Growth_Priorities>Extend;Level;Level;Fill;Level;Fill;</Growth_Priorities><Name>Vampires</Name><Type>encounters</Type></props></Vampires><Werewolf><params><Power_Minimum>98</Power_Minimum><Power_Base>98</Power_Base><Power_Maximum>196</Power_Maximum></params><props><Encounter_Type>Boss</Encounter_Type><Extended_Preset_Group>Werewolf;Werewolf</Extended_Preset_Group><Shrunk_Preset_Group>Werewolf</Shrunk_Preset_Group><Image>mini\unit\Darkness\werewolf.jpg</Image><Preset_Group>Werewolf</Preset_Group><Encounter_Subgroup>Wulfen</Encounter_Subgroup><Version>0.05</Version><Group>Playable</Group><Filler_Types>Werewolf</Filler_Types><Growth_Priorities>Extend;Level;Level;Level;Fill;</Growth_Priorities><Name>Werewolf</Name><Type>encounters</Type></props></Werewolf><Exiled_Thane><params><Power_Minimum>175</Power_Minimum><Power_Base>250</Power_Base><Power_Maximum>510</Power_Maximum></params><props><Encounter_Type>Boss</Encounter_Type><Shrunk_Preset_Group>Exiled Thane;</Shrunk_Preset_Group><Encounter_Group></Encounter_Group><Displayed_Name>Exiled Thane</Displayed_Name><Growth_Priorities>Extend;Fill;Fill;Level;Level;</Growth_Priorities><Name>Exiled Thane</Name><Type>encounters</Type><Extended_Preset_Group>Exiled Thane;Dwarf Sharpeye;Dwarf Runepriest;Dwarf Veteran;Dwarf Veteran;</Extended_Preset_Group><Preset_Group>Exiled Thane;Dwarf Sharpeye;Dwarf Runepriest;</Preset_Group><Image>mini\char\std\dwarf\ScenEdit 2012-01-01 14-38-04-57.jpg</Image><Encounter_Subgroup>Dwarves</Encounter_Subgroup><Version>0.05</Version><Group>Playable</Group><Filler_Types>Dwarf Veteran;</Filler_Types></props></Exiled_Thane></Empty><Arcane><Eldritch_Order><params><Power_Minimum>170</Power_Minimum><Power_Base>228</Power_Base><Power_Maximum>324</Power_Maximum></params><props><Encounter_Type>Elite</Encounter_Type><Shrunk_Preset_Group>Gargoyle;Apostate;Apostate;Eldritch Strix;Trickster Raven;</Shrunk_Preset_Group><Encounter_Group>Arcane</Encounter_Group><Growth_Priorities>Extend;Level;Level;Fill;</Growth_Priorities><Name>Eldritch Order</Name><Type>encounters</Type><Extended_Preset_Group>Eldritch Knight;Dark Adept;Dark Adept;Gargoyle;Gargoyle;</Extended_Preset_Group><Preset_Group>Eldritch Knight;Apostate;Apostate;Eldritch Strix;Trickster Raven;</Preset_Group><Image>mini\char\Arcanum\Eldritch Knight.jpg</Image><Boss_Type>Guardian of the Underworld</Boss_Type><Version>0.1001</Version><Group>Playable</Group><Filler_Types>Apostate;Eldritch Strix;Trickster Raven;</Filler_Types></props></Eldritch_Order><Mutant_Band><params><Power_Minimum>64</Power_Minimum><Power_Base>106</Power_Base><Power_Maximum>180</Power_Maximum></params><props><Encounter_Type>Regular</Encounter_Type><Shrunk_Preset_Group>Twisted Mutant;Husk;Husk;Husk;Husk;</Shrunk_Preset_Group><Encounter_Group>Arcane</Encounter_Group><Growth_Priorities>Extend;Level;Group;Fill;Level;Group;</Growth_Priorities><Name>Mutant Band</Name><Type>encounters</Type><Extended_Preset_Group>Rabid Mutant;Rabid Mutant;Twisted Mutant;Twisted Mutant;Twisted Mutant;</Extended_Preset_Group><Preset_Group>Rabid Mutant;Twisted Mutant;Twisted Mutant;</Preset_Group><Image>mini\unit\Arcanum\mutant4.jpg</Image><Encounter_Subgroup>Magical</Encounter_Subgroup><Version>0.05</Version><Group>Playable</Group><Filler_Types>Husk;Twisted Mutant;</Filler_Types></props></Mutant_Band><Arcane_Guardians><params><Power_Minimum>158</Power_Minimum><Power_Base>239</Power_Base><Power_Maximum>311</Power_Maximum></params><props><Encounter_Type>Elite</Encounter_Type><Shrunk_Preset_Group>Stone Golem;Gargoyle;Gargoyle;Gargoyle;</Shrunk_Preset_Group><Encounter_Group>Arcane</Encounter_Group><Growth_Priorities>Extend;Level;Level;Group;Fill;</Growth_Priorities><Name>Arcane Guardians</Name><Type>encounters</Type><Extended_Preset_Group>Steel Golem;Gargoyle Sentinel;Gargoyle Sentinel;Gargoyle;Gargoyle;</Extended_Preset_Group><Preset_Group>Gargoyle Sentinel;Stone Golem;Stone Golem;Gargoyle;Gargoyle;</Preset_Group><Image>mini\unit\Arcanum\Gargoyle2.jpg</Image><Encounter_Subgroup>Magical</Encounter_Subgroup><Boss_Type>Guardian of the Underworld</Boss_Type><Version>0.05</Version><Group>Playable</Group><Filler_Types>Stone Golem;Gargoyle;</Filler_Types></props></Arcane_Guardians><Elementals><params><Power_Minimum>177</Power_Minimum><Power_Base>357</Power_Base><Power_Maximum>612</Power_Maximum></params><props><Encounter_Type>Elite</Encounter_Type><Shrunk_Preset_Group>Water Elemental;Fire Elemental;</Shrunk_Preset_Group><Encounter_Group>Arcane</Encounter_Group><Growth_Priorities>Level;Level;Extend;Group;</Growth_Priorities><Name>Elementals</Name><Type>encounters</Type><Extended_Preset_Group>Air Elemental;Water Elemental;Fire Elemental;Magic Elemental;Shadow Elemental;Poison Elemental;Earth Elemental;</Extended_Preset_Group><Preset_Group>Air Elemental;Water Elemental;Fire Elemental;Earth Elemental;</Preset_Group><Image>mini\unit\Nature\water elemental.jpg</Image><Encounter_Subgroup>Magical</Encounter_Subgroup><Boss_Type>Water Elemental</Boss_Type><Version>0.05</Version><Group>Playable</Group><Filler_Types>Wisp;</Filler_Types></props></Elementals></Arcane><Misc><Derelict_Machinery><params><Spawning_Delay_Bonus>-2</Spawning_Delay_Bonus><Power_Minimum>90</Power_Minimum><Power_Base>130</Power_Base><Power_Maximum>275</Power_Maximum></params><props><Encounter_Type>Regular</Encounter_Type><Shrunk_Preset_Group>Iron Golem;Iron Golem;</Shrunk_Preset_Group><Encounter_Group>Misc</Encounter_Group><Growth_Priorities>Extend;Level;Fill;Level;Group;</Growth_Priorities><Name>Derelict Machinery</Name><Type>encounters</Type><Extended_Preset_Group>Steel Golem;Ancient Automata;Ancient Automata</Extended_Preset_Group><Preset_Group>Steel Golem;Iron Golem;</Preset_Group><Image>mini\unit\Arcanum\Mechanicum Titan.jpg</Image><Encounter_Subgroup>Mechanicum</Encounter_Subgroup><Version>0.05</Version><Group>Playable</Group><Filler_Types>Iron Golem;</Filler_Types></props></Derelict_Machinery><Mechanicum_Titan><params><Power_Minimum>165</Power_Minimum><Power_Base>260</Power_Base><Power_Maximum>330</Power_Maximum></params><props><Encounter_Type>Boss</Encounter_Type><Shrunk_Preset_Group>Mechanicum Titan</Shrunk_Preset_Group><Encounter_Group>Misc</Encounter_Group><Displayed_Name>Mechanicum Titan</Displayed_Name><Dev_Notes>Gargantuan Beast;</Dev_Notes><Growth_Priorities>Extend;Level;Level;Fill;</Growth_Priorities><Name>Mechanicum Titan</Name><Type>encounters</Type><Extended_Preset_Group>Mechanicum Titan;Mechanicum Titan</Extended_Preset_Group><Preset_Group>Mechanicum Titan;Ancient Automata;</Preset_Group><Image>mini\unit\Arcanum\Dark Steel Golem2.jpg</Image><Boss_Type>Mechanicum Titan</Boss_Type><Version>0.05</Version><Group>Playable</Group><Filler_Types>Ancient Automata;</Filler_Types></props></Mechanicum_Titan><Huorn><params><Power_Minimum>80</Power_Minimum><Power_Base>80</Power_Base><Power_Maximum>160</Power_Maximum></params><props><Encounter_Type>Boss</Encounter_Type><Shrunk_Preset_Group>Huorn</Shrunk_Preset_Group><Encounter_Group>Misc</Encounter_Group><Growth_Priorities>Extend;Level;Level;Level;Fill;</Growth_Priorities><Name>Huorn</Name><Type>encounters</Type><Extended_Preset_Group>Huorn;Huorn</Extended_Preset_Group><Preset_Group>Huorn</Preset_Group><Image>mini\unit\Death\Huorn.jpg</Image><Encounter_Subgroup>Swamp</Encounter_Subgroup><Version>0.05</Version><Group>Playable</Group><Filler_Types>Huorn</Filler_Types></props></Huorn></Misc><Humans><Knightly_Patrol><params><Power_Minimum>116</Power_Minimum><Power_Base>144</Power_Base><Power_Maximum>238</Power_Maximum></params><props><Encounter_Type>Regular</Encounter_Type><Shrunk_Preset_Group>Thug;Thief;Thief;Thief;</Shrunk_Preset_Group><Encounter_Group>Humans</Encounter_Group><Growth_Priorities>Level;Fill;Group;Level;Extend;Level;Group;</Growth_Priorities><Name>Knightly Patrol</Name><Type>encounters</Type><Extended_Preset_Group>Fallen Knight;Cutthroat;Thug;Marauder;Thief;</Extended_Preset_Group><Preset_Group>Marauder;Thief;Thug;Thief;</Preset_Group><Image>mini\unit\Neutral\Templar.jpg</Image><Encounter_Subgroup>Silverlance</Encounter_Subgroup><Version>0.05</Version><Group>z</Group><Filler_Types>Thief;</Filler_Types></props></Knightly_Patrol><Zealots><params><Power_Minimum>116</Power_Minimum><Power_Base>144</Power_Base><Power_Maximum>238</Power_Maximum></params><props><Encounter_Type>Regular</Encounter_Type><Shrunk_Preset_Group>Thug;Thief;Thief;Thief;</Shrunk_Preset_Group><Encounter_Group>Humans</Encounter_Group><Displayed_Name>Zealots</Displayed_Name><Growth_Priorities>Level;Fill;Group;Level;Extend;Level;Group;</Growth_Priorities><Name>Zealots</Name><Type>encounters</Type><Extended_Preset_Group>Fallen Knight;Cutthroat;Thug;Marauder;Thief;</Extended_Preset_Group><Preset_Group>Marauder;Thief;Thug;Thief;</Preset_Group><Image>mini\unit\Neutral\Templar.jpg</Image><Encounter_Subgroup>Red Dawn</Encounter_Subgroup><Version>0.05</Version><Group>z</Group><Filler_Types>Thief;</Filler_Types></props></Zealots><Robber_Band><params><Spawning_Delay_Bonus>-1</Spawning_Delay_Bonus><Spawning_Delay_Mod>75</Spawning_Delay_Mod><Power_Minimum>91</Power_Minimum><Power_Base>163</Power_Base><Power_Maximum>204</Power_Maximum></params><props><Encounter_Type>Regular</Encounter_Type><Shrunk_Preset_Group>Bandit Archer;Thief;Thief;</Shrunk_Preset_Group><Encounter_Group>Humans</Encounter_Group><Growth_Priorities>Extend;Level;Fill;Group;Level;Level;Group;</Growth_Priorities><Name>Robber Band</Name><Type>encounters</Type><Extended_Preset_Group>Cutthroat;Bandit Archer;Marauder;Thief;Thief;</Extended_Preset_Group><Preset_Group>Bandit Archer;Apostate;Thief;Thief;Thug;</Preset_Group><Image>mini\unit\Neutral\Thief.jpg</Image><Encounter_Subgroup>Bandits</Encounter_Subgroup><Version>0.05</Version><Workspace_Group>Polish</Workspace_Group><Group>Playable</Group><Filler_Types>Thief;</Filler_Types><Rank>Neophyte</Rank></props></Robber_Band><Apostates><params><Spawning_Delay_Bonus>-1</Spawning_Delay_Bonus><Power_Minimum>80</Power_Minimum><Power_Base>120</Power_Base><Power_Maximum>80</Power_Maximum></params><props><Encounter_Type>Regular</Encounter_Type><Shrunk_Preset_Group>Apostate;Apostate;</Shrunk_Preset_Group><Encounter_Group>Humans</Encounter_Group><Growth_Priorities>Level;Level;Extend;Fill;</Growth_Priorities><Name>Apostates</Name><Type>encounters</Type><Extended_Preset_Group>Adept;Apostate;Apostate;</Extended_Preset_Group><Preset_Group>Apostate;Apostate;Apostate;</Preset_Group><Image>mini\char\Arcanum\Impress.jpg</Image><Encounter_Subgroup>Arcane Apostates</Encounter_Subgroup><Version>0.05</Version><Workspace_Group>Polish</Workspace_Group><Group>Playable</Group><Filler_Types>Apostate;</Filler_Types></props></Apostates><Chaos_Apostates><params><Spawning_Delay_Bonus>-1</Spawning_Delay_Bonus><Power_Minimum>109</Power_Minimum><Power_Base>149</Power_Base><Power_Maximum>222</Power_Maximum></params><props><Encounter_Type>Regular</Encounter_Type><Shrunk_Preset_Group>Chaos Apostate;Chaos Apostate;Possessed;</Shrunk_Preset_Group><Encounter_Group>Humans</Encounter_Group><Growth_Priorities>Extend;Level;Level;Fill;</Growth_Priorities><Name>Chaos Apostates</Name><Type>encounters</Type><Extended_Preset_Group>Chaos Cultist;Chaos Apostate;Demon Worshipper;Possessed;Possessed;</Extended_Preset_Group><Preset_Group>Chaos Apostate;Chaos Apostate;Demon Worshipper;Possessed;</Preset_Group><Image>mini\char\Chaos\Chaos Adept.jpg</Image><Encounter_Subgroup>Chaos Cultists</Encounter_Subgroup><Version>0.05</Version><Workspace_Group>Polish</Workspace_Group><Group>xPlayable</Group><Filler_Types>Chaos Apostate;</Filler_Types></props></Chaos_Apostates><Demon_Worshippers><params><Spawning_Delay_Bonus>-1</Spawning_Delay_Bonus><Power_Minimum>140</Power_Minimum><Power_Base>196</Power_Base><Power_Maximum>244</Power_Maximum></params><props><Encounter_Type>Regular</Encounter_Type><Shrunk_Preset_Group>Demon Worshipper;Demon Worshipper;Familiar;Imp;</Shrunk_Preset_Group><Encounter_Group>Humans</Encounter_Group><Growth_Priorities>Level;Level;Fill;Extend;</Growth_Priorities><Name>Demon Worshippers</Name><Type>encounters</Type><Extended_Preset_Group>Demon Caller;Chaos Apostate;Demon Worshipper;Hellguard;Demon Brute;</Extended_Preset_Group><Preset_Group>Demon Worshipper;Demon Worshipper;Demon Worshipper;Hellguard;Imp;</Preset_Group><Image>mini\char\Chaos\Chaos Adept2.jpg</Image><Encounter_Subgroup>Chaos Cultists</Encounter_Subgroup><Version>0.05</Version><Workspace_Group>Polish</Workspace_Group><Group>Playable</Group><Filler_Types>Demon Worshipper</Filler_Types></props></Demon_Worshippers><Death_Worshippers><params><Turns_In_Game>0</Turns_In_Game><Group_Number>0</Group_Number><Max_Group_Number>0</Max_Group_Number><Min_Group_Number>0</Min_Group_Number><Power_Level>0</Power_Level><Unit_Number>0</Unit_Number><Max_Unit_Per_Group>0</Max_Unit_Per_Group><Spawning_Delay_Bonus>-1</Spawning_Delay_Bonus><Power_Minimum>68</Power_Minimum><Power_Base>108</Power_Base><Power_Maximum>167</Power_Maximum></params><props><Encounter_Type>Regular</Encounter_Type><Shrunk_Preset_Group>Death Worshipper;Skeleton;</Shrunk_Preset_Group><Encounter_Group>Humans</Encounter_Group><Growth_Priorities>Extend;Fill;Fill;Level;Level;Level;Level;</Growth_Priorities><Name>Death Worshippers</Name><Type>encounters</Type><Extended_Preset_Group>Death Worshipper;Death Worshipper;Ghoul;Skeletal Beast;</Extended_Preset_Group><Preset_Group>Death Worshipper;Death Worshipper;Skeleton;</Preset_Group><Image>mini\char\Death\Death Adept5.jpg</Image><Encounter_Subgroup>Death Cultists</Encounter_Subgroup><Version>0.05</Version><Workspace_Group>Polish</Workspace_Group><Group>Playable</Group><Filler_Types>Death Worshipper(5);Skeleton(5); Zombie(5); Plague Servant(5); Bloodmage Apprentice(5); Wraith Whisperer(5);</Filler_Types></props></Death_Worshippers><Plague_Servants><params><Turns_In_Game>0</Turns_In_Game><Group_Number>0</Group_Number><Max_Group_Number>0</Max_Group_Number><Min_Group_Number>0</Min_Group_Number><Power_Level>0</Power_Level><Unit_Number>0</Unit_Number><Max_Unit_Per_Group>0</Max_Unit_Per_Group><Spawning_Delay_Bonus>-1</Spawning_Delay_Bonus><Power_Minimum>104</Power_Minimum><Power_Base>149</Power_Base><Power_Maximum>223</Power_Maximum></params><props><Encounter_Type>Regular</Encounter_Type><Shrunk_Preset_Group>Plague Servant;Plague Servant;Plague Rat;Plague Rat;Plague Rat;</Shrunk_Preset_Group><Encounter_Group>Humans</Encounter_Group><Growth_Priorities>Level;Level;Extend;Fill;Fill;</Growth_Priorities><Name>Plague Servants</Name><Type>encounters</Type><Extended_Preset_Group>Plague Bringer;Plague Servant;Plague Servant;Infested Husk;Plague Zombie;</Extended_Preset_Group><Preset_Group>Plague Servant;Plague Servant;Plague Servant;Infested Husk;Plague Rat;</Preset_Group><Image>mini\char\Death\Death Adept.jpg</Image><Encounter_Subgroup>Death Cultists</Encounter_Subgroup><Version>0.05</Version><Workspace_Group>Polish</Workspace_Group><Group>Playable</Group><Filler_Types>Infested Husk;Plague Rat;Plague Servant;</Filler_Types></props></Plague_Servants><Grave_Looters><params><Power_Minimum>67</Power_Minimum><Power_Base>115</Power_Base><Power_Maximum>160</Power_Maximum></params><props><Encounter_Type>Regular</Encounter_Type><Shrunk_Preset_Group>Grave Looter;Grave Looter;Rabid Dog;</Shrunk_Preset_Group><Encounter_Group>Humans</Encounter_Group><Growth_Priorities>Extend;Level;Level;Fill;Fill;Group;</Growth_Priorities><Name>Grave Looters</Name><Type>encounters</Type><Extended_Preset_Group>Marauder;Cannibal;Grave Looter;Grave Looter;Rabid Dog;</Extended_Preset_Group><Preset_Group>Grave Looter;Grave Looter;Grave Looter;Rabid Dog;Rabid Dog;</Preset_Group><Image>mini\unit\Neutral\arena\Conscript.jpg</Image><Encounter_Subgroup>Human Scum</Encounter_Subgroup><Version>0.05</Version><Workspace_Group>Polish</Workspace_Group><Group>Playable</Group><Filler_Types>Grave Looter;Rabid Dog;</Filler_Types><Rank>Neophyte</Rank></props></Grave_Looters><Dark_Apostates><params><Spawning_Delay_Bonus>-1</Spawning_Delay_Bonus><Power_Minimum>80</Power_Minimum><Power_Base>160</Power_Base><Power_Maximum>236</Power_Maximum></params><props><Encounter_Type>Regular</Encounter_Type><Shrunk_Preset_Group>Dark Apostate;Hunted Witch;</Shrunk_Preset_Group><Encounter_Group>Humans</Encounter_Group><Displayed_Name>Dark Apostates</Displayed_Name><Growth_Priorities>Extend;Level;Level;Level;Group;</Growth_Priorities><Name>Dark Apostates</Name><Type>encounters</Type><Extended_Preset_Group>Dark Adept;Shadow Disciple;Twilight Disciple;Hunted Witch;Dark Apostate;</Extended_Preset_Group><Preset_Group>Dark Apostate;Shadow Disciple;Twilight Disciple;Hunted Witch;</Preset_Group><Image>mini\char\Arcanum\New folder\Aeridan 3.jpg</Image><Encounter_Subgroup>Shadow Apostates</Encounter_Subgroup><Version>0.05</Version><Workspace_Group>Polish</Workspace_Group><Group>Playable</Group><Filler_Types></Filler_Types></props></Dark_Apostates><Witches><params><Spawning_Delay_Bonus>-1</Spawning_Delay_Bonus><Power_Minimum>114</Power_Minimum><Power_Base>208</Power_Base><Power_Maximum>298</Power_Maximum></params><props><Encounter_Type>Regular</Encounter_Type><Shrunk_Preset_Group>Hunted Witch;Black Wolf;Night Bat;Trickster Raven;</Shrunk_Preset_Group><Encounter_Group>Humans</Encounter_Group><Displayed_Name>Witches</Displayed_Name><Growth_Priorities>Extend;Level;Level;Level;Group;</Growth_Priorities><Name>Witches</Name><Type>encounters</Type><Extended_Preset_Group>Witch;Hunted Witch;Hunted Witch;Shadow Wolf;Shade</Extended_Preset_Group><Preset_Group>Witch;Hunted Witch;Black Wolf;Deadly Spider;Night Bat;</Preset_Group><Image>mini\char\Arcanum\New folder\Witch.jpg</Image><Encounter_Subgroup>Dark Cultists</Encounter_Subgroup><Version>0.05</Version><Workspace_Group>Polish</Workspace_Group><Group>Playable</Group><Filler_Types></Filler_Types></props></Witches><Death_Adepts><params><Spawning_Delay_Bonus>-1</Spawning_Delay_Bonus><Power_Minimum>78</Power_Minimum><Power_Base>156</Power_Base><Power_Maximum>234</Power_Maximum></params><props><Encounter_Type>Elite</Encounter_Type><Shrunk_Preset_Group>Death Adept;</Shrunk_Preset_Group><Encounter_Group>Humans</Encounter_Group><Displayed_Name>Death Adepts</Displayed_Name><Growth_Priorities>Extend;Fill;Fill;Group;Fill;Level;Level;Level;Level;</Growth_Priorities><Name>Death Adepts</Name><Type>encounters</Type><Extended_Preset_Group>Death Adept;Death Adept;Death Adept;</Extended_Preset_Group><Preset_Group>Death Adept;Death Adept;</Preset_Group><Image>mini\unit\Neutral\Heretic.jpg</Image><Encounter_Subgroup>Death Cultists</Encounter_Subgroup><Version>0.05</Version><Workspace_Group>Polish</Workspace_Group><Group>Playable</Group><Filler_Types>@Death Worshipper;Plague Servant;Wraith Whisperer;Bloodmage Apprentice;Ghoul(2);Skeletal Beast(2);Zombie Beast;Undead Beast(2);Blood Ghast(2);Ghast Zombie(2);</Filler_Types></props></Death_Adepts><Chaos_Cultists><params><Spawning_Delay_Bonus>-2</Spawning_Delay_Bonus><Power_Minimum>193</Power_Minimum><Power_Base>323</Power_Base><Power_Maximum>222</Power_Maximum></params><props><Encounter_Type>Elite</Encounter_Type><Shrunk_Preset_Group>Chaos Cultist;Chaos Apostate;Demon Worshipper;Possessed;</Shrunk_Preset_Group><Encounter_Group>Humans</Encounter_Group><Growth_Priorities>Level;Level;Fill;Extend;</Growth_Priorities><Name>Chaos Cultists</Name><Type>encounters</Type><Extended_Preset_Group>Chaos Cultist;Chaos Apostate;Demon Worshipper;Possessed;Possessed;</Extended_Preset_Group><Preset_Group>Demon Caller;Chaos Cultist;Chaos Cultist;Hellguard;Possessed;</Preset_Group><Image>mini\char\Chaos\Cultist2.jpg</Image><Encounter_Subgroup>Chaos Cultists</Encounter_Subgroup><Version>0.05</Version><Workspace_Group>Polish</Workspace_Group><Group>Playable</Group><Filler_Types>Chaos Apostate;</Filler_Types></props></Chaos_Cultists><Demon_Callers><params><Spawning_Delay_Bonus>-2</Spawning_Delay_Bonus><Power_Minimum>196</Power_Minimum><Power_Base>244</Power_Base><Power_Maximum>334</Power_Maximum></params><props><Encounter_Type>Elite</Encounter_Type><Shrunk_Preset_Group>Demon Worshipper;Demon Worshipper;Demon Worshipper;Hellguard;Imp;</Shrunk_Preset_Group><Encounter_Group>Humans</Encounter_Group><Growth_Priorities>Level;Level;Fill;Extend;</Growth_Priorities><Name>Demon Callers</Name><Type>encounters</Type><Extended_Preset_Group>Demon Gorger;Demon Caller;Chaos Cultist;Demon Worshipper;Demon Brute;</Extended_Preset_Group><Preset_Group>Demon Caller;Demon Worshipper;Demon Worshipper;Hellguard;Imp;</Preset_Group><Image>mini\char\Chaos\Orc021.jpg</Image><Encounter_Subgroup>Chaos Cultists</Encounter_Subgroup><Version>0.05</Version><Workspace_Group>Polish</Workspace_Group><Group>Playable</Group><Filler_Types>Demon Worshipper</Filler_Types></props></Demon_Callers><Cannibals><params><Power_Minimum>66</Power_Minimum><Power_Base>103</Power_Base><Power_Maximum>188</Power_Maximum></params><props><Encounter_Type>Elite</Encounter_Type><Shrunk_Preset_Group>Cannibal;Rabid Dog;</Shrunk_Preset_Group><Encounter_Group>Humans</Encounter_Group><Growth_Priorities>Extend;Level;Level;Fill;Group;</Growth_Priorities><Name>Cannibals</Name><Type>encounters</Type><Extended_Preset_Group>Bloodmage Apprentice;Cannibal;Cannibal;Cannibal;Cannibal;</Extended_Preset_Group><Preset_Group>Cannibal;Cannibal;Rabid Dog;</Preset_Group><Image>mini\unit\Neutral\arena\deserter.jpg</Image><Encounter_Subgroup>Human Scum</Encounter_Subgroup><Version>0.05</Version><Workspace_Group>Polish</Workspace_Group><Group>Playable</Group><Filler_Types>Rabid Dog;Cannibal;</Filler_Types><Rank>Neophyte</Rank></props></Cannibals><Deserters><params><Power_Minimum>96</Power_Minimum><Power_Base>116</Power_Base><Power_Maximum>239</Power_Maximum></params><props><Encounter_Type>Elite</Encounter_Type><Shrunk_Preset_Group>Bandit Archer;Deserter;Thug;</Shrunk_Preset_Group><Encounter_Group>Humans</Encounter_Group><Growth_Priorities>Extend;Level;Level;Fill;Group;Level;Group;</Growth_Priorities><Name>Deserters</Name><Type>encounters</Type><Extended_Preset_Group>Fallen Knight;Ronin Ballestero;Renegade Wizard;Deserter;Deserter;</Extended_Preset_Group><Preset_Group>Ronin Ballestero;Deserter;Deserter;</Preset_Group><Image>mini\unit\Neutral\arena\deserter.jpg</Image><Encounter_Subgroup>Human Scum</Encounter_Subgroup><Version>0.05</Version><Workspace_Group>Polish</Workspace_Group><Group>Playable</Group><Filler_Types>Deserter;</Filler_Types><Rank>Neophyte</Rank></props></Deserters><Killer_Crew><params><Spawning_Delay_Bonus>-2</Spawning_Delay_Bonus><Power_Minimum>156</Power_Minimum><Power_Base>291</Power_Base><Power_Maximum>391</Power_Maximum></params><props><Encounter_Type>Elite</Encounter_Type><Shrunk_Preset_Group>Pirate;Bandit Archer;Apostate;</Shrunk_Preset_Group><Encounter_Group>Humans</Encounter_Group><Displayed_Name>Hired Killers</Displayed_Name><Growth_Priorities>Extend;Level;Level;Fill;Group;Level;Group;</Growth_Priorities><Name>Killer Crew</Name><Type>encounters</Type><Extended_Preset_Group>Assassin;Pirate;Bounty Hunter;Ronin Ballestero;Dark Adept;</Extended_Preset_Group><Preset_Group>Pirate;Cutthroat;Bounty Hunter;Bandit Archer;Apostate;</Preset_Group><Image>mini\unit\Neutral\arena\Pirate.jpg</Image><Encounter_Subgroup>Pirates</Encounter_Subgroup><Version>0.05</Version><Workspace_Group>Polish</Workspace_Group><Group>Playable</Group><Filler_Types>Pirate;</Filler_Types><Rank>Neophyte</Rank></props></Killer_Crew><Bandit_Lord><params><Power_Minimum>129</Power_Minimum><Power_Base>108</Power_Base><Power_Maximum>266</Power_Maximum></params><props><Encounter_Type>Boss</Encounter_Type><Shrunk_Preset_Group>Fallen Knight;Deserter;Bandit Archer;</Shrunk_Preset_Group><Encounter_Group>Humans</Encounter_Group><Dev_Notes>++Slave Huntress</Dev_Notes><Growth_Priorities>Extend;Level;Level;Fill;Fill;</Growth_Priorities><Name>Bandit Lord</Name><Type>encounters</Type><Extended_Preset_Group>Bandit Lord;Bandit Archer;Renegade Wizard;Fallen Knight</Extended_Preset_Group><Preset_Group>Bandit Lord;</Preset_Group><Image>mini\char\New2\Revenant.jpg</Image><Encounter_Subgroup>Bandits</Encounter_Subgroup><Version>0.05</Version><Workspace_Group>Polish</Workspace_Group><Group>Playable</Group><Filler_Types>Bandit Archer;Deserter;Renegade Wizard;</Filler_Types><Rank>Neophyte</Rank></props></Bandit_Lord><Anti-Paladin><params><Power_Minimum>0</Power_Minimum><Power_Base>113</Power_Base><Power_Maximum>132</Power_Maximum></params><props><Encounter_Type>Boss</Encounter_Type><Shrunk_Preset_Group>Chaos Knight</Shrunk_Preset_Group><Encounter_Group>Humans</Encounter_Group><Displayed_Name>Anti-Paladin</Displayed_Name><Growth_Priorities>Extend;Level;Level;Level;Level;Fill;Fill;</Growth_Priorities><Name>Anti-Paladin</Name><Type>encounters</Type><Extended_Preset_Group>Avenger</Extended_Preset_Group><Preset_Group>Anti-Paladin</Preset_Group><Image>mini\unit\Neutral\arena\anti paladin.jpg</Image><Encounter_Subgroup>Possessed</Encounter_Subgroup><Version>0.05</Version><Group>xPlay</Group><Filler_Types>Chaos Cultist;</Filler_Types></props></Anti-Paladin><Enchantress><params><Power_Minimum>264</Power_Minimum><Power_Base>274</Power_Base><Power_Maximum>479</Power_Maximum></params><props><Encounter_Type>Boss</Encounter_Type><Shrunk_Preset_Group>Witch;Assassin;Bounty Hunter</Shrunk_Preset_Group><Encounter_Group>Humans</Encounter_Group><Dev_Notes></Dev_Notes><Displayed_Name>Enchantress</Displayed_Name><Growth_Priorities>Extend;Level;Level;</Growth_Priorities><Name>Enchantress</Name><Type>encounters</Type><Extended_Preset_Group>Enchantress;Witch;Witch;Assassin;Fallen Knight</Extended_Preset_Group><Preset_Group>Enchantress;Guardsman;Bounty Hunter</Preset_Group><Image>mini\char\Arcanum\witch king\secondary\Enchantress.jpg</Image><Encounter_Subgroup>Wizards</Encounter_Subgroup><Version>0.05</Version><Workspace_Group>Polish</Workspace_Group><Group>Playable</Group><Filler_Types></Filler_Types><Rank>Adept</Rank></props></Enchantress><Warlock><params><Power_Minimum>264</Power_Minimum><Power_Base>274</Power_Base><Power_Maximum>479</Power_Maximum></params><props><Encounter_Type>Boss</Encounter_Type><Shrunk_Preset_Group>Witch;Assassin;Bounty Hunter</Shrunk_Preset_Group><Encounter_Group>Humans</Encounter_Group><Dev_Notes></Dev_Notes><Displayed_Name>Warlock</Displayed_Name><Growth_Priorities>Extend;Level;Level;</Growth_Priorities><Name>Warlock</Name><Type>encounters</Type><Extended_Preset_Group>Enchantress;Witch;Witch;Assassin;Fallen Knight</Extended_Preset_Group><Preset_Group>Enchantress;Guardsman;Bounty Hunter</Preset_Group><Image>mini\char\Arcanum\Witch Lord2.jpg</Image><Encounter_Subgroup>Arcane Apostates</Encounter_Subgroup><Version>0.05</Version><Workspace_Group>Polish</Workspace_Group><Group>Playable</Group><Filler_Types></Filler_Types><Rank>Adept</Rank></props></Warlock><Sorceress><params><Power_Maximum>479</Power_Maximum><Power_Minimum>264</Power_Minimum><Power_Base>274</Power_Base></params><props><Encounter_Type>Boss</Encounter_Type><Shrunk_Preset_Group>Witch;Assassin;Bounty Hunter</Shrunk_Preset_Group><Encounter_Group>Humans</Encounter_Group><Dev_Notes></Dev_Notes><Displayed_Name>Sorceress</Displayed_Name><Growth_Priorities>Extend;Level;Level;</Growth_Priorities><Name>Sorceress</Name><Type>encounters</Type><Extended_Preset_Group>Enchantress;Witch;Witch;Assassin;Fallen Knight</Extended_Preset_Group><Preset_Group>Enchantress;Guardsman;Bounty Hunter</Preset_Group><Image>mini\char\Arcanum\witch king\Fiona.jpg</Image><Encounter_Subgroup>Arcane Apostates</Encounter_Subgroup><Version>0.05</Version><Workspace_Group>Polish</Workspace_Group><Group>Playable</Group><Filler_Types></Filler_Types><Rank>Adept</Rank></props></Sorceress><Conjurer><params><Power_Minimum>264</Power_Minimum><Power_Base>274</Power_Base><Power_Maximum>479</Power_Maximum></params><props><Encounter_Type>Boss</Encounter_Type><Shrunk_Preset_Group>Witch;Assassin;Bounty Hunter</Shrunk_Preset_Group><Encounter_Group>Humans</Encounter_Group><Dev_Notes></Dev_Notes><Displayed_Name>Conjurer</Displayed_Name><Growth_Priorities>Extend;Level;Level;</Growth_Priorities><Name>Conjurer</Name><Type>encounters</Type><Extended_Preset_Group>Enchantress;Witch;Witch;Assassin;Fallen Knight</Extended_Preset_Group><Preset_Group>Enchantress;Guardsman;Bounty Hunter</Preset_Group><Image>mini\char\Arcanum\Regulus.jpg</Image><Encounter_Subgroup>Wizards</Encounter_Subgroup><Version>0.05</Version><Workspace_Group>Polish</Workspace_Group><Group>Playable</Group><Filler_Types></Filler_Types><Rank>Adept</Rank></props></Conjurer><Cutthroats><params><Spawning_Delay_Bonus>-1</Spawning_Delay_Bonus><Spawning_Delay_Mod>75</Spawning_Delay_Mod><Power_Minimum>91</Power_Minimum><Power_Base>163</Power_Base><Power_Maximum>204</Power_Maximum></params><props><Encounter_Type>Regular</Encounter_Type><Shrunk_Preset_Group>Bandit Archer;Thief;Thief;</Shrunk_Preset_Group><Encounter_Group>Humans</Encounter_Group><Displayed_Name>Cutthroats</Displayed_Name><Growth_Priorities>Extend;Level;Fill;Group;Level;Level;Group;</Growth_Priorities><Name>Cutthroats</Name><Type>encounters</Type><Extended_Preset_Group>Cutthroat;Bandit Archer;Marauder;Thief;Thief;</Extended_Preset_Group><Preset_Group>Bandit Archer;Apostate;Thief;Thief;Thug;</Preset_Group><Image>mini\char\std\human\Generic\2rogue\w_Adventuress.jpg</Image><Encounter_Subgroup>Bandits</Encounter_Subgroup><Version>0.05</Version><Workspace_Group>Polish</Workspace_Group><Group>Playable</Group><Filler_Types>Thief;</Filler_Types><Rank>Neophyte</Rank></props></Cutthroats></Humans><Giants><Hill_Giants><params><Power_Minimum>228</Power_Minimum><Power_Base>342</Power_Base><Power_Maximum>380</Power_Maximum></params><props><Encounter_Type>Regular</Encounter_Type><Shrunk_Preset_Group>Hill Giant;Hill Giant;</Shrunk_Preset_Group><Encounter_Group>Giants</Encounter_Group><Displayed_Name>Hill Giants</Displayed_Name><Growth_Priorities>Extend;Level;Level;Fill;Fill;Group;</Growth_Priorities><Name>Hill Giants</Name><Type>encounters</Type><Extended_Preset_Group>Mountain Giant;Hill Giant;Hill Giant;</Extended_Preset_Group><Preset_Group>Hill Giant;Hill Giant;Hill Giant;</Preset_Group><Image>mini\unit\new\1giant.jpg</Image><Encounter_Subgroup>Giants</Encounter_Subgroup><Version>0.05</Version><Workspace_Group>Polish</Workspace_Group><Group>Playable</Group><Filler_Types>Hill Giant;Grey Eagle;</Filler_Types><Rank>Neophyte</Rank></props></Hill_Giants><Mountain_Giants><params><Power_Minimum>152</Power_Minimum><Power_Base>322</Power_Base><Power_Maximum>409</Power_Maximum></params><props><Encounter_Type>Elite</Encounter_Type><Shrunk_Preset_Group>Mountain Giant;</Shrunk_Preset_Group><Encounter_Group>Giants</Encounter_Group><Displayed_Name>Mountain Giants</Displayed_Name><Growth_Priorities>Extend;Level;Level;Fill;Fill;Group;</Growth_Priorities><Name>Mountain Giants</Name><Type>encounters</Type><Extended_Preset_Group>Mountain Giant;Mountain Giant;Griff;</Extended_Preset_Group><Preset_Group>Mountain Giant;Rox;Rox;</Preset_Group><Image>mini\unit\new\2giant.jpg</Image><Encounter_Subgroup>Giants</Encounter_Subgroup><Version>0.05</Version><Workspace_Group>Polish</Workspace_Group><Group>Playable</Group><Filler_Types>Mountain Giant;Rox;</Filler_Types><Rank>Neophyte</Rank></props></Mountain_Giants><Storm_Giant><params><Power_Minimum>285</Power_Minimum><Power_Base>517</Power_Base><Power_Maximum>1034</Power_Maximum></params><props><Encounter_Type>Boss</Encounter_Type><Shrunk_Preset_Group>Storm Giant;</Shrunk_Preset_Group><Encounter_Group>Giants</Encounter_Group><Displayed_Name>Storm Giant</Displayed_Name><Growth_Priorities>Extend;Level;Level;Fill;Fill;</Growth_Priorities><Name>Storm Giant</Name><Type>encounters</Type><Extended_Preset_Group>Storm Giant;Storm Giant;Valkyrie;Valkyrie</Extended_Preset_Group><Preset_Group>Storm Giant;Valkyrie</Preset_Group><Image>mini\unit\new\3giant.jpg</Image><Encounter_Subgroup>Giants</Encounter_Subgroup><Version>0.05</Version><Workspace_Group>Polish</Workspace_Group><Group>Playable</Group><Filler_Types>Storm Giant;Valkyrie</Filler_Types><Rank>Neophyte</Rank></props></Storm_Giant><Frost_Giant><params><Power_Minimum>232</Power_Minimum><Power_Base>464</Power_Base><Power_Maximum>928</Power_Maximum></params><props><Encounter_Type>Boss</Encounter_Type><Shrunk_Preset_Group>Frost Giant;</Shrunk_Preset_Group><Encounter_Group>Giants</Encounter_Group><Displayed_Name>Frost Giant</Displayed_Name><Growth_Priorities>Extend;Level;Level;Fill;Fill;</Growth_Priorities><Name>Frost Giant</Name><Type>encounters</Type><Extended_Preset_Group>Frost Giant;Frost Giant;Giantess;Giantess;</Extended_Preset_Group><Preset_Group>Frost Giant;Giantess;</Preset_Group><Image>mini\unit\new\5giant.jpg</Image><Encounter_Subgroup>Giants</Encounter_Subgroup><Version>0.05</Version><Workspace_Group>Polish</Workspace_Group><Group>Playable</Group><Filler_Types>Giantess;Frost Giant</Filler_Types><Rank>Neophyte</Rank></props></Frost_Giant></Giants><Dark><Shades><params><Spawning_Delay_Bonus>0</Spawning_Delay_Bonus><Power_Minimum>136</Power_Minimum><Power_Base>204</Power_Base><Power_Maximum>235</Power_Maximum></params><props><Encounter_Type>Regular</Encounter_Type><Shrunk_Preset_Group>Shade;Shade;</Shrunk_Preset_Group><Encounter_Group>Dark</Encounter_Group><Displayed_Name>Shades</Displayed_Name><Growth_Priorities>Extend;Level;Level;Level;Group;</Growth_Priorities><Name>Shades</Name><Type>encounters</Type><Extended_Preset_Group>Shadow;Shade;Shade;</Extended_Preset_Group><Preset_Group>Shade;Shade;Shade;</Preset_Group><Image>mini\unit\Darkness\Shade.jpg</Image><Encounter_Subgroup>Wraiths</Encounter_Subgroup><Version>0.05</Version><Workspace_Group>Polish</Workspace_Group><Group>Playable</Group><Filler_Types></Filler_Types></props></Shades><Nightmare><params><Power_Minimum>124</Power_Minimum><Power_Base>124</Power_Base><Power_Maximum>248</Power_Maximum></params><props><Encounter_Type>Boss</Encounter_Type><Extended_Preset_Group>Nightmare;Nightmare</Extended_Preset_Group><Shrunk_Preset_Group>Nightmare</Shrunk_Preset_Group><Image>mini\unit\Darkness\Nightmare.jpg</Image><Preset_Group>Nightmare</Preset_Group><Encounter_Group>Dark</Encounter_Group><Version>0.1001</Version><Group>Playable</Group><Filler_Types>Shade</Filler_Types><Growth_Priorities>Extend;Level;Level;Level;Fill;</Growth_Priorities><Name>Nightmare</Name><Type>encounters</Type></props></Nightmare></Dark><Greenskins><Goblins><params><Spawning_Delay_Bonus>-1</Spawning_Delay_Bonus><Power_Minimum>74</Power_Minimum><Power_Base>130</Power_Base><Power_Maximum>158</Power_Maximum></params><props><Encounter_Type>Regular</Encounter_Type><Shrunk_Preset_Group>Goblin Ambusher;Goblin Poacher;Goblin Poacher;</Shrunk_Preset_Group><Encounter_Group>Greenskins</Encounter_Group><Growth_Priorities>Extend;Level;Group;Level;Fill;Fill;Group;Extend;</Growth_Priorities><Name>Goblins</Name><Type>encounters</Type><Extended_Preset_Group>Goblin Skirmisher;Goblin Ambusher;Goblin Ambusher;Goblin Watchman;Goblin Poacher;</Extended_Preset_Group><Preset_Group>Goblin Ambusher;Goblin Watchman;Goblin Poacher;Goblin Poacher;Goblin Poacher;</Preset_Group><Image>mini\char\std\orc\goplen2.jpg</Image><Encounter_Subgroup>Goblins</Encounter_Subgroup><Boss_Type>Orc Ravager</Boss_Type><Version>0.05</Version><Workspace_Group>Focus</Workspace_Group><Group>Playable</Group><Filler_Types>Goblin Poacher;Goblin Ambusher;Goblin Watchman;</Filler_Types></props></Goblins><Orc_Khan><params><Power_Minimum>104</Power_Minimum><Power_Base>299</Power_Base><Power_Maximum>471</Power_Maximum></params><props><Encounter_Type>Boss</Encounter_Type><Shrunk_Preset_Group>Orc Champion;</Shrunk_Preset_Group><Encounter_Group>Greenskins</Encounter_Group><Displayed_Name>Orc Khan</Displayed_Name><Growth_Priorities>Extend;Fill;Fill;Level;Level;</Growth_Priorities><Name>Orc Khan</Name><Type>encounters</Type><Extended_Preset_Group>Orc Khan;Orc Executioner;Orc Executioner;Orc Champion;Orc Ravager;</Extended_Preset_Group><Preset_Group>Orc Khan;Orc Executioner;Orc Ravager;</Preset_Group><Image>mini\unit\Neutral\arena\ork khan.jpg</Image><Encounter_Subgroup>Orcs</Encounter_Subgroup><Version>0.05</Version><Group>Playable</Group><Filler_Types>Orc Executioner;Orc Executioner;Orc Champion;Orc Ravager;</Filler_Types></props></Orc_Khan><Orcs><params><Power_Minimum>135</Power_Minimum><Power_Base>179</Power_Base><Power_Maximum>282</Power_Maximum></params><props><Encounter_Type>Elite</Encounter_Type><Shrunk_Preset_Group>Orc Raider;Orc Raider;Orc Raider;</Shrunk_Preset_Group><Encounter_Group>Greenskins</Encounter_Group><Growth_Priorities>Extend;Level;Level;Fill;Group;Level;Group;</Growth_Priorities><Name>Orcs</Name><Type>encounters</Type><Extended_Preset_Group>Orc Champion;Orc Ravager;Orc Ravager;</Extended_Preset_Group><Preset_Group>Orc Ravager;Orc Raider;Orc Raider;</Preset_Group><Image>mini\unit\Neutral\New folder (4)\ork.jpg</Image><Encounter_Subgroup>Orcs</Encounter_Subgroup><Version>0.05</Version><Workspace_Group>Polish</Workspace_Group><Group>Playable</Group><Filler_Types>Orc Raider;</Filler_Types><Rank>Neophyte</Rank></props></Orcs></Greenskins><Undead><Undead_Minions><params><Power_Minimum>111</Power_Minimum><Power_Base>139</Power_Base><Power_Maximum>128</Power_Maximum></params><props><Encounter_Type>Regular</Encounter_Type><Shrunk_Preset_Group>Skeleton Archer;Zombie;Skeleton;</Shrunk_Preset_Group><Encounter_Group>Undead</Encounter_Group><Growth_Priorities>Extend;Level;Group;Fill;Level;</Growth_Priorities><Name>Undead Minions</Name><Type>encounters</Type><Extended_Preset_Group>Skeleton Warrior;Skeleton Archer;Skeleton Archer;Zombie;Skeleton Warrior;</Extended_Preset_Group><Preset_Group>Skeleton Archer;Skeleton Warrior;Zombie;Skeleton;Skeleton;</Preset_Group><Image>mini\unit\Death\Necropolis.jpg</Image><Encounter_Subgroup>Undead</Encounter_Subgroup><Boss_Type>Skeleton Warrior</Boss_Type><Version>0.05</Version><Workspace_Group>Polish</Workspace_Group><Group>Playable</Group><Filler_Types>Skeleton Archer;Zombie;Skeleton;</Filler_Types></props></Undead_Minions><Plague_Bearers><params><Power_Minimum>90</Power_Minimum><Power_Base>138</Power_Base><Power_Maximum>144</Power_Maximum></params><props><Encounter_Type>Regular</Encounter_Type><Shrunk_Preset_Group>Plague Bearer;Infested Husk;Infested Husk;Plague Rat;Plague Rat</Shrunk_Preset_Group><Encounter_Group>Undead</Encounter_Group><Growth_Priorities>Level;Group;Fill;Level;Group;Extend;</Growth_Priorities><Name>Plague Bearers</Name><Type>encounters</Type><Extended_Preset_Group>Plague Zombie;Plague Zombie;Plague Zombie;Infested Husk;Infested Husk;</Extended_Preset_Group><Preset_Group>Plague Bearer;Plague Bearer;Plague Bearer;Infested Husk;Infested Husk;</Preset_Group><Image>mini\unit\Death\Plague Bearer.jpg</Image><Encounter_Subgroup>Putrid Undead</Encounter_Subgroup><Version>0.05</Version><Group>Playable</Group><Filler_Types>Plague Rat;Infested Husk;Plague Bearer;</Filler_Types></props></Plague_Bearers><Hungry_Dead><params><Power_Minimum>154</Power_Minimum><Power_Base>264</Power_Base><Power_Maximum>291</Power_Maximum></params><props><Encounter_Type>Regular</Encounter_Type><Shrunk_Preset_Group>Blood Ghast;Ghast Zombie;Ghast Zombie;</Shrunk_Preset_Group><Encounter_Group>Undead</Encounter_Group><Growth_Priorities>Extend;Level;Level;Group;Fill;</Growth_Priorities><Name>Hungry Dead</Name><Type>encounters</Type><Extended_Preset_Group>Blood Revenant;Ghoul;Ghoul;Blood Ghast;Blood Ghast;</Extended_Preset_Group><Preset_Group>Ghoul;Blood Ghast;Blood Ghast;Ghast Zombie;Ghast Zombie;</Preset_Group><Image>mini\unit\Death\Blood Revenant.jpg</Image><Encounter_Subgroup>Gory Undead</Encounter_Subgroup><Boss_Type>Skeleton Warrior</Boss_Type><Version>0.05</Version><Group>Playable</Group><Filler_Types>Ghast Zombie;Blood Ghast;</Filler_Types></props></Hungry_Dead><Undead_Beasts><params><Power_Minimum>96</Power_Minimum><Power_Base>129</Power_Base><Power_Maximum>354</Power_Maximum></params><props><Encounter_Type>Regular</Encounter_Type><Shrunk_Preset_Group>Zombie Beast;Skeletal Beast;Skeletal Beast;</Shrunk_Preset_Group><Encounter_Group>Undead</Encounter_Group><Growth_Priorities>Extend;Level;Level;Group;Fill;Level;</Growth_Priorities><Name>Undead Beasts</Name><Type>encounters</Type><Extended_Preset_Group>Vampire Beast;Wraith Beast;Wraith Beast;Undead Beast;Undead Beast;</Extended_Preset_Group><Preset_Group>Undead Beast;Skeletal Beast;Zombie Beast;</Preset_Group><Image>mini\unit\Death\Undead Wulfen.jpg</Image><Encounter_Subgroup>Undead</Encounter_Subgroup><Version>0.05</Version><Group>Playable</Group><Filler_Types>Skeletal Beast</Filler_Types></props></Undead_Beasts><Wraiths><params><Power_Minimum>137</Power_Minimum><Power_Base>225</Power_Base><Power_Maximum>285</Power_Maximum></params><props><Encounter_Type>Elite</Encounter_Type><Shrunk_Preset_Group>Ghost;Lucent Wisp;Will-o-Wisp;</Shrunk_Preset_Group><Encounter_Group>Undead</Encounter_Group><Growth_Priorities>Extend;Fill;Level;Level;Group;</Growth_Priorities><Name>Wraiths</Name><Type>encounters</Type><Extended_Preset_Group>Wraith;Ghost;Ghost;</Extended_Preset_Group><Preset_Group>Ghost;Ghost;Ghost;</Preset_Group><Image>mini\unit\Death\Ghost2.jpg</Image><Encounter_Subgroup>Wraiths</Encounter_Subgroup><Boss_Type>Ghost</Boss_Type><Version>0.05</Version><Group>Playable</Group><Filler_Types>Wraith;</Filler_Types></props></Wraiths><Blood_Thralls><params><Power_Minimum>277</Power_Minimum><Power_Base>316</Power_Base><Power_Maximum>361</Power_Maximum></params><props><Encounter_Type>Elite</Encounter_Type><Shrunk_Preset_Group>Blood Revenant;Blood Ghast;Blood Ghast;Ghast Zombie;Ghast Zombie;</Shrunk_Preset_Group><Encounter_Group>Undead</Encounter_Group><Growth_Priorities>Extend;Level;Level;Group;Fill;</Growth_Priorities><Name>Blood Thralls</Name><Type>encounters</Type><Extended_Preset_Group>Crimson Champion;Blood Revenant;Blood Revenant;Blood Ghast;Blood Ghast;</Extended_Preset_Group><Preset_Group>Blood Revenant;Blood Ghast;Ghast Zombie;Blood Revenant;Blood Revenant;</Preset_Group><Image>mini\unit\Death\next\Undead Minion.jpg</Image><Encounter_Subgroup>Gory Undead</Encounter_Subgroup><Boss_Type>Blood Revenant</Boss_Type><Version>0.05</Version><Group>Playable</Group><Filler_Types>Blood Ghast;</Filler_Types></props></Blood_Thralls><Death_Lord><params><Power_Minimum>125</Power_Minimum><Power_Base>315</Power_Base><Power_Maximum>531</Power_Maximum></params><props><Encounter_Type>Boss</Encounter_Type><Shrunk_Preset_Group>Death Knight;</Shrunk_Preset_Group><Encounter_Group>Undead</Encounter_Group><Growth_Priorities>Extend;Level;Level;Level;Fill;</Growth_Priorities><Name>Death Lord</Name><Type>encounters</Type><Extended_Preset_Group>Death Lord;Revenant;Revenant;</Extended_Preset_Group><Preset_Group>Death Lord</Preset_Group><Image>mini\unit\Darkness\Twilight Angel.jpg</Image><Encounter_Subgroup>Wraiths</Encounter_Subgroup><Boss_Type>Death Lord</Boss_Type><Version>0.05</Version><Group>Playable</Group><Filler_Types>Ghost</Filler_Types></props></Death_Lord><Vampire_Lord><params><Power_Minimum>89</Power_Minimum><Power_Base>160</Power_Base><Power_Maximum>285</Power_Maximum></params><props><Encounter_Type>Boss</Encounter_Type><Shrunk_Preset_Group>Vampire</Shrunk_Preset_Group><Encounter_Group>Undead</Encounter_Group><Growth_Priorities>Extend;Level;Level;Level;Fill;</Growth_Priorities><Name>Vampire Lord</Name><Type>encounters</Type><Extended_Preset_Group>Vampire Lord;Lich;</Extended_Preset_Group><Preset_Group>Vampire Lord</Preset_Group><Image>mini\char\Death\Arch Vampire.jpg</Image><Encounter_Subgroup>Vampires</Encounter_Subgroup><Boss_Type>Vampire Lord</Boss_Type><Version>0.05</Version><Group>Playable</Group><Filler_Types>Blood Ghast</Filler_Types></props></Vampire_Lord><Undead_Monstrocity><params><Power_Minimum>62</Power_Minimum><Power_Base>89</Power_Base><Power_Maximum>0</Power_Maximum></params><props><Encounter_Type>Boss</Encounter_Type><Shrunk_Preset_Group>Vampire Beast;</Shrunk_Preset_Group><Encounter_Group>Undead</Encounter_Group><Growth_Priorities>Extend;Level;Fill;Fill;Level;Level;</Growth_Priorities><Name>Undead Monstrocity</Name><Type>encounters</Type><Extended_Preset_Group>Dracolich;</Extended_Preset_Group><Preset_Group>Undead Monstrocity</Preset_Group><Image>mini\unit\Death\next\scourge.jpg</Image><Encounter_Subgroup>Undead</Encounter_Subgroup><Version>0.05</Version><Group>Playable</Group><Filler_Types>Undead Beast</Filler_Types></props></Undead_Monstrocity><Corpseborn><params><Power_Minimum>87</Power_Minimum><Power_Base>167</Power_Base><Power_Maximum>254</Power_Maximum></params><props><Encounter_Type>Boss</Encounter_Type><Shrunk_Preset_Group>Corpseborn;</Shrunk_Preset_Group><Encounter_Group>Undead</Encounter_Group><Growth_Priorities>Extend;Level;Level;Level;Fill;</Growth_Priorities><Name>Corpseborn</Name><Type>encounters</Type><Extended_Preset_Group>Corpseborn;Corpseborn;Death Worshipper;Plague Servant;</Extended_Preset_Group><Preset_Group>Corpseborn;Death Worshipper;Plague Servant;</Preset_Group><Image>mini\unit\Arcanum\Witch King\grimgrincorpseborn.jpg</Image><Encounter_Subgroup>Putrid Undead</Encounter_Subgroup><Version>0.05</Version><Group>Playable</Group><Filler_Types>Carrion Beetle;Plague Rat;</Filler_Types></props></Corpseborn><Lich><params><Power_Minimum>125</Power_Minimum><Power_Base>125</Power_Base><Power_Maximum>285</Power_Maximum></params><props><Encounter_Type>Boss</Encounter_Type><Shrunk_Preset_Group>Lich;</Shrunk_Preset_Group><Encounter_Group>Undead</Encounter_Group><Growth_Priorities>Level;</Growth_Priorities><Name>Lich</Name><Type>encounters</Type><Extended_Preset_Group>Vampire Lord;Lich;</Extended_Preset_Group><Preset_Group>Lich;</Preset_Group><Image>mini\char\Death\plague lord2.jpg</Image><Encounter_Subgroup>Undead</Encounter_Subgroup><Boss_Type>Lich;</Boss_Type><Version>0.05</Version><Group>Playable</Group></props></Lich></Undead><Demons><Lesser_Demons><params><Power_Minimum>98</Power_Minimum><Power_Base>136</Power_Base><Power_Maximum>190</Power_Maximum></params><props><Encounter_Type>Regular</Encounter_Type><Shrunk_Preset_Group>Hellguard;Imp;Familiar;</Shrunk_Preset_Group><Encounter_Group>Demons</Encounter_Group><Growth_Priorities>Level;Level;Fill;Fill;Extend;</Growth_Priorities><Name>Lesser Demons</Name><Type>encounters</Type><Extended_Preset_Group>Demon Brute;Imp;Imp;Imp;Hellguard;</Extended_Preset_Group><Preset_Group>Demon Brute;Imp;Hellguard;Familiar;</Preset_Group><Image>mini\unit\Chaos\Familiar.jpg</Image><Encounter_Subgroup>Demons</Encounter_Subgroup><Boss_Type>Imp</Boss_Type><Version>0.05</Version><Workspace_Group>Polish</Workspace_Group><Group>Playable</Group><Filler_Types>Familiar;Hellguard;Imp;</Filler_Types></props></Lesser_Demons><Possessed><params><Turns_In_Game>0</Turns_In_Game><Group_Number>0</Group_Number><Max_Group_Number>0</Max_Group_Number><Min_Group_Number>0</Min_Group_Number><Power_Level>0</Power_Level><Unit_Number>0</Unit_Number><Max_Unit_Per_Group>0</Max_Unit_Per_Group><Spawning_Delay_Bonus>-1</Spawning_Delay_Bonus><Power_Minimum>58</Power_Minimum><Power_Base>87</Power_Base><Power_Maximum>114</Power_Maximum></params><props><Encounter_Type>Regular</Encounter_Type><Shrunk_Preset_Group>Possessed;Possessed;</Shrunk_Preset_Group><Encounter_Group>Demons</Encounter_Group><Displayed_Name>Possessed</Displayed_Name><Known_Spells></Known_Spells><Growth_Priorities>Level;Extend;Level;Fill;Level;Fill;Group;</Growth_Priorities><Name>Possessed</Name><Type>encounters</Type><Extended_Preset_Group>Chaos Apostate;Cannibal;Cannibal;</Extended_Preset_Group><Preset_Group>Possessed;Possessed;Possessed;</Preset_Group><Image>mini\char\Chaos\Possessed.jpg</Image><Encounter_Subgroup>Possessed</Encounter_Subgroup><Version>0.05</Version><Spellbook></Spellbook><Group>Playable</Group><Filler_Types>Possessed;</Filler_Types></props></Possessed><Demons_of_Abyss><params><Power_Minimum>145</Power_Minimum><Power_Base>231</Power_Base><Power_Maximum>539</Power_Maximum></params><props><Encounter_Type>Elite</Encounter_Type><Shrunk_Preset_Group>Demon Carnifex;Demon Brute;Hellguard;</Shrunk_Preset_Group><Encounter_Group>Demons</Encounter_Group><Growth_Priorities>Extend;Level;Fill;Level;Level;Group;</Growth_Priorities><Name>Demons of Abyss</Name><Type>encounters</Type><Extended_Preset_Group>Demon Lord;Devil Mage;Succubus;Fiend;Infernal Golem;</Extended_Preset_Group><Preset_Group>Devil Mage;Fiend;Demon Carnifex;</Preset_Group><Image>mini\unit\Chaos\devil.jpg</Image><Encounter_Subgroup>Fire Demons</Encounter_Subgroup><Boss_Type>Demon Vindicator</Boss_Type><Version>0.05</Version><Group>Playable</Group><Filler_Types>Fiend;</Filler_Types></props></Demons_of_Abyss><Greater_Demons><params><Power_Minimum>153</Power_Minimum><Power_Base>222</Power_Base><Power_Maximum>439</Power_Maximum></params><props><Encounter_Type>Elite</Encounter_Type><Shrunk_Preset_Group>Demon Carnifex;Demon Gorger;</Shrunk_Preset_Group><Encounter_Group>Demons</Encounter_Group><Growth_Priorities>Extend;Level;Level;Fill;Fill;Group;</Growth_Priorities><Name>Greater Demons</Name><Type>encounters</Type><Extended_Preset_Group>Demon Vindicator;Demon Gorger;Demon Gorger;Demon Carnifex;Demon Carnifex;</Extended_Preset_Group><Preset_Group>Demon Gorger;Demon Carnifex;Demon Carnifex;</Preset_Group><Image>mini\unit\Chaos\Demon Gorger.jpg</Image><Encounter_Subgroup>Demons</Encounter_Subgroup><Boss_Type>Demon Vindicator;Demon Vindicator;</Boss_Type><Version>0.05</Version><Group>Playable</Group><Filler_Types>Demon Brute;Demon Carnifex;Demon Gorger;</Filler_Types></props></Greater_Demons><Warp_Champions><params><Power_Minimum>110</Power_Minimum><Power_Base>275</Power_Base><Power_Maximum>445</Power_Maximum></params><props><Encounter_Type>Elite</Encounter_Type><Shrunk_Preset_Group>Mistress;Familiar;Familiar;</Shrunk_Preset_Group><Encounter_Group>Demons</Encounter_Group><Growth_Priorities>Extend;Level;Level;Level;Fill;Fill;</Growth_Priorities><Name>Warp Champions</Name><Type>encounters</Type><Extended_Preset_Group>Succubus;Incubus;Demon Tormentor;Mistress;</Extended_Preset_Group><Preset_Group>Demon Tormentor;Mistress;Mistress;Familiar;Familiar;</Preset_Group><Image>mini\unit\Chaos\Demon Tormentor.jpg</Image><Encounter_Subgroup>Warp Demons</Encounter_Subgroup><Version>0.05</Version><Group>Playable</Group><Filler_Types>Familiar;Mistress;</Filler_Types></props></Warp_Champions><Lord_of_Abyss><params><Power_Minimum>133</Power_Minimum><Power_Base>280</Power_Base><Power_Maximum>266</Power_Maximum></params><props><Encounter_Type>Boss</Encounter_Type><Shrunk_Preset_Group>Demon Vindicator;</Shrunk_Preset_Group><Encounter_Group>Demons</Encounter_Group><Growth_Priorities>Extend;Level Up;Level Up;Fill;</Growth_Priorities><Name>Lord of Abyss</Name><Type>encounters</Type><Extended_Preset_Group>Demon Vindicator;Demon Vindicator;</Extended_Preset_Group><Preset_Group>Demon Prince;</Preset_Group><Image>mini\unit\Chaos\Demon Prince.jpg</Image><Encounter_Subgroup>Demons</Encounter_Subgroup><Boss_Type>Demon Vindicator;Demon Vindicator;</Boss_Type><Version>0.05</Version><Group>x</Group><Filler_Types>Demon Carnifex;Demon Gorger;</Filler_Types></props></Lord_of_Abyss><Abyssal_Fiend><params><Power_Minimum>133</Power_Minimum><Power_Base>133</Power_Base><Power_Maximum>0</Power_Maximum></params><props><Encounter_Type>Boss</Encounter_Type><Shrunk_Preset_Group>Demon Vindicator</Shrunk_Preset_Group><Encounter_Group>Demons</Encounter_Group><Growth_Priorities>Extend;Level;Level;Level;Fill;</Growth_Priorities><Name>Abyssal Fiend</Name><Type>encounters</Type><Extended_Preset_Group>Lord of Abyss</Extended_Preset_Group><Preset_Group>Abyssal Fiend</Preset_Group><Image>mini\unit\Chaos\Abomination.jpg</Image><Encounter_Subgroup>Demons</Encounter_Subgroup><Version>0.05</Version><Group>Playable</Group><Filler_Types>Demon Carnifex</Filler_Types></props></Abyssal_Fiend><Demon_Lord><params><Power_Minimum>133</Power_Minimum><Power_Base>133</Power_Base><Power_Maximum>280</Power_Maximum></params><props><Encounter_Type>Boss</Encounter_Type><Shrunk_Preset_Group>Demon Vindicator</Shrunk_Preset_Group><Encounter_Group>Demons</Encounter_Group><Growth_Priorities>Extend;Level;Level;Level;Fill;</Growth_Priorities><Name>Demon Lord</Name><Type>encounters</Type><Extended_Preset_Group>Demon Prince;</Extended_Preset_Group><Preset_Group>Demon Lord</Preset_Group><Image>mini\char\Chaos\Carnifex.jpg</Image><Encounter_Subgroup>Fire Demons</Encounter_Subgroup><Version>0.05</Version><Group>Playable</Group><Filler_Types>Demon Carnifex</Filler_Types></props></Demon_Lord></Demons><Goblinoid><Ogre><params><Power_Minimum>228</Power_Minimum><Power_Base>114</Power_Base><Power_Maximum>342</Power_Maximum></params><props><Encounter_Type>Boss</Encounter_Type><Shrunk_Preset_Group>Ogre;Ogre;</Shrunk_Preset_Group><Encounter_Group>Goblinoid</Encounter_Group><Displayed_Name>Ogre</Displayed_Name><Growth_Priorities>Extend;Level;Level;</Growth_Priorities><Name>Ogre</Name><Type>encounters</Type><Extended_Preset_Group>Ogre;Ogre;Ogre;</Extended_Preset_Group><Preset_Group>Ogre;</Preset_Group><Image>mini\unit\Neutral\arena\Ogre.jpg</Image><Encounter_Subgroup>Orcs</Encounter_Subgroup><Version>0.05</Version><Group>Playable</Group><Filler_Types></Filler_Types></props></Ogre><Troll><params><Power_Minimum>310</Power_Minimum><Power_Base>155</Power_Base><Power_Maximum>465</Power_Maximum></params><props><Encounter_Type>Boss</Encounter_Type><Shrunk_Preset_Group>Troll;Troll;</Shrunk_Preset_Group><Encounter_Group>Goblinoid</Encounter_Group><Displayed_Name>Troll</Displayed_Name><Growth_Priorities>Extend;Level;Level;</Growth_Priorities><Name>Troll</Name><Type>encounters</Type><Extended_Preset_Group>Troll;Troll;Troll;</Extended_Preset_Group><Preset_Group>Troll</Preset_Group><Image>mini\unit\New2\3troll.jpg</Image><Encounter_Subgroup>Swamp</Encounter_Subgroup><Version>0.05</Version><Group>Playable</Group><Filler_Types></Filler_Types></props></Troll></Goblinoid><Dungeon><Dungeon_Monsters><params><Power_Minimum>158</Power_Minimum><Power_Base>242</Power_Base><Power_Maximum>357</Power_Maximum></params><props><Encounter_Type>Regular</Encounter_Type><Shrunk_Preset_Group>Evil Eye;Troglodyte;Harpy;Troglodyte</Shrunk_Preset_Group><Encounter_Group>Dungeon</Encounter_Group><Growth_Priorities>Extend;Level;Group;Fill;Level;Group;</Growth_Priorities><Name>Dungeon Monsters</Name><Type>encounters</Type><Extended_Preset_Group>Harpy;Guardian of the Underworld;Evil Eye;Minotaur;Harpy;</Extended_Preset_Group><Preset_Group>Evil Eye;Troglodyte;Minotaur;Troglodyte;Harpy</Preset_Group><Image>mini\unit\Darkness\Evil Eye.jpg</Image><Encounter_Subgroup>Dungeon Monsters</Encounter_Subgroup><Boss_Type>Evil Eye</Boss_Type><Version>0.05</Version><Group>Playable</Group><Filler_Types>Troglodyte;Harpy;Minotaur</Filler_Types></props></Dungeon_Monsters><Dungeon_Critters><params><Power_Minimum>77</Power_Minimum><Power_Base>127</Power_Base><Power_Maximum>155</Power_Maximum></params><props><Encounter_Type>Regular</Encounter_Type><Shrunk_Preset_Group>Spiderling;Stag Beetle;Rhino Beetle</Shrunk_Preset_Group><Encounter_Group>Dungeon</Encounter_Group><Growth_Priorities>Level;Group;Level;Extend;Group;Fill;</Growth_Priorities><Name>Dungeon Critters</Name><Type>encounters</Type><Extended_Preset_Group>Deadly Spider;Deadly Spider;Deadly Spider;Stag Beetle;Rhino Beetle</Extended_Preset_Group><Preset_Group>Deadly Spider;Spiderling;Spiderling;Stag Beetle;Rhino Beetle;</Preset_Group><Image>mini\unit\Arcanum\familiar\beetle.jpg</Image><Encounter_Subgroup>Critters</Encounter_Subgroup><Boss_Type>Deadly Spider</Boss_Type><Version>0.05</Version><Group>Playable</Group><Filler_Types>Spiderling;Stag Beetle;Rhino Beetle</Filler_Types></props></Dungeon_Critters><Colony_Brood><params><Power_Minimum>80</Power_Minimum><Power_Base>118</Power_Base><Power_Maximum>160</Power_Maximum></params><props><Encounter_Type>Regular</Encounter_Type><Shrunk_Preset_Group>Colony Harvester;Colony Drone;Colony Harvester;Colony Drone;</Shrunk_Preset_Group><Encounter_Group>Dungeon</Encounter_Group><Growth_Priorities>Group;Group;Level;Fill;Extend;</Growth_Priorities><Name>Colony Brood</Name><Type>encounters</Type><Extended_Preset_Group>Colony Overseer;Colony Overseer;Colony Harvester;Colony Harvester;Colony Harvester;</Extended_Preset_Group><Preset_Group>Colony Overseer;Colony Harvester;Colony Drone;Colony Harvester;Colony Drone;</Preset_Group><Image>mini\unit\Darkness\dungeon\drone2.jpg</Image><Encounter_Subgroup>Colony</Encounter_Subgroup><Boss_Type>Colony Overseer</Boss_Type><Version>0.05</Version><Group>Playable</Group><Filler_Types>Colony Drone;</Filler_Types></props></Colony_Brood><Discarded_and_Orphaned_Familiars><params><Turns_In_Game>0</Turns_In_Game><Group_Number>0</Group_Number><Max_Group_Number>0</Max_Group_Number><Min_Group_Number>0</Min_Group_Number><Power_Level>0</Power_Level><Unit_Number>0</Unit_Number><Max_Unit_Per_Group>0</Max_Unit_Per_Group><Power_Minimum>95</Power_Minimum><Power_Base>178</Power_Base><Power_Maximum>255</Power_Maximum></params><props><Encounter_Type>Regular</Encounter_Type><Shrunk_Preset_Group>Drakeling;Stag Beetle;Horseshoe Crab;</Shrunk_Preset_Group><Encounter_Group>Dungeon</Encounter_Group><Growth_Priorities>Level;Group;Fill;Level;Group;Extend;</Growth_Priorities><Name>Discarded and Orphaned Familiars</Name><Type>encounters</Type><Extended_Preset_Group>Drake;Basilisk;Deadly Spider;Evil Eye;Trickster Raven</Extended_Preset_Group><Preset_Group>Drakeling;Stag Beetle;Rhino Beetle;Eldritch Strix;Horseshoe Crab;Trickster Raven</Preset_Group><Image>mini\unit\Arcanum\familiar\drakeling.jpg</Image><Encounter_Subgroup>Critters</Encounter_Subgroup><Boss_Type>Deadly Spider</Boss_Type><Version>0.05</Version><Group>Playable</Group><Filler_Types>Trickster Raven;Night Bat;Stag Beetle;Rhino Beetle</Filler_Types></props></Discarded_and_Orphaned_Familiars><Spider_Brood><params><Spawning_Delay_Mod>75</Spawning_Delay_Mod><Spawning_Delay_Bonus>-2</Spawning_Delay_Bonus><Power_Minimum>54</Power_Minimum><Power_Base>139</Power_Base><Power_Maximum>188</Power_Maximum></params><props><Encounter_Type>Regular</Encounter_Type><Shrunk_Preset_Group>Spiderling;Spiderling;Spiderling;</Shrunk_Preset_Group><Encounter_Group>Dungeon</Encounter_Group><Growth_Priorities>Extend;Fill;Fill;Level;Group;Level;Level;Fill;</Growth_Priorities><Name>Spider Brood</Name><Type>encounters</Type><Extended_Preset_Group>Spiderite;Spiderite;Deadly Spider;Deadly Spider;Spiderling;</Extended_Preset_Group><Preset_Group>Deadly Spider;Spiderite;Spiderling;Spiderling;Spiderling;</Preset_Group><Image>mini\unit\Death\Deadly Spider.jpg</Image><Encounter_Subgroup>Spiders</Encounter_Subgroup><Version>0.05</Version><Group>Playable</Group><Filler_Types>Spiderling;Deadly Spider</Filler_Types></props></Spider_Brood><Mind_Flayers><params><Power_Minimum>130</Power_Minimum><Power_Base>228</Power_Base><Power_Maximum>412</Power_Maximum></params><props><Encounter_Type>Elite</Encounter_Type><Shrunk_Preset_Group>Husk;Husk;Mind Flayer;Husk;Husk;</Shrunk_Preset_Group><Encounter_Group>Dungeon</Encounter_Group><Growth_Priorities>Level;Group;Fill;Level;Group;Extend;</Growth_Priorities><Name>Mind Flayers</Name><Type>encounters</Type><Extended_Preset_Group>Slaag;Mind Flayer;Mind Flayer;Mind Flayer;Slaag;</Extended_Preset_Group><Preset_Group>Husk;Husk;Mind Flayer;Mind Flayer;Husk;Husk;</Preset_Group><Image>mini\unit\Darkness\dungeon\mindflayer.jpg</Image><Encounter_Subgroup>Mind Flayers</Encounter_Subgroup><Boss_Type>Mind Flayer</Boss_Type><Version>0.05</Version><Group>z</Group><Filler_Types>Troglodyte;Harpy;Minotaur</Filler_Types></props></Mind_Flayers><Colony_Warriors><params><Power_Minimum>80</Power_Minimum><Power_Base>118</Power_Base><Power_Maximum>160</Power_Maximum></params><props><Encounter_Type>Elite</Encounter_Type><Shrunk_Preset_Group>Colony Harvester;Colony Drone;Colony Harvester;Colony Drone;</Shrunk_Preset_Group><Encounter_Group>Dungeon</Encounter_Group><Growth_Priorities>Group;Group;Level;Fill;Extend;</Growth_Priorities><Name>Colony Warriors</Name><Type>encounters</Type><Extended_Preset_Group>Colony Overseer;Colony Overseer;Colony Harvester;Colony Harvester;Colony Harvester;</Extended_Preset_Group><Preset_Group>Colony Overseer;Colony Harvester;Colony Drone;Colony Harvester;Colony Drone;</Preset_Group><Image>mini\unit\Darkness\dungeon\drone2.jpg</Image><Encounter_Subgroup>Colony</Encounter_Subgroup><Boss_Type>Colony Overseer</Boss_Type><Version>0.05</Version><Group>Playable</Group><Filler_Types>Colony Drone;</Filler_Types></props></Colony_Warriors><Spider_Lords><params><Power_Minimum>138</Power_Minimum><Power_Base>279</Power_Base><Power_Maximum>349</Power_Maximum></params><props><Encounter_Type>Elite</Encounter_Type><Shrunk_Preset_Group>Black Widow;Deadly Spider;Spiderling;</Shrunk_Preset_Group><Encounter_Group>Dungeon</Encounter_Group><Growth_Priorities>Extend;Group;Level;Level;Level;Level;Fill;</Growth_Priorities><Name>Spider Lords</Name><Type>encounters</Type><Extended_Preset_Group>Black Widow;Pale Weaver;Pale Weaver;Spiderite;Deadly Spider;</Extended_Preset_Group><Preset_Group>Pale Weaver;Black Widow;Spiderite;Deadly Spider;Spiderling;</Preset_Group><Image>mini\unit\Death\spiders\spider22.jpg</Image><Encounter_Subgroup>Spiders</Encounter_Subgroup><Version>0.05</Version><Group>Playable</Group><Filler_Types>Spiderite;Deadly Spider;Black Widow;</Filler_Types></props></Spider_Lords><Colony_Queen><params><Power_Minimum>91</Power_Minimum><Power_Base>211</Power_Base><Power_Maximum>155</Power_Maximum></params><props><Encounter_Type>Boss</Encounter_Type><Shrunk_Preset_Group>Deadly Spider;Stag Beetle;Rhino Beetle</Shrunk_Preset_Group><Encounter_Group>Dungeon</Encounter_Group><Growth_Priorities>Level;Level;Level;Fill;</Growth_Priorities><Name>Colony Queen</Name><Type>encounters</Type><Extended_Preset_Group>Stag Beetle;Deadly Spider;Deadly Spider;Deadly Spider;Rhino Beetle</Extended_Preset_Group><Preset_Group>Colony Queen;Colony Overseer;Colony Overseer;</Preset_Group><Image>mini\unit\Darkness\dungeon\black fey.jpg</Image><Encounter_Subgroup>Colony</Encounter_Subgroup><Boss_Type>Colony Overseer</Boss_Type><Version>0.05</Version><Group>Playable</Group><Filler_Types>Colony Drone;</Filler_Types></props></Colony_Queen><Chosen_of_Arachnia><params><Power_Minimum>176</Power_Minimum><Power_Base>119</Power_Base><Power_Maximum>238</Power_Maximum></params><props><Encounter_Type>Boss</Encounter_Type><Extended_Preset_Group>Mycosa;Mycosa;</Extended_Preset_Group><Shrunk_Preset_Group>Black Widow;Pale Weaver;</Shrunk_Preset_Group><Image>mini\unit\Death\next\Mortalis.jpg</Image><Preset_Group>Mycosa</Preset_Group><Encounter_Group>Dungeon</Encounter_Group><Version>0.1002b</Version><Group>Playable</Group><Filler_Types>Black Widow;</Filler_Types><Growth_Priorities>Extend;Level;Level;Level;Fill;</Growth_Priorities><Name>Chosen of Arachnia</Name><Type>encounters</Type></props></Chosen_of_Arachnia></Dungeon><Light><Sky_Minions><params><Spawning_Delay_Bonus>-1</Spawning_Delay_Bonus><Power_Minimum>100</Power_Minimum><Power_Base>185</Power_Base><Power_Maximum>270</Power_Maximum></params><props><Encounter_Type>Regular</Encounter_Type><Shrunk_Preset_Group>Sky Lion;Grey Eagle;</Shrunk_Preset_Group><Encounter_Group>Light</Encounter_Group><Growth_Priorities>Level;Fill;Extend;Group;</Growth_Priorities><Name>Sky Minions</Name><Type>encounters</Type><Extended_Preset_Group>Aeri;Rox;Rox;Grey Eagle;Sky Lion;</Extended_Preset_Group><Preset_Group>Rox;Sky Lion;Grey Eagle;</Preset_Group><Image>mini\unit\Light\Rox.jpg</Image><Encounter_Subgroup>Avians</Encounter_Subgroup><Boss_Type>Sky Lord</Boss_Type><Version>0.05</Version><Group>Playable</Group><Filler_Types>Grey Eagle;</Filler_Types></props></Sky_Minions><Wisps><params><Power_Minimum>93</Power_Minimum><Power_Base>155</Power_Base><Power_Maximum>137</Power_Maximum></params><props><Encounter_Type>Regular</Encounter_Type><Shrunk_Preset_Group>Lucent Wisp;Will-o-Wisp;Lucent Wisp</Shrunk_Preset_Group><Encounter_Group>Light</Encounter_Group><Growth_Priorities>Level;Fill;Extend;Group;</Growth_Priorities><Name>Wisps</Name><Type>encounters</Type><Extended_Preset_Group>Ghost;Lucent Wisp;Will-o-Wisp;</Extended_Preset_Group><Preset_Group>Lucent Wisp;Will-o-Wisp;Lucent Wisp;Will-o-Wisp;Lucent Wisp</Preset_Group><Image>mini\unit\Light\Wisp2.jpg</Image><Encounter_Subgroup>Ghosts</Encounter_Subgroup><Version>0.05</Version><Group>Playable</Group><Filler_Types>Will-o-Wisp;Lucent Wisp</Filler_Types></props></Wisps><Celestials><params><Spawning_Delay_Bonus>-2</Spawning_Delay_Bonus><Power_Minimum>185</Power_Minimum><Power_Base>273</Power_Base><Power_Maximum>451</Power_Maximum></params><props><Encounter_Type>Elite</Encounter_Type><Shrunk_Preset_Group>Rox;Sky Lion;Grey Eagle</Shrunk_Preset_Group><Encounter_Group>Light</Encounter_Group><Growth_Priorities>Level;Extend;Level;Level;Fill;</Growth_Priorities><Name>Celestials</Name><Type>encounters</Type><Extended_Preset_Group>Ayrie;Ayrie;Rox;Griff;Rox;</Extended_Preset_Group><Preset_Group>Ayrie;Rox;Sky Lion;Grey Eagle</Preset_Group><Image>mini\unit\Light\Divine Messanger.jpg</Image><Encounter_Subgroup>Avians</Encounter_Subgroup><Boss_Type>Sky Lord</Boss_Type><Version>0.05</Version><Group>Playable</Group><Filler_Types>Grey Eagle;</Filler_Types></props></Celestials><Sky_Lord><params><Power_Minimum>188</Power_Minimum><Power_Base>262</Power_Base><Power_Maximum>338</Power_Maximum></params><props><Encounter_Type>Boss</Encounter_Type><Shrunk_Preset_Group>Ayrie;Grey Eagle;Sky Lion;</Shrunk_Preset_Group><Encounter_Group>Light</Encounter_Group><Growth_Priorities>Level;Level;Extend;Fill;Level;</Growth_Priorities><Name>Sky Lord</Name><Type>encounters</Type><Extended_Preset_Group>Sky Lord;Ayrie;Ayrie;</Extended_Preset_Group><Preset_Group>Sky Lord;Grey Eagle;Sky Lion;</Preset_Group><Image>mini\unit\Light\Angelic Defender.jpg</Image><Encounter_Subgroup>Avians</Encounter_Subgroup><Boss_Type>Sky Lord</Boss_Type><Version>0.05</Version><Group>Playable</Group><Filler_Types>Grey Eagle;</Filler_Types></props></Sky_Lord></Light><Dwarves><Dwarf_Patrol><params><Turns_In_Game>0</Turns_In_Game><Spawning_Delay_Mod>100</Spawning_Delay_Mod><Spawning_Delay_Bonus>0</Spawning_Delay_Bonus><Group_Number>0</Group_Number><Max_Group_Number>0</Max_Group_Number><Min_Group_Number>0</Min_Group_Number><Power_Level>0</Power_Level><Unit_Number>0</Unit_Number><Max_Unit_Per_Group>0</Max_Unit_Per_Group><Power_Minimum>141</Power_Minimum><Power_Base>188</Power_Base><Power_Maximum>221</Power_Maximum></params><props><Encounter_Type>Regular</Encounter_Type><Shrunk_Preset_Group>Dwarf Shooter;Forsworn Miner;Forsworn Dwarf;Doggy;</Shrunk_Preset_Group><Encounter_Group>Dwarves</Encounter_Group><Displayed_Name>Dwarf Patrol</Displayed_Name><Known_Spells></Known_Spells><Growth_Priorities>Extend;Level;Level;Fill;Fill;Group;</Growth_Priorities><Name>Dwarf Patrol</Name><Type>encounters</Type><Extended_Preset_Group>Dwarf Shooter;Dwarf Guardsman;Dwarven Militia;Forsworn Miner;Forsworn Dwarf;</Extended_Preset_Group><Preset_Group>Dwarf Shooter;Dwarven Militia;Forsworn Miner;Forsworn Dwarf;Doggy;</Preset_Group><Image>mini\unit\Neutral\arena\dwarfy.jpg</Image><Version>0.1002b</Version><Spellbook></Spellbook><Workspace_Group>Polish</Workspace_Group><Group>Playable</Group><Filler_Types>Forsworn Miner;Forsworn Dwarf;Doggy;</Filler_Types><Rank>Neophyte</Rank></props></Dwarf_Patrol><Dwarf_Rabble><params><Power_Minimum>141</Power_Minimum><Power_Base>188</Power_Base><Power_Maximum>221</Power_Maximum></params><props><Encounter_Type>Regular</Encounter_Type><Shrunk_Preset_Group>Dwarf Shooter;Forsworn Miner;Forsworn Dwarf;Doggy;</Shrunk_Preset_Group><Encounter_Group>Dwarves</Encounter_Group><Displayed_Name>Dwarf Rabble</Displayed_Name><Growth_Priorities>Extend;Level;Level;Fill;Fill;Group;</Growth_Priorities><Name>Dwarf Rabble</Name><Type>encounters</Type><Extended_Preset_Group>Dwarf Shooter;Dwarf Guardsman;Dwarven Militia;Forsworn Miner;Forsworn Dwarf;</Extended_Preset_Group><Preset_Group>Dwarf Shooter;Dwarven Militia;Forsworn Miner;Forsworn Dwarf;Doggy;</Preset_Group><Image>mini\unit\Neutral\arena\dwarfy.jpg</Image><Version>0.1002b</Version><Workspace_Group>Polish</Workspace_Group><Group>Playable</Group><Filler_Types>Forsworn Miner;Forsworn Dwarf;Doggy;</Filler_Types><Rank>Neophyte</Rank></props></Dwarf_Rabble><Dwarven_Company><params><Power_Minimum>162</Power_Minimum><Power_Base>247</Power_Base><Power_Maximum>452</Power_Maximum></params><props><Encounter_Type>Elite</Encounter_Type><Shrunk_Preset_Group>Dwarf Shooter;Forsworn Miner;Dwarf Warrior;</Shrunk_Preset_Group><Encounter_Group>Dwarves</Encounter_Group><Displayed_Name>Dwarven Company</Displayed_Name><Growth_Priorities>Extend;Level;Level;Fill;Fill;</Growth_Priorities><Name>Dwarven Company</Name><Type>encounters</Type><Extended_Preset_Group>Dwarf Veteran;Dwarf Sharpeye;Dwarf Sharpeye;Dwarf Warrior; Dwarf Brawler;</Extended_Preset_Group><Preset_Group>Dwarf Sharpeye;Dwarf Warrior; Dwarf Brawler;</Preset_Group><Image>mini\unit\Neutral\arena\dwarfy.jpg</Image><Encounter_Subgroup>Dwarves</Encounter_Subgroup><Version>0.05</Version><Workspace_Group>Polish</Workspace_Group><Group>Playable</Group><Filler_Types>Dwarf Warrior; Dwarf Brawler;Dwarf Guardsman;Dwarf Sharpeye;</Filler_Types><Rank>Neophyte</Rank></props></Dwarven_Company></Dwarves><Monsters><Wolf_Pack><params><Spawning_Delay_Bonus>-1</Spawning_Delay_Bonus><Power_Minimum>108</Power_Minimum><Power_Base>170</Power_Base><Power_Maximum>276</Power_Maximum></params><props><Encounter_Type>Regular</Encounter_Type><Shrunk_Preset_Group>Black Wolf;Black Wolf;Black Wolf;Black Wolf;</Shrunk_Preset_Group><Encounter_Group>Monsters</Encounter_Group><Growth_Priorities>Level;Group;Fill;Level;Group;Extend;</Growth_Priorities><Name>Wolf Pack</Name><Type>encounters</Type><Extended_Preset_Group>Werewolf;Shadow Wolf;Shadow Wolf;Black Wolf;Black Wolf;</Extended_Preset_Group><Preset_Group>Shadow Wolf;Black Wolf;Black Wolf;Black Wolf;Black Wolf;</Preset_Group><Image>mini\unit\Darkness\Shadow Wolf.jpg</Image><Encounter_Subgroup>Wulfen</Encounter_Subgroup><Boss_Type>Shadow Wolf</Boss_Type><Version>0.05</Version><Workspace_Group>Polish</Workspace_Group><Group>Playable</Group><Filler_Types>Black Wolf;</Filler_Types></props></Wolf_Pack><Sewer_Horrors><params><Power_Minimum>149</Power_Minimum><Power_Base>179</Power_Base><Power_Maximum>319</Power_Maximum></params><props><Encounter_Type>Elite</Encounter_Type><Shrunk_Preset_Group>Basilisk;Vampire Bat;Deadly Spider;Stag Beetle;</Shrunk_Preset_Group><Encounter_Group>Monsters</Encounter_Group><Growth_Priorities>Level;Group;Fill;Level;Group;Extend;</Growth_Priorities><Name>Sewer Horrors</Name><Type>encounters</Type><Extended_Preset_Group>Basilisk;Gargantuan Beast;Basilisk;</Extended_Preset_Group><Preset_Group>Basilisk;Slaag;Basilisk;</Preset_Group><Image>mini\unit\Arcanum\familiar\basilisk2.jpg</Image><Encounter_Subgroup>Swamp</Encounter_Subgroup><Boss_Type>Deadly Spider</Boss_Type><Version>0.05</Version><Group>Playable</Group><Filler_Types>Basilisk;</Filler_Types></props></Sewer_Horrors><Night_Terrors><params><Power_Minimum>326</Power_Minimum><Power_Base>335</Power_Base><Power_Maximum>557</Power_Maximum></params><props><Encounter_Type>Elite</Encounter_Type><Shrunk_Preset_Group>Nightmare;Werewolf;Shadow Wolf;Night Bat;Night Bat;</Shrunk_Preset_Group><Encounter_Group>Monsters</Encounter_Group><Growth_Priorities>Extend;Level;Level;Fill;Fill;Group;</Growth_Priorities><Name>Night Terrors</Name><Type>encounters</Type><Extended_Preset_Group>Demonio Nocturno;Nightmare;Nightmare;Werewolf;Werewolf;</Extended_Preset_Group><Preset_Group>Demonio Nocturno;Nightmare;Werewolf;</Preset_Group><Image>mini\unit\Darkness\Nightmare.jpg</Image><Encounter_Subgroup>Nocturnal</Encounter_Subgroup><Boss_Type>Deadly Spider</Boss_Type><Version>0.05</Version><Group>Playable</Group><Filler_Types>Shade;</Filler_Types></props></Night_Terrors><Feline_Predators><params><Spawning_Delay_Bonus>-2</Spawning_Delay_Bonus><Power_Minimum>58</Power_Minimum><Power_Base>116</Power_Base><Power_Maximum>174</Power_Maximum></params><props><Encounter_Type>Elite</Encounter_Type><Shrunk_Preset_Group>Black Panther;</Shrunk_Preset_Group><Encounter_Group>Monsters</Encounter_Group><Growth_Priorities>Level;Level;Group;Level;Fill;</Growth_Priorities><Name>Feline Predators</Name><Type>encounters</Type><Extended_Preset_Group>Black Panther;Black Panther;Black Panther</Extended_Preset_Group><Preset_Group>Black Panther;Black Panther</Preset_Group><Image>mini\unit\Nature\Black Panther.jpg</Image><Encounter_Subgroup>Jungle</Encounter_Subgroup><Version>0.05</Version><Group>Playable</Group><Filler_Types>Black Panther;</Filler_Types></props></Feline_Predators><Warg_Pack><params><Power_Minimum>76</Power_Minimum><Power_Base>114</Power_Base><Power_Maximum>140</Power_Maximum></params><props><Encounter_Type>Elite</Encounter_Type><Shrunk_Preset_Group>Warg;Warg</Shrunk_Preset_Group><Encounter_Group>Monsters</Encounter_Group><Growth_Priorities>Extend;Level;Level;Fill;Fill;Group;Level;Fill;</Growth_Priorities><Name>Warg Pack</Name><Type>encounters</Type><Extended_Preset_Group>Dire Warg;Warg;Warg;</Extended_Preset_Group><Preset_Group>Warg;Warg;Warg</Preset_Group><Image>mini\unit\Nature\WARG .jpg</Image><Encounter_Subgroup>Wulfen</Encounter_Subgroup><Version>0.05</Version><Group>Playable</Group><Filler_Types>Warg;</Filler_Types></props></Warg_Pack><Dungeon_Terrors><params><Power_Minimum>271</Power_Minimum><Power_Base>344</Power_Base><Power_Maximum>657</Power_Maximum></params><props><Encounter_Type>Elite</Encounter_Type><Shrunk_Preset_Group>Guardian of the Underworld;Minotaur;Evil Eye;</Shrunk_Preset_Group><Encounter_Group>Monsters</Encounter_Group><Dev_Notes>++Cerberus</Dev_Notes><Growth_Priorities>Level;Fill;Level;Group;Extend;Group;</Growth_Priorities><Name>Dungeon Terrors</Name><Type>encounters</Type><Extended_Preset_Group>Hydra;Manticore;Guardian of the Underworld;Mind Flayer;Evil Eye;</Extended_Preset_Group><Preset_Group>Manticore;Guardian of the Underworld;Evil Eye;</Preset_Group><Image>mini\unit\Darkness\next\Underworld Guard.jpg</Image><Encounter_Subgroup>Dungeon Monsters</Encounter_Subgroup><Boss_Type>Guardian of the Underworld</Boss_Type><Version>0.05</Version><Group>Playable</Group><Filler_Types>Evil Eye;</Filler_Types></props></Dungeon_Terrors><Ancient_Beast><params><Power_Minimum>215</Power_Minimum><Power_Base>215</Power_Base><Power_Maximum>414</Power_Maximum></params><props><Encounter_Type>Boss</Encounter_Type><Shrunk_Preset_Group>Hydra;</Shrunk_Preset_Group><Encounter_Group>Monsters</Encounter_Group><Dev_Notes>Gargantuan Beast;</Dev_Notes><Growth_Priorities>Extend;Fill;</Growth_Priorities><Name>Ancient Beast</Name><Type>encounters</Type><Extended_Preset_Group>Hydra;Gargantuan Beast;</Extended_Preset_Group><Preset_Group>Hydra;</Preset_Group><Image>mini\unit\Darkness\Hydra.jpg</Image><Boss_Type>Hydra</Boss_Type><Version>0.1002b</Version><Group>Playable</Group><Filler_Types>Basilisk;</Filler_Types></props></Ancient_Beast><Elder_Dragon><params><Power_Minimum>215</Power_Minimum><Power_Base>355</Power_Base><Power_Maximum>430</Power_Maximum></params><props><Encounter_Type>Boss</Encounter_Type><Extended_Preset_Group>Hydra;Hydra;</Extended_Preset_Group><Shrunk_Preset_Group>Hydra;</Shrunk_Preset_Group><Image>mini\unit\Darkness\Black Dragon.jpg</Image><Preset_Group>Black Dragon;</Preset_Group><Encounter_Group>Monsters</Encounter_Group><Boss_Type>Hydra</Boss_Type><Group>x</Group><Filler_Types>Basilisk;</Filler_Types><Growth_Priorities>Extend;Fill;</Growth_Priorities><Name>Elder Dragon</Name><Type>encounters</Type></props></Elder_Dragon><Angered_Grizzly><params><Power_Minimum>0</Power_Minimum><Power_Base>85</Power_Base><Power_Maximum>0</Power_Maximum></params><props><Encounter_Type>Boss</Encounter_Type><Shrunk_Preset_Group>Alpha Wolf;</Shrunk_Preset_Group><Encounter_Group>Monsters</Encounter_Group><Growth_Priorities>Extend;Level;Level;Level;Fill;</Growth_Priorities><Name>Angered Grizzly</Name><Type>encounters</Type><Extended_Preset_Group>Behemoth;</Extended_Preset_Group><Preset_Group>Dire Grizzly</Preset_Group><Image>mini\unit\Nature\Dire Grizzly.jpg</Image><Encounter_Subgroup>Wood Animals</Encounter_Subgroup><Version>0.05</Version><Group>Playable</Group><Filler_Types>Grey Wolf;</Filler_Types></props></Angered_Grizzly><Unchained_Wyvern><params><Power_Minimum>98</Power_Minimum><Power_Base>135</Power_Base><Power_Maximum>172</Power_Maximum></params><props><Encounter_Type>Boss</Encounter_Type><Extended_Preset_Group>Armored Wyvern</Extended_Preset_Group><Shrunk_Preset_Group>Young Wyvern</Shrunk_Preset_Group><Image>mini\unit\Nature\serpent\w2.jpg</Image><Preset_Group>Wyvern</Preset_Group><Encounter_Group>Monsters</Encounter_Group><Version>0.1001</Version><Group>Playable</Group><Filler_Types>Young Wyvern</Filler_Types><Growth_Priorities>Extend;Group;Level;Level;Level;Fill;Fill;</Growth_Priorities><Name>Unchained Wyvern</Name><Type>encounters</Type></props></Unchained_Wyvern><Bone_Dragon><params><Power_Minimum>172</Power_Minimum><Power_Base>182</Power_Base><Power_Maximum>306</Power_Maximum></params><props><Encounter_Type>Boss</Encounter_Type><Shrunk_Preset_Group>Zombified Wyvern;</Shrunk_Preset_Group><Encounter_Group>Monsters</Encounter_Group><Displayed_Name>Bone Dragon</Displayed_Name><Growth_Priorities>Extend;Level;Level;Level;Fill;Fill;Group;</Growth_Priorities><Name>Bone Dragon</Name><Type>encounters</Type><Extended_Preset_Group>Bone Dragon;Undead Beast;Undead Beast;</Extended_Preset_Group><Preset_Group>Bone Dragon</Preset_Group><Image>mini\unit\Death\Dragonlich.jpg</Image><Version>0.1002b</Version><Group>Playable</Group><Filler_Types>Skeletal Beast;</Filler_Types></props></Bone_Dragon></Monsters></XML>