<XML><Throwing><Ensnaring_Net><params><Duration>0</Duration><Turns_In_Game>0</Turns_In_Game><Radius>0</Radius><Charges>1</Charges><Weight>1</Weight><Gold_Cost>75</Gold_Cost><Formula>45*{item_energy}/100;5*{item_energy}/100</Formula><Ap_Cost>1</Ap_Cost><Ess_Cost>0</Ess_Cost><Foc_Cost>0</Foc_Cost><Sta_Cost>1</Sta_Cost><Endurance_Cost>0</Endurance_Cost><Foc_Req>0</Foc_Req><Cooldown>1</Cooldown><C_Cooldown>0</C_Cooldown><Spellpower_Bonus>0</Spellpower_Bonus><Spellpower_Mod>100</Spellpower_Mod><Range>3</Range></params><props><Item_Type>Throwing</Item_Type><Item_Shop_Category>special</Item_Shop_Category><Displayed_Name>Ensnaring Net</Displayed_Name><Description>Target unit receives {1} Fire damage plus 2% per point of Throw Mastery and gets {2} Blaze counters. </Description><Dev_Notes>Roll of attack*throw mastery vs defense?   Cell will receive double amount of Blaze counters. </Dev_Notes><Targeting_Mode>SINGLE</Targeting_Mode><Name>Ensnaring Net</Name><Item_Group>Throwing</Item_Group><Type>items</Type><Image>mini\spell\Death\Soul Web.jpg</Image><Actives>SpellDamage({1}+{1}*({source_item_mastery}*2/100));AddCounter(Blaze,{2});</Actives><Version>0.05</Version><Workspace_Group>Test</Workspace_Group><Damage_Type>Fire</Damage_Type><Group>Custom</Group></props></Ensnaring_Net></Throwing><Alchemy><Fire_Bomb><params><Duration>0</Duration><Turns_In_Game>0</Turns_In_Game><Radius>0</Radius><Charges>1</Charges><Weight>1</Weight><Gold_Cost>75</Gold_Cost><Formula>45*{item_energy}/100;5*{item_energy}/100</Formula><Ap_Cost>1</Ap_Cost><Ess_Cost>0</Ess_Cost><Foc_Cost>0</Foc_Cost><Sta_Cost>1</Sta_Cost><Endurance_Cost>0</Endurance_Cost><Foc_Req>0</Foc_Req><Cooldown>1</Cooldown><C_Cooldown>0</C_Cooldown><Spellpower_Bonus>0</Spellpower_Bonus><Spellpower_Mod>100</Spellpower_Mod><Range>3</Range></params><props><Image>mini\item\usables\alchemy\real\versions\fire.jpg</Image><Actives>SpellDamage({1}+{1}*({source_item_mastery}*2/100));AddCounter(Blaze,{2});</Actives><Version>0.1002b</Version><Item_Type>Alchemy</Item_Type><Dev_Notes>Roll of attack*throw mastery vs defense?   Cell will receive double amount of Blaze counters. </Dev_Notes><Description>Target unit receives {1} Fire damage plus 2% per point of Throw Mastery and gets {2} Blaze counters. </Description><Workspace_Group>Test</Workspace_Group><Damage_Type>Fire</Damage_Type><Targeting_Mode>SINGLE</Targeting_Mode><Name>Fire Bomb</Name><Item_Group>Concoctions</Item_Group><Type>items</Type></props></Fire_Bomb><Essence_Potion><params><Cooldown>0</Cooldown><Formula>35</Formula><Sta_Cost>0</Sta_Cost><Ess_Cost>0</Ess_Cost><Gold_Cost>35</Gold_Cost><Charges>1</Charges><Ap_Cost>1</Ap_Cost><Duration>0</Duration><Turns_In_Game>0</Turns_In_Game><Radius>0</Radius><Weight>0</Weight><Foc_Cost>0</Foc_Cost><Endurance_Cost>0</Endurance_Cost><Foc_Req>0</Foc_Req><C_Cooldown>0</C_Cooldown><Spellpower_Bonus>0</Spellpower_Bonus><Spellpower_Mod>100</Spellpower_Mod><Range>1</Range><Energy>0</Energy><C_Energy>0</C_Energy><End_Upkeep>0</End_Upkeep><Ap_Upkeep>0</Ap_Upkeep><Ess_Upkeep>0</Ess_Upkeep><Foc_Upkeep>0</Foc_Upkeep><Sta_Upkeep>0</Sta_Upkeep></params><props><Image>mini\item\usables\alchemy\real\versions\ess.jpg</Image><Actives>Mod Param by Simple Const(C_ESSENCE,{ITEM_FORMULA})</Actives><Item_Type>Alchemy</Item_Type><Description>Restores {1} Essence. Contains {this_charges} charges.</Description><Targeting_Mode>Self</Targeting_Mode><Name>Essence Potion</Name><Item_Group>Potions</Item_Group><Type>items</Type></props></Essence_Potion><Catalyst_Potion><params><Duration>4</Duration><Turns_In_Game>0</Turns_In_Game><Radius>0</Radius><Charges>1</Charges><Weight>1</Weight><Gold_Cost>50</Gold_Cost><Formula>5</Formula><Ap_Cost>1</Ap_Cost><Ess_Cost>0</Ess_Cost><Foc_Cost>0</Foc_Cost><Sta_Cost>0</Sta_Cost><Endurance_Cost>0</Endurance_Cost><Foc_Req>0</Foc_Req><Cooldown>1</Cooldown><C_Cooldown>0</C_Cooldown><Spellpower_Bonus>0</Spellpower_Bonus><Spellpower_Mod>100</Spellpower_Mod><Range>1</Range></params><props><Image>mini\item\usables\alchemy\real\versions\cata.jpg</Image><Actives>Cont Mod Param by Simple Const(Increased Spellpower,Spellpower,5)</Actives><Std_Bools>Stacking;</Std_Bools><Item_Type>Alchemy</Item_Type><Description>Increases Spellpower by {1} for {2} turns. Contains {this_charges} charges. The effect may stack any number of times.</Description><Targeting_Mode>Self</Targeting_Mode><Name>Catalyst Potion</Name><Item_Group>Potions</Item_Group><Type>items</Type></props></Catalyst_Potion><Healing_Potion><params><Cooldown>0</Cooldown><Formula>60</Formula><Gold_Cost>40</Gold_Cost><Charges>1</Charges><Duration>0</Duration><Turns_In_Game>0</Turns_In_Game><Radius>0</Radius><Weight>0</Weight><Ap_Cost>1</Ap_Cost><Ess_Cost>0</Ess_Cost><Foc_Cost>0</Foc_Cost><Sta_Cost>0</Sta_Cost><Endurance_Cost>0</Endurance_Cost><Foc_Req>0</Foc_Req><C_Cooldown>0</C_Cooldown><Spellpower_Bonus>0</Spellpower_Bonus><Spellpower_Mod>100</Spellpower_Mod><Range>1</Range><Energy>0</Energy><C_Energy>0</C_Energy><End_Upkeep>0</End_Upkeep><Ap_Upkeep>0</Ap_Upkeep><Ess_Upkeep>0</Ess_Upkeep><Foc_Upkeep>0</Foc_Upkeep><Sta_Upkeep>0</Sta_Upkeep></params><props><Image>mini\item\usables\alchemy\real\versions\heal.jpg</Image><Actives>Mod Param by Simple Const(C_ENDURANCE,{ITEM_FORMULA})</Actives><Item_Type>Alchemy</Item_Type><Description>Restores {1} Endurance. Contains {this_charges} charges.</Description><Targeting_Mode>Self</Targeting_Mode><Name>Healing Potion</Name><Item_Group>Potions</Item_Group><Type>items</Type></props></Healing_Potion><Stamina_Potion><params><Cooldown>0</Cooldown><Formula>10</Formula><Gold_Cost>50</Gold_Cost><Charges>1</Charges><Duration>0</Duration><Turns_In_Game>0</Turns_In_Game><Radius>0</Radius><Weight>0</Weight><Ap_Cost>1</Ap_Cost><Ess_Cost>0</Ess_Cost><Foc_Cost>0</Foc_Cost><Sta_Cost>0</Sta_Cost><Endurance_Cost>0</Endurance_Cost><Foc_Req>0</Foc_Req><C_Cooldown>0</C_Cooldown><Spellpower_Bonus>0</Spellpower_Bonus><Spellpower_Mod>100</Spellpower_Mod><Range>1</Range><Energy>0</Energy><C_Energy>0</C_Energy><End_Upkeep>0</End_Upkeep><Ap_Upkeep>0</Ap_Upkeep><Ess_Upkeep>0</Ess_Upkeep><Foc_Upkeep>0</Foc_Upkeep><Sta_Upkeep>0</Sta_Upkeep></params><props><Image>mini\item\usables\alchemy\real\versions\sta.jpg</Image><Actives>Mod Param by Simple Const(C_STAMINA,{ITEM_FORMULA})</Actives><Item_Type>Alchemy</Item_Type><Description>Restores {1} Stamina. Contains {this_charges} charges.</Description><Targeting_Mode>Self</Targeting_Mode><Name>Stamina Potion</Name><Item_Group>Potions</Item_Group><Type>items</Type></props></Stamina_Potion><Focus_Potion><params><Cooldown>0</Cooldown><Formula>25</Formula><Charges>3</Charges><Duration>0</Duration><Turns_In_Game>0</Turns_In_Game><Radius>0</Radius><Weight>0</Weight><Gold_Cost>50</Gold_Cost><Ap_Cost>1</Ap_Cost><Ess_Cost>0</Ess_Cost><Foc_Cost>0</Foc_Cost><Sta_Cost>0</Sta_Cost><Endurance_Cost>0</Endurance_Cost><Foc_Req>0</Foc_Req><C_Cooldown>0</C_Cooldown><Spellpower_Bonus>0</Spellpower_Bonus><Spellpower_Mod>100</Spellpower_Mod><Range>1</Range><Energy>0</Energy><C_Energy>0</C_Energy><End_Upkeep>0</End_Upkeep><Ap_Upkeep>0</Ap_Upkeep><Ess_Upkeep>0</Ess_Upkeep><Foc_Upkeep>0</Foc_Upkeep><Sta_Upkeep>0</Sta_Upkeep></params><props><Image>mini\item\usables\alchemy\real\versions\foc.jpg</Image><Actives>Mod Param by Simple Const(C_FOCUS,{ITEM_FORMULA})</Actives><Item_Type>Alchemy</Item_Type><Description>Restores {1} Focus. Contains {this_charges} charges.</Description><Targeting_Mode>Self</Targeting_Mode><Name>Focus Potion</Name><Item_Group>Potions</Item_Group><Type>items</Type></props></Focus_Potion><Poison_Coating><params><Duration>0</Duration><Turns_In_Game>0</Turns_In_Game><Radius>0</Radius><Charges>3</Charges><Weight>0</Weight><Gold_Cost>50</Gold_Cost><Formula>20*{item_energy}/100</Formula><Ap_Cost>1</Ap_Cost><Ess_Cost>0</Ess_Cost><Foc_Cost>0</Foc_Cost><Sta_Cost>0</Sta_Cost><Endurance_Cost>0</Endurance_Cost><Foc_Req>0</Foc_Req><Cooldown>-3</Cooldown><C_Cooldown>0</C_Cooldown><Spellpower_Bonus>0</Spellpower_Bonus><Spellpower_Mod>100</Spellpower_Mod><Range>1</Range></params><props><Image>mini\item\usables\alchemy\real\versions\Poison.jpg</Image><Actives>PoisonWeapon({1}+{1}*({source_item_Mastery})/10);</Actives><Version>0.1003b</Version><Item_Type>Alchemy</Item_Type><Description>Adds {1} Poison counters to a chosen weapon, which will then be applied to targets upon successful attacks, with maximum depending on damage dealt, weapon type and hero's skills. Throwing weapons apply 5x times more counters and ranged weapons (use on ammo) - 2x.</Description><Workspace_Group>Complete</Workspace_Group><Targeting_Mode>SINGLE</Targeting_Mode><Name>Poison Coating</Name><Item_Group>Coating</Item_Group><Type>items</Type></props></Poison_Coating><Venom_Bomb><params><Duration>0</Duration><Turns_In_Game>0</Turns_In_Game><Radius>0</Radius><Charges>1</Charges><Weight>1</Weight><Gold_Cost>90</Gold_Cost><Formula>25*{item_energy}/100;10*{item_energy}/100</Formula><Ap_Cost>1</Ap_Cost><Ess_Cost>0</Ess_Cost><Foc_Cost>0</Foc_Cost><Sta_Cost>1</Sta_Cost><Endurance_Cost>0</Endurance_Cost><Foc_Req>0</Foc_Req><Cooldown>1</Cooldown><C_Cooldown>0</C_Cooldown><Spellpower_Bonus>0</Spellpower_Bonus><Spellpower_Mod>100</Spellpower_Mod><Range>3</Range></params><props><Image>mini\item\usables\alchemy\real\death.jpg</Image><Actives>SpellDamage({1}+{1}*({source_item_mastery}*2/100));AddCounter(Poison Counter,{2});</Actives><Version>0.1002b</Version><Item_Type>Alchemy</Item_Type><Description>Target unit receives {1} Poison damage and gets {2} Poison counters.</Description><Workspace_Group>Test</Workspace_Group><Damage_Type>Poison</Damage_Type><Targeting_Mode>Any Unit</Targeting_Mode><Name>Venom Bomb</Name><Item_Group>Concoctions</Item_Group><Type>items</Type></props></Venom_Bomb><Levitation_Elixir><params><Duration>3*{item_energy}/100</Duration><Turns_In_Game>0</Turns_In_Game><Radius>0</Radius><Charges>1</Charges><Weight>0</Weight><Gold_Cost>50</Gold_Cost><Formula>0</Formula><Ap_Cost>1</Ap_Cost><Ess_Cost>0</Ess_Cost><Foc_Cost>0</Foc_Cost><Sta_Cost>0</Sta_Cost><Endurance_Cost>0</Endurance_Cost><Foc_Req>0</Foc_Req><Cooldown>1</Cooldown><C_Cooldown>0</C_Cooldown><Spellpower_Bonus>0</Spellpower_Bonus><Spellpower_Mod>100</Spellpower_Mod><Range>1</Range><Energy>0</Energy><C_Energy>0</C_Energy></params><props><Image>mini\item\usables\alchemy\real\versions\fly.jpg</Image><Actives>Add Prop(standard passives,flying)</Actives><Effects_Wrap>Single Buff</Effects_Wrap><Std_Bools>Invisible Buff;</Std_Bools><Item_Type>Alchemy</Item_Type><Description>Grants Flying status that affects Attack and Defense in melee combat and reduces all Move action costs by half.</Description><Targeting_Mode>Self</Targeting_Mode><Group>Elixirs</Group><Name>Levitation Elixir</Name><Item_Group>Elixirs</Item_Group><Type>items</Type></props></Levitation_Elixir><Fortifying_Potion><params><Cooldown>0</Cooldown><Formula>50</Formula><Gold_Cost>35</Gold_Cost><Charges>1</Charges><Duration>4</Duration><Turns_In_Game>0</Turns_In_Game><Radius>0</Radius><Weight>0</Weight><Ap_Cost>1</Ap_Cost><Ess_Cost>0</Ess_Cost><Foc_Cost>0</Foc_Cost><Sta_Cost>0</Sta_Cost><Endurance_Cost>0</Endurance_Cost><Foc_Req>0</Foc_Req><C_Cooldown>0</C_Cooldown><Spellpower_Bonus>0</Spellpower_Bonus><Spellpower_Mod>100</Spellpower_Mod><Range>1</Range><Energy>0</Energy><C_Energy>0</C_Energy><End_Upkeep>0</End_Upkeep><Ap_Upkeep>0</Ap_Upkeep><Ess_Upkeep>0</Ess_Upkeep><Foc_Upkeep>0</Foc_Upkeep><Sta_Upkeep>0</Sta_Upkeep></params><props><Image>mini\item\usables\alchemy\real\versions\tou.jpg</Image><Actives>Mod Param by Simple Const(C_TOUGHNESS,{ITEM_FORMULA})</Actives><Item_Type>Alchemy</Item_Type><Description>Restores {1} Toughness. Contains {this_charges} charges.</Description><Targeting_Mode>Self</Targeting_Mode><Name>Fortifying Potion</Name><Item_Group>Potions</Item_Group><Type>items</Type></props></Fortifying_Potion><Liquid_Shade><params><Duration>0</Duration><Turns_In_Game>0</Turns_In_Game><Radius>0</Radius><Charges>1</Charges><Weight>1</Weight><Gold_Cost>90</Gold_Cost><Formula>50*{item_energy}/100</Formula><Ap_Cost>1</Ap_Cost><Ess_Cost>0</Ess_Cost><Foc_Cost>0</Foc_Cost><Sta_Cost>1</Sta_Cost><Endurance_Cost>0</Endurance_Cost><Foc_Req>0</Foc_Req><Cooldown>1</Cooldown><C_Cooldown>0</C_Cooldown><Spellpower_Bonus>0</Spellpower_Bonus><Spellpower_Mod>100</Spellpower_Mod><Range>3</Range></params><props><Image>mini\item\usables\alchemy\real\versions\dark.jpg</Image><Actives>AddParamBuff(Liquid Shade, Concealment, {1}+{1}*({source_item_mastery}*2/100))</Actives><Version>0.1002b</Version><Item_Type>Alchemy</Item_Type><Description>Create a minor haze cloud at whatever spot thrown at, adding {1} Concealment to the cell and any unit standing on it.</Description><Workspace_Group>Test</Workspace_Group><Targeting_Mode>Blast</Targeting_Mode><Name>Liquid Shade</Name><Item_Group>Concoctions</Item_Group><Type>items</Type></props></Liquid_Shade><Liquid_Light><params><Duration>0</Duration><Turns_In_Game>0</Turns_In_Game><Radius>0</Radius><Charges>1</Charges><Weight>1</Weight><Gold_Cost>90</Gold_Cost><Formula>50*{item_energy}/100</Formula><Ap_Cost>1</Ap_Cost><Ess_Cost>0</Ess_Cost><Foc_Cost>0</Foc_Cost><Sta_Cost>1</Sta_Cost><Endurance_Cost>0</Endurance_Cost><Foc_Req>0</Foc_Req><Cooldown>1</Cooldown><C_Cooldown>0</C_Cooldown><Spellpower_Bonus>0</Spellpower_Bonus><Spellpower_Mod>100</Spellpower_Mod><Range>3</Range></params><props><Image>mini\item\usables\alchemy\real\versions\light.jpg</Image><Actives>ParamBonusBuff(Liquid Light, Concealment, -({1}+{1}*({source_throw_mastery}*2/100)))</Actives><Item_Type>Alchemy</Item_Type><Description>Temporarily reduces Concealment of the target cell and whatever object it holds by {1} plus 2% per point of Throw Mastery.</Description><Workspace_Group>Test</Workspace_Group><Targeting_Mode>Blast</Targeting_Mode><Name>Liquid Light</Name><Item_Group>Concoctions</Item_Group><Type>items</Type></props></Liquid_Light><Void_Elixir><params><Duration>4</Duration><Turns_In_Game>0</Turns_In_Game><Radius>0</Radius><Charges>1</Charges><Weight>0</Weight><Gold_Cost>50</Gold_Cost><Formula>3*{item_energy}/100;2*{item_energy}/100</Formula><Ap_Cost>1</Ap_Cost><Ess_Cost>0</Ess_Cost><Foc_Cost>0</Foc_Cost><Sta_Cost>0</Sta_Cost><Endurance_Cost>0</Endurance_Cost><Foc_Req>0</Foc_Req><Cooldown>1</Cooldown><C_Cooldown>0</C_Cooldown><Spellpower_Bonus>0</Spellpower_Bonus><Spellpower_Mod>100</Spellpower_Mod><Range>1</Range></params><props><Image>mini\item\usables\alchemy\real\versions\void.jpg</Image><Actives>Dispel({1});Silence({2})</Actives><Effects_Wrap>Single Buff</Effects_Wrap><Version>0.1003b</Version><Item_Type>Alchemy</Item_Type><Description>Applies Dispel {1} and Silence {2} to the hero. </Description><Workspace_Group>Implement</Workspace_Group><Targeting_Mode>Self</Targeting_Mode><Group>Elixirs</Group><Name>Void Elixir</Name><Item_Group>Elixirs</Item_Group><Type>items</Type></props></Void_Elixir><Celerity_Elixir><params><Cooldown>0</Cooldown><Formula>100*{item_energy}/100;</Formula><Gold_Cost>75</Gold_Cost><Charges>1</Charges><Endurance_Cost>15</Endurance_Cost><Duration>0</Duration><Turns_In_Game>0</Turns_In_Game><Radius>0</Radius><Weight>0</Weight><Ap_Cost>1</Ap_Cost><Ess_Cost>0</Ess_Cost><Foc_Cost>0</Foc_Cost><Sta_Cost>0</Sta_Cost><Foc_Req>0</Foc_Req><C_Cooldown>0</C_Cooldown><Spellpower_Bonus>0</Spellpower_Bonus><Spellpower_Mod>100</Spellpower_Mod><Range>1</Range><Energy>0</Energy><C_Energy>0</C_Energy></params><props><Image>mini\item\usables\alchemy\real\focus2.jpg</Image><Actives>AddParam(C_INITIATIVE_BONUS,{1})</Actives><Std_Bools>C Value Over Maximum</Std_Bools><Version>0.1002b</Version><Item_Type>Alchemy</Item_Type><Description>Boosts your Initiative by {1}.</Description><Workspace_Group>Test</Workspace_Group><Targeting_Mode>Self</Targeting_Mode><Group>Elixirs</Group><Name>Celerity Elixir</Name><Item_Group>Elixirs</Item_Group><Type>items</Type></props></Celerity_Elixir><Weakening_Poison><params><Duration></Duration><Turns_In_Game>0</Turns_In_Game><Radius>0</Radius><Charges>3</Charges><Weight>0</Weight><Gold_Cost>110</Gold_Cost><Formula>20*{item_energy}/100</Formula><Ap_Cost>1</Ap_Cost><Ess_Cost>0</Ess_Cost><Foc_Cost>0</Foc_Cost><Sta_Cost>0</Sta_Cost><Endurance_Cost>0</Endurance_Cost><Foc_Req>0</Foc_Req><Cooldown>-3</Cooldown><C_Cooldown>0</C_Cooldown><Spellpower_Bonus>0</Spellpower_Bonus><Spellpower_Mod>100</Spellpower_Mod><Range>1</Range></params><props><Image>mini\item\usables\alchemy\real\versions\1Poison a.jpg</Image><Actives>Poison Weapon: Weakening({1}+{1}*({source_item_Mastery})/10);</Actives><Version>0.1003b</Version><Item_Type>Alchemy</Item_Type><Dev_Notes>5*{item_energy}/100 duration?</Dev_Notes><Description>Reduces target's Stamina by 1 for every 10 Poison counters it has each turn. Adds {1} Poison counters to a chosen weapon, which will then be applied to targets upon successful attacks, with maximum depending on damage dealt, weapon type and hero's skills. Throwing weapons apply 5x times more counters and ranged weapons (use on ammo) - 2x.</Description><Workspace_Group>Complete</Workspace_Group><Targeting_Mode>SINGLE</Targeting_Mode><Name>Weakening Poison</Name><Item_Group>Coating</Item_Group><Type>items</Type></props></Weakening_Poison><Fury_Elixir><params><Duration>4</Duration><Turns_In_Game>0</Turns_In_Game><Radius>0</Radius><Charges>1</Charges><Weight>0</Weight><Gold_Cost>50</Gold_Cost><Formula>(4*{item_energy}/100)*(100+{source_item_mastery}*2)/100</Formula><Ap_Cost>1</Ap_Cost><Ess_Cost>0</Ess_Cost><Foc_Cost>0</Foc_Cost><Sta_Cost>0</Sta_Cost><Endurance_Cost>0</Endurance_Cost><Foc_Req>0</Foc_Req><Cooldown>1</Cooldown><C_Cooldown>0</C_Cooldown><Spellpower_Bonus>0</Spellpower_Bonus><Spellpower_Mod>100</Spellpower_Mod><Range>1</Range></params><props><Effects_Wrap></Effects_Wrap><Description>Adds {1} Rage counters, each increasing your Spellpower and Damage by 5% while reducing your Defense by the same amount. Excess of Rage may lead to Berserk behavior... Thankfully, one counter is removed each turn.</Description><Dev_Notes>++ alchemy</Dev_Notes><Item_Type>Alchemy</Item_Type><Targeting_Mode>Self</Targeting_Mode><Name>Fury Elixir</Name><Item_Group>Elixirs</Item_Group><Type>items</Type><Image>mini\item\usables\alchemy\BTN8.jpg</Image><Actives>AddCounter(Rage Counter, {1});</Actives><Version>0.1003b</Version><Workspace_Group>Implement</Workspace_Group><Group>Elixirs</Group></props></Fury_Elixir><Exilir_of_Hope><params><Duration>4</Duration><Turns_In_Game>0</Turns_In_Game><Radius>0</Radius><Charges>1</Charges><Weight>0</Weight><Gold_Cost>50</Gold_Cost><Formula>3*{item_energy}/100;2*{item_energy}/100</Formula><Ap_Cost>1</Ap_Cost><Ess_Cost>0</Ess_Cost><Foc_Cost>0</Foc_Cost><Sta_Cost>0</Sta_Cost><Endurance_Cost>0</Endurance_Cost><Foc_Req>0</Foc_Req><Cooldown>1</Cooldown><C_Cooldown>0</C_Cooldown><Spellpower_Bonus>0</Spellpower_Bonus><Spellpower_Mod>100</Spellpower_Mod><Range>1</Range></params><props><Image>mini\item\usables\alchemy\BTN_CR_Potion_Holywater.jpg</Image><Actives>AddParam(C_Morale, {1});</Actives><Effects_Wrap></Effects_Wrap><Version>0.1003b</Version><Item_Type>Alchemy</Item_Type><Description>Restores {1} Morale (may exceed the maximum, but cannot be used if already above maximum).</Description><Workspace_Group>Implement</Workspace_Group><Targeting_Mode>Self</Targeting_Mode><Group>Elixirs</Group><Name>Exilir of Hope</Name><Item_Group>Elixirs</Item_Group><Type>items</Type></props></Exilir_of_Hope><Antidote><params><Duration>4</Duration><Turns_In_Game>0</Turns_In_Game><Radius>0</Radius><Charges>1</Charges><Weight>0</Weight><Gold_Cost>20</Gold_Cost><Formula>(10*{item_energy}/100)*(100+{source_item_mastery}*2)/100  </Formula><Ap_Cost>1</Ap_Cost><Ess_Cost>0</Ess_Cost><Foc_Cost>0</Foc_Cost><Sta_Cost>0</Sta_Cost><Endurance_Cost>0</Endurance_Cost><Foc_Req>0</Foc_Req><Cooldown>1</Cooldown><C_Cooldown>0</C_Cooldown><Spellpower_Bonus>0</Spellpower_Bonus><Spellpower_Mod>100</Spellpower_Mod><Range>1</Range></params><props><Image>mini\item\usables\alchemy\INV_Potion_163.jpg</Image><Actives>AddCounter(Poison, -{1})</Actives><Effects_Wrap></Effects_Wrap><Version>0.1003b</Version><Item_Type>Alchemy</Item_Type><Description>Removes up to {1} Poison counters.</Description><Workspace_Group>Implement</Workspace_Group><Targeting_Mode>Self</Targeting_Mode><Group>Elixirs</Group><Name>Antidote</Name><Item_Group>Elixirs</Item_Group><Type>items</Type></props></Antidote><Palewood_Extract><params><Duration>4</Duration><Turns_In_Game>0</Turns_In_Game><Radius>0</Radius><Charges>1</Charges><Weight>0</Weight><Gold_Cost>50</Gold_Cost><Formula>(8*{item_energy}/100)*(100+{source_item_mastery}*2)/100</Formula><Ap_Cost>1</Ap_Cost><Ess_Cost>0</Ess_Cost><Foc_Cost>0</Foc_Cost><Sta_Cost>0</Sta_Cost><Endurance_Cost>0</Endurance_Cost><Foc_Req>0</Foc_Req><Cooldown>1</Cooldown><C_Cooldown>0</C_Cooldown><Spellpower_Bonus>0</Spellpower_Bonus><Spellpower_Mod>100</Spellpower_Mod><Range>1</Range></params><props><Image>mini\item\usables\alchemy\BTN_CR_Potion25.jpg</Image><Actives>AddCounter(Disease, -{1})</Actives><Effects_Wrap></Effects_Wrap><Version>0.1003b</Version><Item_Type>Alchemy</Item_Type><Description>Removes up to {1} Disease counters.</Description><Workspace_Group>Implement</Workspace_Group><Targeting_Mode>Self</Targeting_Mode><Group>Elixirs</Group><Name>Palewood Extract</Name><Item_Group>Elixirs</Item_Group><Type>items</Type></props></Palewood_Extract><Hallucinogenic_Poison><params><Duration>0</Duration><Turns_In_Game>0</Turns_In_Game><Radius>0</Radius><Charges>3</Charges><Weight>0</Weight><Gold_Cost>125</Gold_Cost><Formula>20*{item_energy}/100</Formula><Ap_Cost>1</Ap_Cost><Ess_Cost>0</Ess_Cost><Foc_Cost>0</Foc_Cost><Sta_Cost>0</Sta_Cost><Endurance_Cost>0</Endurance_Cost><Foc_Req>0</Foc_Req><Cooldown>-3</Cooldown><C_Cooldown>0</C_Cooldown><Spellpower_Bonus>0</Spellpower_Bonus><Spellpower_Mod>100</Spellpower_Mod><Range>1</Range></params><props><Targeting_Modifiers></Targeting_Modifiers><Effects_Wrap></Effects_Wrap><Displayed_Name>Hallucinogenic Poison</Displayed_Name><Description>Reduces target's Focus by 1 for every 5 Poison counters it has each turn. Adds {1} Poison counters to a chosen weapon, which will then be applied to targets upon successful attacks, with maximum depending on damage dealt, weapon type and hero's skills. Throwing weapons apply 5x times more counters and ranged weapons (use on ammo) - 2x.</Description><Dev_Notes>not(weapon group, shield);not(weapon type, magical);</Dev_Notes><Item_Type>Alchemy</Item_Type><Targeting_Mode>SINGLE</Targeting_Mode><Name>Hallucinogenic Poison</Name><Item_Group>Coating</Item_Group><Type>items</Type><Image>mini\item\usables\alchemy\real\versions\Poison c.jpg</Image><Actives>Poison Weapon: Hallucinogetic({1}+{1}*({source_item_Mastery})/10);</Actives><Version>0.1003b</Version><Workspace_Group>Complete</Workspace_Group></props></Hallucinogenic_Poison><Corrosive_Coating><params><Duration>0</Duration><Turns_In_Game>0</Turns_In_Game><Radius>0</Radius><Charges>3</Charges><Weight>0</Weight><Gold_Cost>85</Gold_Cost><Formula>50*{item_energy}/100</Formula><Ap_Cost>1</Ap_Cost><Ess_Cost>0</Ess_Cost><Foc_Cost>0</Foc_Cost><Sta_Cost>0</Sta_Cost><Endurance_Cost>0</Endurance_Cost><Foc_Req>0</Foc_Req><Cooldown>-3</Cooldown><C_Cooldown>0</C_Cooldown><Spellpower_Bonus>0</Spellpower_Bonus><Spellpower_Mod>100</Spellpower_Mod><Range>1</Range></params><props><Image>mini\item\usables\alchemy\real\versions\1Poison.jpg</Image><Actives>WeaponCoating(Corrosion Counter,{1}+{1}*({source_item_Mastery})/10,  {item_name});</Actives><Version>0.1003b</Version><Displayed_Name>Corrosive Coating</Displayed_Name><Item_Type>Alchemy</Item_Type><Description>Adds {1} Corrosion counters to a chosen weapon, which will then be applied to targets upon successful attacks, with maximum depending on damage dealt, weapon type and hero's skills. Throwing weapons apply 5x times more counters and ranged weapons (use on ammo) - 2x.</Description><Workspace_Group>Design</Workspace_Group><Targeting_Mode>SINGLE</Targeting_Mode><Name>Corrosive Coating</Name><Item_Group>Coating</Item_Group><Type>items</Type></props></Corrosive_Coating><Contamination_Coating><params><Duration>0</Duration><Turns_In_Game>0</Turns_In_Game><Radius>0</Radius><Charges>3</Charges><Weight>0</Weight><Gold_Cost>75</Gold_Cost><Formula>50*{item_energy}/100</Formula><Ap_Cost>1</Ap_Cost><Ess_Cost>0</Ess_Cost><Foc_Cost>0</Foc_Cost><Sta_Cost>0</Sta_Cost><Endurance_Cost>0</Endurance_Cost><Foc_Req>0</Foc_Req><Cooldown>-3</Cooldown><C_Cooldown>0</C_Cooldown><Spellpower_Bonus>0</Spellpower_Bonus><Spellpower_Mod>100</Spellpower_Mod><Range>1</Range></params><props><Image>mini\item\usables\alchemy\real\versions\1Poison.jpg</Image><Actives>WeaponCoating(Disease Counter, {1}+{1}*({source_item_Mastery})/10, {item_name});</Actives><Version>0.1003b</Version><Displayed_Name>Contamination Coating</Displayed_Name><Item_Type>Alchemy</Item_Type><Description>Adds {1} Disease counters to a chosen weapon, which will then be applied to targets upon successful attacks, with maximum depending on damage dealt, weapon type and hero's skills. Throwing weapons apply 5x times more counters and ranged weapons (use on ammo) - 2x.</Description><Workspace_Group>Design</Workspace_Group><Targeting_Mode>SINGLE</Targeting_Mode><Name>Contamination Coating</Name><Item_Group>Coating</Item_Group><Type>items</Type></props></Contamination_Coating><Blight_Coating><params><Duration></Duration><Turns_In_Game>0</Turns_In_Game><Radius>0</Radius><Charges>3</Charges><Weight>0</Weight><Gold_Cost>110</Gold_Cost><Formula>20*{item_energy}/100</Formula><Ap_Cost>1</Ap_Cost><Ess_Cost>0</Ess_Cost><Foc_Cost>0</Foc_Cost><Sta_Cost>0</Sta_Cost><Endurance_Cost>0</Endurance_Cost><Foc_Req>0</Foc_Req><Cooldown>-3</Cooldown><C_Cooldown>0</C_Cooldown><Spellpower_Bonus>0</Spellpower_Bonus><Spellpower_Mod>100</Spellpower_Mod><Range>1</Range></params><props><Image>mini\item\usables\alchemy\real\versions\1Poison c.jpg</Image><Actives>WeaponCoating(Blight Counter, {1}+{1}*({source_item_Mastery})/10, {item_name});</Actives><Version>0.1003b</Version><Displayed_Name>Blight Coating</Displayed_Name><Item_Type>Alchemy</Item_Type><Dev_Notes>5*{item_energy}/100 duration?</Dev_Notes><Description>Adds {1} Blight counters to a chosen weapon, which will then be applied to targets upon successful attacks, with maximum depending on damage dealt, weapon type and hero's skills. Throwing weapons apply 5x times more counters and ranged weapons (use on ammo) - 2x.</Description><Workspace_Group>Design</Workspace_Group><Targeting_Mode>SINGLE</Targeting_Mode><Name>Blight Coating</Name><Item_Group>Coating</Item_Group><Type>items</Type></props></Blight_Coating><Paralyzing_Poison><params><Duration></Duration><Turns_In_Game>0</Turns_In_Game><Radius>0</Radius><Charges>3</Charges><Weight>0</Weight><Gold_Cost>155</Gold_Cost><Formula>20*{item_energy}/100</Formula><Ap_Cost>1</Ap_Cost><Ess_Cost>0</Ess_Cost><Foc_Cost>0</Foc_Cost><Sta_Cost>0</Sta_Cost><Endurance_Cost>0</Endurance_Cost><Foc_Req>0</Foc_Req><Cooldown>-3</Cooldown><C_Cooldown>0</C_Cooldown><Spellpower_Bonus>0</Spellpower_Bonus><Spellpower_Mod>100</Spellpower_Mod><Range>1</Range></params><props><Image>mini\item\usables\alchemy\real\versions\1Poison b.jpg</Image><Actives>Poison Weapon: Paralyzing({1}+{1}*({source_item_Mastery})/10);</Actives><Version>0.1003b</Version><Displayed_Name>Paralyzing Poison</Displayed_Name><Item_Type>Alchemy</Item_Type><Dev_Notes>5*{item_energy}/100 duration?</Dev_Notes><Description>Reduces target's Initiative by 1 for each Poison counter it has every time it is about to act. Adds {1} Poison counters to a chosen weapon, which will then be applied to targets upon successful attacks, with maximum depending on damage dealt, weapon type and hero's skills. Throwing weapons apply 5x times more counters and ranged weapons (use on ammo) - 2x.</Description><Workspace_Group>Design</Workspace_Group><Targeting_Mode>SINGLE</Targeting_Mode><Name>Paralyzing Poison</Name><Item_Group>Coating</Item_Group><Type>items</Type></props></Paralyzing_Poison><Spellbane_Bomb><params><Duration>0</Duration><Turns_In_Game>0</Turns_In_Game><Radius>0</Radius><Charges>1</Charges><Weight>1</Weight><Gold_Cost>90</Gold_Cost><Formula>25*{item_energy}/100;10*{item_energy}/100</Formula><Ap_Cost>1</Ap_Cost><Ess_Cost>0</Ess_Cost><Foc_Cost>0</Foc_Cost><Sta_Cost>1</Sta_Cost><Endurance_Cost>0</Endurance_Cost><Foc_Req>0</Foc_Req><Cooldown>1</Cooldown><C_Cooldown>0</C_Cooldown><Spellpower_Bonus>0</Spellpower_Bonus><Spellpower_Mod>100</Spellpower_Mod><Range>3</Range></params><props><Image>mini\item\usables\alchemy\real\catalyst2.jpg</Image><Actives>SpellDamage({1}+{1}*({source_item_mastery}*2/100));AddCounter(Poison Counter,{2});</Actives><Version>0.1003b</Version><Displayed_Name>Spellbane Bomb</Displayed_Name><Item_Type>Alchemy</Item_Type><Description>Applies Dispel {2} and removes {1} Essence from the target</Description><Workspace_Group>Design</Workspace_Group><Damage_Type>Poison</Damage_Type><Targeting_Mode>Any Unit</Targeting_Mode><Name>Spellbane Bomb</Name><Item_Group>Concoctions</Item_Group><Type>items</Type></props></Spellbane_Bomb><Liquid_Frost_Coating><params><Duration>0</Duration><Turns_In_Game>0</Turns_In_Game><Radius>0</Radius><Charges>2</Charges><Weight>0</Weight><Gold_Cost>125</Gold_Cost><Formula>50*{item_energy}/100</Formula><Ap_Cost>1</Ap_Cost><Ess_Cost>0</Ess_Cost><Foc_Cost>0</Foc_Cost><Sta_Cost>0</Sta_Cost><Endurance_Cost>0</Endurance_Cost><Foc_Req>0</Foc_Req><Cooldown>-3</Cooldown><C_Cooldown>0</C_Cooldown><Spellpower_Bonus>0</Spellpower_Bonus><Spellpower_Mod>100</Spellpower_Mod><Range>1</Range></params><props><Image>mini\item\usables\alchemy\real\focus.jpg</Image><Actives>WeaponCoating(Frost Counter,{1}+{1}*({source_item_Mastery})/10,  {item_name});</Actives><Version>0.1003b</Version><Displayed_Name>Liquid Frost Coating</Displayed_Name><Item_Type>Alchemy</Item_Type><Description>Adds {1} Frost counters to a chosen weapon, which will then be applied to targets upon successful attacks, with maximum depending on damage dealt, weapon type and hero's skills. Throwing weapons apply 5x times more counters and ranged weapons (use on ammo) - 2x.</Description><Workspace_Group>Design</Workspace_Group><Targeting_Mode>SINGLE</Targeting_Mode><Name>Liquid Frost Coating</Name><Item_Group>Coating</Item_Group><Type>items</Type></props></Liquid_Frost_Coating><Liquid_Fire_Coating><params><Duration>0</Duration><Turns_In_Game>0</Turns_In_Game><Radius>0</Radius><Charges>2</Charges><Weight>0</Weight><Gold_Cost>75</Gold_Cost><Formula>50*{item_energy}/100</Formula><Ap_Cost>1</Ap_Cost><Ess_Cost>0</Ess_Cost><Foc_Cost>0</Foc_Cost><Sta_Cost>0</Sta_Cost><Endurance_Cost>0</Endurance_Cost><Foc_Req>0</Foc_Req><Cooldown>-3</Cooldown><C_Cooldown>0</C_Cooldown><Spellpower_Bonus>0</Spellpower_Bonus><Spellpower_Mod>100</Spellpower_Mod><Range>1</Range></params><props><Image>mini\item\usables\alchemy\real\heal1.jpg</Image><Actives>WeaponCoating(Blaze Counter,{1}+{1}*({source_item_Mastery})/10,  {item_name});</Actives><Version>0.1003b</Version><Displayed_Name>Liquid Fire Coating</Displayed_Name><Item_Type>Alchemy</Item_Type><Description>Adds {1} Blaze counters to a chosen weapon, which will then be applied to targets upon successful attacks, with maximum depending on damage dealt, weapon type and hero's skills. Throwing weapons apply 5x times more counters and ranged weapons (use on ammo) - 2x.</Description><Workspace_Group>Design</Workspace_Group><Targeting_Mode>SINGLE</Targeting_Mode><Name>Liquid Fire Coating</Name><Item_Group>Coating</Item_Group><Type>items</Type></props></Liquid_Fire_Coating></Alchemy></XML>