<XML><Empty><Ancient_Ruins><params><Glory_Reward>25</Glory_Reward><Xp_Reward>150</Xp_Reward><Gold_Reward>100</Gold_Reward><Power_Level>3</Power_Level></params><props><Version>0.05</Version><Dungeon_Group>Misc</Dungeon_Group><Dungeon_Map_Template></Dungeon_Map_Template><Map_Background>big\new dungeons\ruins .jpg</Map_Background><Workspace_Group>Test</Workspace_Group><Type>dungeons</Type><Displayed_Name>Ancient Ruins</Displayed_Name><Dungeon_Type>Boss</Dungeon_Type><Name>Ancient Ruins</Name><Image>mini\dungeon\new4\stairs.jpg</Image><Arcade_Region></Arcade_Region><Dungeon_Map_Modifier>Ruins</Dungeon_Map_Modifier><Map_Preset_Objects></Map_Preset_Objects><Alt_Encounters></Alt_Encounters><Spawning_Delays></Spawning_Delays><Lore></Lore><Encounters></Encounters><Dev_Notes></Dev_Notes><Map_Objects></Map_Objects><Dungeon_Level>Two</Dungeon_Level><Description></Description><Group>Playtest</Group><Color_Theme></Color_Theme></props></Ancient_Ruins><Lower_Hell><params><Glory_Reward>25</Glory_Reward><Xp_Reward>150</Xp_Reward><Gold_Reward>100</Gold_Reward><Power_Level>3</Power_Level></params><props><Version>0.05</Version><Dungeon_Group>Misc</Dungeon_Group><Dungeon_Map_Template></Dungeon_Map_Template><Map_Background>big\New2\214290.jpg</Map_Background><Workspace_Group>Test</Workspace_Group><Type>dungeons</Type><Displayed_Name>Lower Hell</Displayed_Name><Dungeon_Type>Boss</Dungeon_Type><Name>Lower Hell</Name><Image>mini\dungeon\new5\hell.jpg</Image><Arcade_Region></Arcade_Region><Dungeon_Map_Modifier>Ruins</Dungeon_Map_Modifier><Map_Preset_Objects></Map_Preset_Objects><Alt_Encounters></Alt_Encounters><Spawning_Delays></Spawning_Delays><Lore></Lore><Encounters></Encounters><Dev_Notes></Dev_Notes><Map_Objects></Map_Objects><Dungeon_Level>Two</Dungeon_Level><Description></Description><Group>Playtest</Group><Color_Theme>red</Color_Theme></props></Lower_Hell><Elf_Cottage><params><Glory_Reward>25</Glory_Reward><Xp_Reward>150</Xp_Reward><Gold_Reward>100</Gold_Reward><Power_Level>3</Power_Level></params><props><Version>0.05</Version><Dungeon_Group>Misc</Dungeon_Group><Dungeon_Map_Template></Dungeon_Map_Template><Map_Background>big\New2\322925.jpg</Map_Background><Workspace_Group>Test</Workspace_Group><Type>dungeons</Type><Displayed_Name>Elf Cottage</Displayed_Name><Dungeon_Type>Boss</Dungeon_Type><Name>Elf Cottage</Name><Image>mini\dungeon\new5\vines.jpg</Image><Arcade_Region></Arcade_Region><Dungeon_Map_Modifier>Deep Wood</Dungeon_Map_Modifier><Map_Preset_Objects></Map_Preset_Objects><Alt_Encounters></Alt_Encounters><Spawning_Delays></Spawning_Delays><Lore></Lore><Encounters></Encounters><Dev_Notes></Dev_Notes><Map_Objects></Map_Objects><Dungeon_Level>Two</Dungeon_Level><Description></Description><Group>Playtest</Group><Color_Theme>blue</Color_Theme></props></Elf_Cottage><Sewers><params><Glory_Reward>25</Glory_Reward><Xp_Reward>150</Xp_Reward><Gold_Reward>100</Gold_Reward><Power_Level>3</Power_Level></params><props><Version>0.05</Version><Dungeon_Group>Misc</Dungeon_Group><Dungeon_Map_Template></Dungeon_Map_Template><Map_Background>big\new dungeons\black dungeon.jpg</Map_Background><Workspace_Group>Test</Workspace_Group><Type>dungeons</Type><Displayed_Name>Sewers</Displayed_Name><Dungeon_Type>Boss</Dungeon_Type><Name>Sewers</Name><Image>mini\dungeon\new5\sewers.jpg</Image><Arcade_Region></Arcade_Region><Dungeon_Map_Modifier>Deep Wood</Dungeon_Map_Modifier><Map_Preset_Objects></Map_Preset_Objects><Alt_Encounters></Alt_Encounters><Spawning_Delays></Spawning_Delays><Lore></Lore><Encounters></Encounters><Dev_Notes></Dev_Notes><Map_Objects></Map_Objects><Dungeon_Level>Two</Dungeon_Level><Description></Description><Group>Playtest</Group><Color_Theme>green</Color_Theme></props></Sewers><Dark_Mansion><params><Glory_Reward>25</Glory_Reward><Xp_Reward>150</Xp_Reward><Gold_Reward>100</Gold_Reward><Power_Level>3</Power_Level></params><props><Version>0.05</Version><Dungeon_Group>Misc</Dungeon_Group><Dungeon_Map_Template></Dungeon_Map_Template><Map_Background>big\new dungeons\darkest.jpg</Map_Background><Workspace_Group>Test</Workspace_Group><Type>dungeons</Type><Displayed_Name>Dark Mansion</Displayed_Name><Dungeon_Type>Boss</Dungeon_Type><Name>Dark Mansion</Name><Image>mini\dungeon\undead\dark mansion2.jpg</Image><Arcade_Region></Arcade_Region><Dungeon_Map_Modifier>Deep Wood</Dungeon_Map_Modifier><Map_Preset_Objects></Map_Preset_Objects><Alt_Encounters></Alt_Encounters><Spawning_Delays></Spawning_Delays><Lore></Lore><Encounters></Encounters><Dev_Notes></Dev_Notes><Map_Objects></Map_Objects><Dungeon_Level>Two</Dungeon_Level><Description></Description><Group>Playtest</Group><Color_Theme></Color_Theme></props></Dark_Mansion><Elven_Crypt><params><Glory_Reward>25</Glory_Reward><Xp_Reward>150</Xp_Reward><Gold_Reward>100</Gold_Reward><Power_Level>3</Power_Level></params><props><Version>0.05</Version><Dungeon_Group>Misc</Dungeon_Group><Dungeon_Map_Template></Dungeon_Map_Template><Map_Background>big\new dungeons\elven dungeon.jpg</Map_Background><Workspace_Group>Test</Workspace_Group><Type>dungeons</Type><Displayed_Name>Elven Crypt</Displayed_Name><Dungeon_Type>Boss</Dungeon_Type><Name>Elven Crypt</Name><Image>mini\dungeon\new5\souls.jpg</Image><Arcade_Region></Arcade_Region><Dungeon_Map_Modifier>Deep Wood</Dungeon_Map_Modifier><Map_Preset_Objects></Map_Preset_Objects><Alt_Encounters></Alt_Encounters><Spawning_Delays></Spawning_Delays><Lore></Lore><Encounters></Encounters><Dev_Notes></Dev_Notes><Map_Objects></Map_Objects><Dungeon_Level>Two</Dungeon_Level><Description></Description><Group>Playtest</Group><Color_Theme></Color_Theme></props></Elven_Crypt><Wizard_Study><params><Glory_Reward>25</Glory_Reward><Xp_Reward>150</Xp_Reward><Gold_Reward>100</Gold_Reward><Power_Level>3</Power_Level></params><props><Version>0.05</Version><Dungeon_Group>Misc</Dungeon_Group><Dungeon_Map_Template></Dungeon_Map_Template><Map_Background>big\New2\015.jpg</Map_Background><Workspace_Group>Test</Workspace_Group><Type>dungeons</Type><Displayed_Name>Wizard Study</Displayed_Name><Dungeon_Type>Boss</Dungeon_Type><Name>Wizard Study</Name><Image>mini\dungeon\new5\library.jpg</Image><Arcade_Region></Arcade_Region><Dungeon_Map_Modifier>Ruins</Dungeon_Map_Modifier><Map_Preset_Objects></Map_Preset_Objects><Alt_Encounters></Alt_Encounters><Spawning_Delays></Spawning_Delays><Lore></Lore><Encounters></Encounters><Dev_Notes></Dev_Notes><Map_Objects></Map_Objects><Dungeon_Level>Two</Dungeon_Level><Description></Description><Group>Playtest</Group><Color_Theme>blue</Color_Theme></props></Wizard_Study><Arcane_Vault><params><Glory_Reward>25</Glory_Reward><Xp_Reward>150</Xp_Reward><Gold_Reward>100</Gold_Reward><Power_Level>3</Power_Level></params><props><Version>0.05</Version><Dungeon_Group>Misc</Dungeon_Group><Dungeon_Map_Template></Dungeon_Map_Template><Map_Background>big\New2\fantasy-castles- .jpg</Map_Background><Workspace_Group>Test</Workspace_Group><Type>dungeons</Type><Displayed_Name>Arcane Vault</Displayed_Name><Dungeon_Type>Boss</Dungeon_Type><Name>Arcane Vault</Name><Image>mini\dungeon\new5\study.jpg</Image><Arcade_Region></Arcade_Region><Dungeon_Map_Modifier>Ruins</Dungeon_Map_Modifier><Map_Preset_Objects></Map_Preset_Objects><Alt_Encounters></Alt_Encounters><Spawning_Delays></Spawning_Delays><Lore></Lore><Encounters></Encounters><Dev_Notes></Dev_Notes><Map_Objects></Map_Objects><Dungeon_Level>Two</Dungeon_Level><Description></Description><Group>Playtest</Group><Color_Theme>blue</Color_Theme></props></Arcane_Vault><Archives><params><Glory_Reward>25</Glory_Reward><Xp_Reward>150</Xp_Reward><Gold_Reward>100</Gold_Reward><Power_Level>3</Power_Level></params><props><Version>0.05</Version><Dungeon_Group>Misc</Dungeon_Group><Dungeon_Map_Template></Dungeon_Map_Template><Map_Background>big\New2\fantasy-castles- .jpg</Map_Background><Workspace_Group>Test</Workspace_Group><Type>dungeons</Type><Displayed_Name>Archives</Displayed_Name><Dungeon_Type>Boss</Dungeon_Type><Name>Archives</Name><Image>mini\dungeon\new5\study3.jpg</Image><Arcade_Region></Arcade_Region><Dungeon_Map_Modifier>Ruins</Dungeon_Map_Modifier><Map_Preset_Objects></Map_Preset_Objects><Alt_Encounters></Alt_Encounters><Spawning_Delays></Spawning_Delays><Lore></Lore><Encounters></Encounters><Dev_Notes></Dev_Notes><Map_Objects></Map_Objects><Dungeon_Level>Two</Dungeon_Level><Description></Description><Group>Playtest</Group><Color_Theme>blue</Color_Theme></props></Archives><Ravenguard_Fort><params><Glory_Reward>25</Glory_Reward><Xp_Reward>150</Xp_Reward><Gold_Reward>100</Gold_Reward><Power_Level>3</Power_Level></params><props><Version>0.05</Version><Dungeon_Group>Misc</Dungeon_Group><Dungeon_Map_Template></Dungeon_Map_Template><Map_Background>big\new dungeons\subterranean city.jpg</Map_Background><Workspace_Group>Test</Workspace_Group><Type>dungeons</Type><Displayed_Name>Ravenguard Fort</Displayed_Name><Dungeon_Type>Boss</Dungeon_Type><Name>Ravenguard Fort</Name><Image>mini\dungeon\new5\tower.jpg</Image><Arcade_Region></Arcade_Region><Dungeon_Map_Modifier>Deep Wood</Dungeon_Map_Modifier><Map_Preset_Objects></Map_Preset_Objects><Alt_Encounters></Alt_Encounters><Spawning_Delays></Spawning_Delays><Lore></Lore><Encounters></Encounters><Dev_Notes></Dev_Notes><Map_Objects></Map_Objects><Dungeon_Level>Two</Dungeon_Level><Description></Description><Group>Playtest</Group><Color_Theme></Color_Theme></props></Ravenguard_Fort><Eerie_Woods><params><Glory_Reward>25</Glory_Reward><Xp_Reward>150</Xp_Reward><Gold_Reward>100</Gold_Reward><Power_Level>3</Power_Level></params><props><Version>0.05</Version><Dungeon_Group>Misc</Dungeon_Group><Dungeon_Map_Template></Dungeon_Map_Template><Map_Background>big\new dungeons\subterranean city.jpg</Map_Background><Workspace_Group>Test</Workspace_Group><Type>dungeons</Type><Displayed_Name>Eerie Woods</Displayed_Name><Dungeon_Type>Boss</Dungeon_Type><Name>Eerie Woods</Name><Image>mini\dungeon\new5\tower.jpg</Image><Arcade_Region></Arcade_Region><Dungeon_Map_Modifier>Deep Wood</Dungeon_Map_Modifier><Map_Preset_Objects></Map_Preset_Objects><Alt_Encounters></Alt_Encounters><Spawning_Delays></Spawning_Delays><Lore></Lore><Encounters></Encounters><Dev_Notes></Dev_Notes><Map_Objects></Map_Objects><Dungeon_Level>Two</Dungeon_Level><Description></Description><Group>Playtest</Group><Color_Theme></Color_Theme></props></Eerie_Woods><Forgotten_Tomb><params><Glory_Reward>25</Glory_Reward><Xp_Reward>150</Xp_Reward><Gold_Reward>100</Gold_Reward><Power_Level>3</Power_Level></params><props><Version>0.05</Version><Dungeon_Group>Misc</Dungeon_Group><Dungeon_Map_Template></Dungeon_Map_Template><Map_Background>big\new dungeons\elven dungeon.jpg</Map_Background><Workspace_Group>Test</Workspace_Group><Type>dungeons</Type><Displayed_Name>Forgotten Tomb</Displayed_Name><Dungeon_Type>Boss</Dungeon_Type><Name>Forgotten Tomb</Name><Image>mini\dungeon\new4\overgrown tomb.jpg</Image><Arcade_Region></Arcade_Region><Dungeon_Map_Modifier>Hall</Dungeon_Map_Modifier><Map_Preset_Objects></Map_Preset_Objects><Alt_Encounters></Alt_Encounters><Spawning_Delays></Spawning_Delays><Lore></Lore><Encounters></Encounters><Dev_Notes></Dev_Notes><Map_Objects></Map_Objects><Dungeon_Level>Two</Dungeon_Level><Description></Description><Group>Playtest</Group><Color_Theme></Color_Theme></props></Forgotten_Tomb><Gnome_Vaults><params><Glory_Reward>25</Glory_Reward><Xp_Reward>150</Xp_Reward><Gold_Reward>100</Gold_Reward><Power_Level>3</Power_Level></params><props><Version>0.05</Version><Dungeon_Group>Misc</Dungeon_Group><Dungeon_Map_Template></Dungeon_Map_Template><Map_Background>big\dungeons\dungeon2.jpg</Map_Background><Workspace_Group>Test</Workspace_Group><Type>dungeons</Type><Displayed_Name>Gnome Vaults</Displayed_Name><Dungeon_Type>Boss</Dungeon_Type><Name>Gnome Vaults</Name><Image>mini\dungeon\arcane\wizarding_bank.jpg</Image><Arcade_Region></Arcade_Region><Dungeon_Map_Modifier>Cavern</Dungeon_Map_Modifier><Map_Preset_Objects></Map_Preset_Objects><Alt_Encounters></Alt_Encounters><Spawning_Delays></Spawning_Delays><Lore></Lore><Encounters></Encounters><Dev_Notes></Dev_Notes><Map_Objects></Map_Objects><Dungeon_Level>Two</Dungeon_Level><Description></Description><Group>Playtest</Group><Color_Theme></Color_Theme></props></Gnome_Vaults><Volcano_Island><params><Glory_Reward>25</Glory_Reward><Xp_Reward>150</Xp_Reward><Gold_Reward>100</Gold_Reward><Power_Level>3</Power_Level></params><props><Version>0.05</Version><Dungeon_Group>Misc</Dungeon_Group><Dungeon_Map_Template></Dungeon_Map_Template><Map_Background>big\dungeons\island.jpg</Map_Background><Workspace_Group>Test</Workspace_Group><Type>dungeons</Type><Displayed_Name>Volcano Island</Displayed_Name><Dungeon_Type>Boss</Dungeon_Type><Name>Volcano Island</Name><Image>mini\dungeon\new6\volcano.jpg</Image><Arcade_Region></Arcade_Region><Dungeon_Map_Modifier>Cavern</Dungeon_Map_Modifier><Map_Preset_Objects></Map_Preset_Objects><Alt_Encounters></Alt_Encounters><Spawning_Delays></Spawning_Delays><Lore></Lore><Encounters></Encounters><Dev_Notes></Dev_Notes><Map_Objects></Map_Objects><Dungeon_Level>Two</Dungeon_Level><Description></Description><Group>Playtest</Group><Color_Theme></Color_Theme></props></Volcano_Island><Cathedral><params><Glory_Reward>25</Glory_Reward><Xp_Reward>150</Xp_Reward><Gold_Reward>100</Gold_Reward><Power_Level>3</Power_Level></params><props><Version>0.05</Version><Dungeon_Group>Misc</Dungeon_Group><Dungeon_Map_Template></Dungeon_Map_Template><Map_Background>big\New2\temple.jpg</Map_Background><Workspace_Group>Test</Workspace_Group><Type>dungeons</Type><Displayed_Name>Cathedral</Displayed_Name><Dungeon_Type>Boss</Dungeon_Type><Name>Cathedral</Name><Image>mini\dungeon\new6\church.jpg</Image><Arcade_Region></Arcade_Region><Dungeon_Map_Modifier>Hall</Dungeon_Map_Modifier><Map_Preset_Objects></Map_Preset_Objects><Alt_Encounters></Alt_Encounters><Spawning_Delays></Spawning_Delays><Lore></Lore><Encounters></Encounters><Dev_Notes></Dev_Notes><Map_Objects></Map_Objects><Dungeon_Level>Two</Dungeon_Level><Description></Description><Group>Playtest</Group><Color_Theme></Color_Theme></props></Cathedral><Stronghold><params><Glory_Reward>25</Glory_Reward><Xp_Reward>150</Xp_Reward><Gold_Reward>100</Gold_Reward><Power_Level>3</Power_Level></params><props><Version>0.05</Version><Dungeon_Group>Misc</Dungeon_Group><Dungeon_Map_Template></Dungeon_Map_Template><Map_Background>big\dread keep.jpg</Map_Background><Workspace_Group>Test</Workspace_Group><Type>dungeons</Type><Displayed_Name>Stronghold</Displayed_Name><Dungeon_Type>Boss</Dungeon_Type><Name>Stronghold</Name><Image>mini\dungeon\underground\dungeon4.jpg</Image><Arcade_Region></Arcade_Region><Dungeon_Map_Modifier>Hall</Dungeon_Map_Modifier><Map_Preset_Objects></Map_Preset_Objects><Alt_Encounters></Alt_Encounters><Spawning_Delays></Spawning_Delays><Lore></Lore><Encounters></Encounters><Dev_Notes></Dev_Notes><Map_Objects></Map_Objects><Dungeon_Level>Two</Dungeon_Level><Description></Description><Group>Playtest</Group><Color_Theme></Color_Theme></props></Stronghold><Crusader_Dungeons><params><Glory_Reward>25</Glory_Reward><Xp_Reward>150</Xp_Reward><Gold_Reward>100</Gold_Reward><Power_Level>3</Power_Level></params><props><Version>0.05</Version><Dungeon_Group>Misc</Dungeon_Group><Dungeon_Map_Template></Dungeon_Map_Template><Map_Background>big\new dungeons\subterranean city.jpg</Map_Background><Workspace_Group>Test</Workspace_Group><Type>dungeons</Type><Displayed_Name>Crusader Dungeons</Displayed_Name><Dungeon_Type>Boss</Dungeon_Type><Name>Crusader Dungeons</Name><Image>mini\dungeon\new6\prison.jpg</Image><Arcade_Region></Arcade_Region><Dungeon_Map_Modifier>Hall</Dungeon_Map_Modifier><Map_Preset_Objects></Map_Preset_Objects><Alt_Encounters></Alt_Encounters><Spawning_Delays></Spawning_Delays><Lore></Lore><Encounters></Encounters><Dev_Notes></Dev_Notes><Map_Objects></Map_Objects><Dungeon_Level>Two</Dungeon_Level><Description></Description><Group>Playtest</Group><Color_Theme></Color_Theme></props></Crusader_Dungeons><Dungeon_Fort><params><Glory_Reward>25</Glory_Reward><Xp_Reward>150</Xp_Reward><Gold_Reward>100</Gold_Reward><Power_Level>3</Power_Level></params><props><Version>0.05</Version><Dungeon_Group>Misc</Dungeon_Group><Dungeon_Map_Template></Dungeon_Map_Template><Map_Background>big\new dungeons\subterranean city.jpg</Map_Background><Workspace_Group>Test</Workspace_Group><Type>dungeons</Type><Displayed_Name>Dungeon Fort</Displayed_Name><Dungeon_Type>Boss</Dungeon_Type><Name>Dungeon Fort</Name><Image>mini\dungeon\underground\undercity.jpg</Image><Arcade_Region></Arcade_Region><Dungeon_Map_Modifier>Hall</Dungeon_Map_Modifier><Map_Preset_Objects></Map_Preset_Objects><Alt_Encounters></Alt_Encounters><Spawning_Delays></Spawning_Delays><Lore></Lore><Encounters></Encounters><Dev_Notes></Dev_Notes><Map_Objects></Map_Objects><Dungeon_Level>Two</Dungeon_Level><Description></Description><Group>Playtest</Group><Color_Theme></Color_Theme></props></Dungeon_Fort><Snowcloud_Peaks><params><Glory_Reward>25</Glory_Reward><Xp_Reward>150</Xp_Reward><Gold_Reward>100</Gold_Reward><Power_Level>3</Power_Level></params><props><Version>0.05</Version><Dungeon_Group>Misc</Dungeon_Group><Dungeon_Map_Template></Dungeon_Map_Template><Map_Background>big\New2\north.jpg</Map_Background><Workspace_Group>Test</Workspace_Group><Type>dungeons</Type><Displayed_Name>Snowcloud Peaks</Displayed_Name><Dungeon_Type>Boss</Dungeon_Type><Name>Snowcloud Peaks</Name><Image>mini\dungeon\new6\snowcloud peaks.jpg</Image><Arcade_Region></Arcade_Region><Dungeon_Map_Modifier>Rocky</Dungeon_Map_Modifier><Map_Preset_Objects></Map_Preset_Objects><Alt_Encounters></Alt_Encounters><Spawning_Delays></Spawning_Delays><Lore></Lore><Encounters></Encounters><Dev_Notes></Dev_Notes><Map_Objects></Map_Objects><Dungeon_Level>Two</Dungeon_Level><Description></Description><Group>Playtest</Group><Color_Theme></Color_Theme></props></Snowcloud_Peaks><Feywood><params><Glory_Reward>25</Glory_Reward><Xp_Reward>150</Xp_Reward><Gold_Reward>100</Gold_Reward><Power_Level>3</Power_Level></params><props><Version>0.05</Version><Dungeon_Group>Misc</Dungeon_Group><Dungeon_Map_Template></Dungeon_Map_Template><Map_Background>big\New2\2880424.jpg</Map_Background><Workspace_Group>Test</Workspace_Group><Type>dungeons</Type><Displayed_Name>Feywood</Displayed_Name><Dungeon_Type>Boss</Dungeon_Type><Name>Feywood</Name><Image>mini\dungeon\new5\mystic wood.jpg</Image><Arcade_Region></Arcade_Region><Dungeon_Map_Modifier>Deep Wood</Dungeon_Map_Modifier><Map_Preset_Objects></Map_Preset_Objects><Alt_Encounters></Alt_Encounters><Spawning_Delays></Spawning_Delays><Lore></Lore><Encounters></Encounters><Dev_Notes></Dev_Notes><Map_Objects></Map_Objects><Dungeon_Level>Two</Dungeon_Level><Description></Description><Group>Playtest</Group><Color_Theme></Color_Theme></props></Feywood><Underworld_Keep><params><Glory_Reward>25</Glory_Reward><Xp_Reward>150</Xp_Reward><Gold_Reward>100</Gold_Reward><Power_Level>3</Power_Level></params><props><Version>0.05</Version><Dungeon_Group>Misc</Dungeon_Group><Dungeon_Map_Template></Dungeon_Map_Template><Map_Background>big\new5\dungeon city.jpg</Map_Background><Workspace_Group>Test</Workspace_Group><Type>dungeons</Type><Displayed_Name>Underworld Keep</Displayed_Name><Dungeon_Type>Boss</Dungeon_Type><Name>Underworld Keep</Name><Image>mini\dungeon\new6\dungeon5.jpg</Image><Arcade_Region></Arcade_Region><Dungeon_Map_Modifier>Rocky</Dungeon_Map_Modifier><Map_Preset_Objects></Map_Preset_Objects><Alt_Encounters></Alt_Encounters><Spawning_Delays></Spawning_Delays><Lore></Lore><Encounters></Encounters><Dev_Notes></Dev_Notes><Map_Objects></Map_Objects><Dungeon_Level>Two</Dungeon_Level><Description></Description><Group>Playtest</Group><Color_Theme></Color_Theme></props></Underworld_Keep><Ravenwood><params><Glory_Reward>25</Glory_Reward><Xp_Reward>150</Xp_Reward><Gold_Reward>100</Gold_Reward><Power_Level>3</Power_Level></params><props><Version>0.05</Version><Dungeon_Group>Misc</Dungeon_Group><Dungeon_Map_Template></Dungeon_Map_Template><Map_Background>big\New2\dangerous_forest.jpg</Map_Background><Workspace_Group>Test</Workspace_Group><Type>dungeons</Type><Displayed_Name>Ravenwood</Displayed_Name><Dungeon_Type>Boss</Dungeon_Type><Name>Ravenwood</Name><Image>mini\dungeon\new5\tombstones.jpg</Image><Arcade_Region></Arcade_Region><Dungeon_Map_Modifier>Deep Wood</Dungeon_Map_Modifier><Map_Preset_Objects></Map_Preset_Objects><Alt_Encounters></Alt_Encounters><Spawning_Delays></Spawning_Delays><Lore></Lore><Encounters></Encounters><Dev_Notes></Dev_Notes><Map_Objects></Map_Objects><Dungeon_Level>Two</Dungeon_Level><Description></Description><Group>Playtest</Group><Color_Theme></Color_Theme></props></Ravenwood><Mograve_Keep><params><Glory_Reward>25</Glory_Reward><Xp_Reward>150</Xp_Reward><Gold_Reward>100</Gold_Reward><Power_Level>3</Power_Level></params><props><Version>0.05</Version><Dungeon_Group>Misc</Dungeon_Group><Dungeon_Map_Template></Dungeon_Map_Template><Map_Background>big\New2\dark_castle3.jpg</Map_Background><Workspace_Group>Test</Workspace_Group><Type>dungeons</Type><Displayed_Name>Mograve Keep</Displayed_Name><Dungeon_Type>Boss</Dungeon_Type><Name>Mograve Keep</Name><Image>mini\dungeon\human\Von Finsterheim Castle.jpg</Image><Arcade_Region></Arcade_Region><Dungeon_Map_Modifier>Deep Wood</Dungeon_Map_Modifier><Map_Preset_Objects></Map_Preset_Objects><Alt_Encounters></Alt_Encounters><Spawning_Delays></Spawning_Delays><Lore></Lore><Encounters></Encounters><Dev_Notes></Dev_Notes><Map_Objects></Map_Objects><Dungeon_Level>Two</Dungeon_Level><Description></Description><Group>Playtest</Group><Color_Theme></Color_Theme></props></Mograve_Keep><Forsaken_Gardens><params><Glory_Reward>25</Glory_Reward><Xp_Reward>150</Xp_Reward><Gold_Reward>100</Gold_Reward><Power_Level>3</Power_Level></params><props><Version>0.05</Version><Dungeon_Group>Misc</Dungeon_Group><Dungeon_Map_Template></Dungeon_Map_Template><Map_Background>big\New2\516513.jpg</Map_Background><Workspace_Group>Test</Workspace_Group><Type>dungeons</Type><Displayed_Name>Forsaken Gardens</Displayed_Name><Dungeon_Type>Boss</Dungeon_Type><Name>Forsaken Gardens</Name><Image>mini\dungeon\new4\marsh.jpg</Image><Arcade_Region></Arcade_Region><Dungeon_Map_Modifier>Deep Wood</Dungeon_Map_Modifier><Map_Preset_Objects></Map_Preset_Objects><Alt_Encounters></Alt_Encounters><Spawning_Delays></Spawning_Delays><Lore></Lore><Encounters></Encounters><Dev_Notes></Dev_Notes><Map_Objects></Map_Objects><Dungeon_Level>Two</Dungeon_Level><Description></Description><Group>Playtest</Group><Color_Theme></Color_Theme></props></Forsaken_Gardens><Grave_Hill><params><Glory_Reward>25</Glory_Reward><Xp_Reward>150</Xp_Reward><Gold_Reward>100</Gold_Reward><Power_Level>3</Power_Level></params><props><Version>0.05</Version><Dungeon_Group>Misc</Dungeon_Group><Dungeon_Map_Template></Dungeon_Map_Template><Map_Background>big\New2\dark forest.jpg</Map_Background><Workspace_Group>Test</Workspace_Group><Type>dungeons</Type><Displayed_Name>Grave Hill</Displayed_Name><Dungeon_Type>Boss</Dungeon_Type><Name>Grave Hill</Name><Image>mini\dungeon\new4\grave hill.jpg</Image><Arcade_Region></Arcade_Region><Dungeon_Map_Modifier>Deep Wood</Dungeon_Map_Modifier><Map_Preset_Objects></Map_Preset_Objects><Alt_Encounters></Alt_Encounters><Spawning_Delays></Spawning_Delays><Lore></Lore><Encounters></Encounters><Dev_Notes></Dev_Notes><Map_Objects></Map_Objects><Dungeon_Level>Two</Dungeon_Level><Description></Description><Group>Playtest</Group><Color_Theme></Color_Theme></props></Grave_Hill><Highland_Keep><params><Glory_Reward>25</Glory_Reward><Xp_Reward>150</Xp_Reward><Gold_Reward>100</Gold_Reward><Power_Level>3</Power_Level></params><props><Version>0.05</Version><Dungeon_Group>Misc</Dungeon_Group><Dungeon_Map_Template></Dungeon_Map_Template><Map_Background>big\New2\dnight_valley .jpg</Map_Background><Workspace_Group>Test</Workspace_Group><Type>dungeons</Type><Displayed_Name>Highland Keep</Displayed_Name><Dungeon_Type>Boss</Dungeon_Type><Name>Highland Keep</Name><Image>mini\dungeon\new4\castle.jpg</Image><Arcade_Region></Arcade_Region><Dungeon_Map_Modifier>Deep Wood</Dungeon_Map_Modifier><Map_Preset_Objects></Map_Preset_Objects><Alt_Encounters></Alt_Encounters><Spawning_Delays></Spawning_Delays><Lore></Lore><Encounters></Encounters><Dev_Notes></Dev_Notes><Map_Objects></Map_Objects><Dungeon_Level>Two</Dungeon_Level><Description></Description><Group>Playtest</Group><Color_Theme></Color_Theme></props></Highland_Keep><Observatory><params><Glory_Reward>25</Glory_Reward><Xp_Reward>150</Xp_Reward><Gold_Reward>100</Gold_Reward><Power_Level>3</Power_Level></params><props><Version>0.05</Version><Dungeon_Group>Misc</Dungeon_Group><Dungeon_Map_Template></Dungeon_Map_Template><Map_Background>big\New2\ancient tech spire.jpg</Map_Background><Workspace_Group>Test</Workspace_Group><Type>dungeons</Type><Displayed_Name>Observatory</Displayed_Name><Dungeon_Type>Boss</Dungeon_Type><Name>Observatory</Name><Image>mini\dungeon\new4\town.jpg</Image><Arcade_Region></Arcade_Region><Dungeon_Map_Modifier>Deep Wood</Dungeon_Map_Modifier><Map_Preset_Objects></Map_Preset_Objects><Alt_Encounters></Alt_Encounters><Spawning_Delays></Spawning_Delays><Lore></Lore><Encounters></Encounters><Dev_Notes></Dev_Notes><Map_Objects></Map_Objects><Dungeon_Level>Two</Dungeon_Level><Description></Description><Group>Playtest</Group><Color_Theme></Color_Theme></props></Observatory><Tavern><params><Glory_Reward>25</Glory_Reward><Xp_Reward>150</Xp_Reward><Gold_Reward>100</Gold_Reward><Turns_In_Game>0</Turns_In_Game><Loot_Value>0</Loot_Value><Power_Level>0</Power_Level></params><props><Version>0.05</Version><Dungeon_Group>Human</Dungeon_Group><Map_Background>big\new4\tavern.jpg</Map_Background><Dungeon_Map_Template>Wooden Interior</Dungeon_Map_Template><Workspace_Group>Focus</Workspace_Group><Type>dungeons</Type><Displayed_Name>Tavern</Displayed_Name><Dungeon_Type>Average</Dungeon_Type><Name>Tavern</Name><Image>macro\place\Misty Shores\Neugard Tavern.jpg</Image><Arcade_Region></Arcade_Region><Alt_Encounters></Alt_Encounters><Encounters>Robber Band;Hired Thugs;Brawlers;Guards;Cutthroats;Killer Crew;Bandit Lord;Warband;Dwarf Rabble;Dwarven Company;</Encounters><Dungeon_Level>One</Dungeon_Level><Description>[Quest] This may once have been a well-off farm, but no more. Dangers aside, the [faction] want this place cleared out and you could certainly use their support. </Description><Color_Theme>red</Color_Theme><Group>Skirmish</Group></props></Tavern></Empty><Misty_Shores><Smuggler_Grotto><params><Glory_Reward>25</Glory_Reward><Xp_Reward>150</Xp_Reward><Gold_Reward>100</Gold_Reward><Power_Level>1</Power_Level></params><props><Version>0.05</Version><Dungeon_Group>Human</Dungeon_Group><Arcade_Route>Eerie Coast;Rocky Climb;</Arcade_Route><Map_Background>big\new dungeons\subterranean city.jpg</Map_Background><Type>dungeons</Type><Name>Smuggler Grotto</Name><Dungeon_Type>Average</Dungeon_Type><Image>mini\dungeon\human\Smuggler Grottos.jpg</Image><Arcade_Region>Misty Shores</Arcade_Region><Alt_Encounters>Dungeon Critters;Wolf Pack;Sewer Horrors;Night Terrors;</Alt_Encounters><Encounters>Undead Minions;Wraiths;Death Lord;</Encounters><Dungeon_Level>One</Dungeon_Level><Group>Arcade</Group></props></Smuggler_Grotto><Lichyard><params><Glory_Reward>25</Glory_Reward><Xp_Reward>150</Xp_Reward><Gold_Reward>100</Gold_Reward></params><props><Arcade_Region>Misty Shores</Arcade_Region><Dungeon_Group>Undead</Dungeon_Group><Map_Background>big\dungeons\mansion.jpg</Map_Background><Type>dungeons</Type><Dungeon_Level>Two</Dungeon_Level><Dungeon_Type>Average</Dungeon_Type><Name>Lichyard</Name><Image>mini\dungeon\undead\Cemetary.jpg</Image><Group>Arcade</Group></props></Lichyard><Dark_Castle><params><Glory_Reward>25</Glory_Reward><Xp_Reward>150</Xp_Reward><Gold_Reward>100</Gold_Reward></params><props><Arcade_Region>Misty Shores</Arcade_Region><Version>0.05</Version><Dungeon_Group>Undead</Dungeon_Group><Map_Background>big\new dungeons\Night Castle.jpg</Map_Background><Type>dungeons</Type><Dungeon_Level>Four</Dungeon_Level><Dungeon_Type>Average</Dungeon_Type><Name>Dark Castle</Name><Image>mini\dungeon\human\castle.jpg</Image><Group>Arcade</Group></props></Dark_Castle><Arcane_Sanctum><params><Glory_Reward>25</Glory_Reward><Xp_Reward>150</Xp_Reward><Gold_Reward>100</Gold_Reward></params><props><Arcade_Region>Misty Shores</Arcade_Region><Version>0.05</Version><Dungeon_Group>Undead</Dungeon_Group><Map_Background>big\dungeons\labyrinth.jpg</Map_Background><Type>dungeons</Type><Dungeon_Level>Four</Dungeon_Level><Dungeon_Type>Average</Dungeon_Type><Name>Arcane Sanctum</Name><Image>mini\dungeon\arcane\arcane sanctum.jpg</Image><Group>Arcade</Group></props></Arcane_Sanctum><Crimson_Castle><params><Glory_Reward>25</Glory_Reward><Xp_Reward>150</Xp_Reward><Gold_Reward>100</Gold_Reward></params><props><Arcade_Region>Misty Shores</Arcade_Region><Version>0.05</Version><Dungeon_Group>Undead</Dungeon_Group><Map_Background>big\new dungeons\Night Castle.jpg</Map_Background><Type>dungeons</Type><Dungeon_Level>Four</Dungeon_Level><Dungeon_Type>Average</Dungeon_Type><Name>Crimson Castle</Name><Image>mini\dungeon\human\castle.jpg</Image><Group>Arcade</Group></props></Crimson_Castle><Baron_s_Castle><params><Glory_Reward>25</Glory_Reward><Xp_Reward>150</Xp_Reward><Gold_Reward>100</Gold_Reward></params><props><Arcade_Region>Misty Shores</Arcade_Region><Version>0.05</Version><Dungeon_Group>Undead</Dungeon_Group><Map_Background>big\new dungeons\Night Castle.jpg</Map_Background><Type>dungeons</Type><Dungeon_Level>Four</Dungeon_Level><Dungeon_Type>Average</Dungeon_Type><Name>Baron's Castle</Name><Image>mini\dungeon\human\castle.jpg</Image><Group>Arcade</Group></props></Baron_s_Castle><Warlock_Castle><params><Glory_Reward>25</Glory_Reward><Xp_Reward>150</Xp_Reward><Gold_Reward>100</Gold_Reward></params><props><Arcade_Region>Misty Shores</Arcade_Region><Dungeon_Group>Undead</Dungeon_Group><Map_Background>big\dungeons\labyrinth.jpg</Map_Background><Type>dungeons</Type><Dungeon_Level>Four</Dungeon_Level><Dungeon_Type>Average</Dungeon_Type><Name>Warlock Castle</Name><Image>mini\dungeon\human\castle.jpg</Image><Group>Arcade</Group></props></Warlock_Castle></Misty_Shores><Dusk_Dale><Arcane_Tower><params><Glory_Reward>25</Glory_Reward><Xp_Reward>150</Xp_Reward><Gold_Reward>100</Gold_Reward><Power_Level>3</Power_Level></params><props><Version>0.1002b</Version><Dungeon_Group>Arcane</Dungeon_Group><Dungeon_Map_Template></Dungeon_Map_Template><Map_Background>big\dungeons\dark castle1.jpg</Map_Background><Workspace_Group>Focus</Workspace_Group><Type>dungeons</Type><Displayed_Name>Arcane Tower</Displayed_Name><Dungeon_Type>Average</Dungeon_Type><Name>Arcane Tower</Name><Image>mini\dungeon\arcane\arcane tower2.jpg</Image><Sublevels>Crystal Cave(Dark Tunnel=corner,middle);</Sublevels><Arcade_Region>Dusk Dale</Arcade_Region><Map_Preset_Objects>Arcane Crystal(4-5);Altar(1-4);Altar(1-1);Altar(7-1);Altar(7-4); Marble Column(4-0);</Map_Preset_Objects><Dungeon_Map_Modifier></Dungeon_Map_Modifier><Alt_Encounters>Derelict Machinery;Apostates;Arcane Guardians;Elementals;Lich;</Alt_Encounters><Lore>A perfectly likely place to start on the search, this tower is almost certain to have some clues about the Artifacts' present or past. </Lore><Encounters>Dark Apostates;Mutant Band;Eldritch Order;Sewer Horrors;Unchained Wyvern;</Encounters><Dev_Notes>Arcane Brotherhood;Conjurer; Marble Column(3-0);Marble Column(3-4);Marble Column(5-0);</Dev_Notes><Dungeon_Level>Two</Dungeon_Level><Description>Standing aloof at the feet of the Pale Mountains, this tower is rumored to have appear out of nothing overnight and now house a powerful sorceror or sorceress... There is an aura of unnatural cold and stillness, eerie even by Dusk Dale standards. </Description><Group>Arcade</Group><Color_Theme>purple</Color_Theme></props></Arcane_Tower><Demon_Shrine><params><Glory_Reward>25</Glory_Reward><Xp_Reward>150</Xp_Reward><Gold_Reward>100</Gold_Reward><Turns_In_Game>0</Turns_In_Game><Loot_Value>0</Loot_Value><Power_Level>0</Power_Level></params><props><Version>0.1002b</Version><Dungeon_Group>Undead</Dungeon_Group><Dungeon_Map_Template>Swamp</Dungeon_Map_Template><Map_Background>big\dungeons\swamp.jpg</Map_Background><Workspace_Group>Focus</Workspace_Group><Type>dungeons</Type><Dungeon_Type>Average</Dungeon_Type><Name>Demon Shrine</Name><Image>mini\dungeon\misc\forge.jpg</Image><Arcade_Region>Dusk Dale</Arcade_Region><Map_Preset_Objects>Altar(4-5);Altar(4-0);</Map_Preset_Objects><Dungeon_Map_Modifier></Dungeon_Map_Modifier><Alt_Encounters>Chaos Apostates;Possessed;Chaos Cultists;Anti-Paladin;Demon Lord</Alt_Encounters><Lore>Whatever particular sect holds its gatherings in this grim shrine, they are likely to have information about the Artifacts of Mastery. It's doubtful that they will offer it freely though. </Lore><Encounters>Lesser Demons;Demon Worshippers;Demon Callers;Abyssal Fiend;Warp Champion;</Encounters><Map_Objects>Ruined Structure(1);Ruined Gateway(1);Ruined Column(1)</Map_Objects><Dungeon_Level>Three</Dungeon_Level><Description>A long accursed place, this once splendid Eledari temple of elements has seen a gruesome transformation by fire, blood and sorcery. </Description><Group>Arcade</Group><Color_Theme>red</Color_Theme></props></Demon_Shrine><Cemetary><params><Glory_Reward>25</Glory_Reward><Xp_Reward>150</Xp_Reward><Gold_Reward>100</Gold_Reward><Power_Level>1</Power_Level></params><props><Version>0.1001</Version><Dungeon_Group>Undead</Dungeon_Group><Map_Background>big\dungeons\cemetary.jpg</Map_Background><Dungeon_Map_Template>Dead Forest</Dungeon_Map_Template><Workspace_Group>Focus</Workspace_Group><Type>dungeons</Type><Dungeon_Type>Average</Dungeon_Type><Name>Cemetary</Name><Image>mini\dungeon\undead\graveyard2.jpg</Image><Arcade_Region>Dusk Dale</Arcade_Region><Map_Preset_Objects>Gravestone(2-1);Gravestone(6-3);Gravestone(2-3);Gravestone(6-1);</Map_Preset_Objects><Alt_Encounters>Cannibals;Grave Looters;Death Adepts;Lich;</Alt_Encounters><Lore>The ancient elven crypt at the center of this dilapidated human cemetary is a promising place to find out more about the history of the Artifacts. Who knows what secrets are kept by the elves long dead? </Lore><Encounters>Death Worshippers;Undead Minions;Death Adepts;Wraiths;Corpseborn;Death Lord;Lich;Vampire;</Encounters><Dungeon_Level>One</Dungeon_Level><Description>Strangely, the white marble crypt in the middle of the cemetary seems to have resisted any harm from marauders and grave looters whose work is all too apparent in the multitude of desecrated graves strewn across the cemetary. Unless the graves dug up themselves, of course...</Description><Group>Arcade</Group><Color_Theme>blue</Color_Theme></props></Cemetary><Bandit_Den><params><Glory_Reward>25</Glory_Reward><Xp_Reward>150</Xp_Reward><Gold_Reward>100</Gold_Reward><Power_Level>1</Power_Level></params><props><Arcade_Region>Dusk Dale</Arcade_Region><Dungeon_Group>Human</Dungeon_Group><Encounters>Robber Band</Encounters><Map_Background>big\dungeons\Pirate Bay.jpg</Map_Background><Type>dungeons</Type><Dungeon_Level>One</Dungeon_Level><Dungeon_Type>Average</Dungeon_Type><Name>Bandit Den</Name><Image>mini\dungeon\human\Pirate Den.jpg</Image><Group>Playable</Group></props></Bandit_Den><Dungeon><params><Glory_Reward>25</Glory_Reward><Xp_Reward>150</Xp_Reward><Gold_Reward>100</Gold_Reward><Turns_In_Game>0</Turns_In_Game><Loot_Value>0</Loot_Value><Power_Level>0</Power_Level><Spawning_Delay_Mod>100</Spawning_Delay_Mod></params><props><Version>0.05</Version><Dungeon_Group>Undead</Dungeon_Group><Dungeon_Map_Template>Dungeon</Dungeon_Map_Template><Map_Background>big\dungeons\cave2.jpg</Map_Background><Workspace_Group>Focus</Workspace_Group><Type>dungeons</Type><Displayed_Name>Dungeon</Displayed_Name><Power_Encounters>Dragnir Patrol;</Power_Encounters><Dungeon_Type>Underground</Dungeon_Type><Name>Dungeon</Name><Image>mini\dungeon\underground\dungeon.jpg</Image><Arcade_Region>Dusk Dale</Arcade_Region><Dungeon_Map_Modifier>Ruins</Dungeon_Map_Modifier><Alt_Encounters>Shades; Death Worshippers;Dark Apostates;Hungry Dead;Bone Dragon;Dungeon Terrors;Blood Thralls;</Alt_Encounters><Encounters>Dungeon Critters;Dungeon Monsters;Dungeon Terrors;Sewer Horrors;Unchained Wyvern;Ancient Beast;</Encounters><Spellbook></Spellbook><Dungeon_Level>Two</Dungeon_Level><Description>As little as you may like it, this is the place incicated by [faction]. There is no knowing what may lurk in these shadowy halls...</Description><Known_Spells></Known_Spells><Group>Arcade</Group><Color_Theme>blue</Color_Theme></props></Dungeon><Crystal_Cave><params><Glory_Reward>25</Glory_Reward><Xp_Reward>150</Xp_Reward><Gold_Reward>100</Gold_Reward><Power_Level>1</Power_Level></params><props><Version>0.05</Version><Dungeon_Group>Undead</Dungeon_Group><Map_Background>big\dungeons\cave2.jpg</Map_Background><Dungeon_Map_Template>Dungeon</Dungeon_Map_Template><Workspace_Group>Focus</Workspace_Group><Type>dungeons</Type><Displayed_Name>Crystal Cave</Displayed_Name><Dungeon_Type>Underground</Dungeon_Type><Name>Crystal Cave</Name><Image>mini\dungeon\underground\crystal cave2.jpg</Image><Arcade_Region>Dusk Dale</Arcade_Region><Dungeon_Map_Modifier> Cavern</Dungeon_Map_Modifier><Alt_Encounters>Spider Brood;Spider Lords;Chosen of Arachnia;</Alt_Encounters><Lore>Although it is highly unlikely that there are clues about the Artifacts in a place like this, acquiring shards of a pure Aspect Crystal may be very useful - either as a prize to sell for information, or a source of magical power to aid the quest. </Lore><Encounters>Colony Brood;Colony Warriors;Colony Queen;</Encounters><Dungeon_Level>Two</Dungeon_Level><Description>Infested by some manner of insectoids, if rumors are to be believed, this cave radiates strange energy and emanates light that is probably not coming from any purely natural source... </Description><Group>Arcade</Group><Color_Theme>yellow</Color_Theme></props></Crystal_Cave><Twilight_Monastery><params><Glory_Reward>25</Glory_Reward><Xp_Reward>150</Xp_Reward><Gold_Reward>100</Gold_Reward></params><props><Arcade_Region>Dusk Dale</Arcade_Region><Version>0.05</Version><Dungeon_Group>Undead</Dungeon_Group><Map_Background>big\dungeons\new dungeon3.jpg</Map_Background><Workspace_Group>Implement</Workspace_Group><Type>dungeons</Type><Dungeon_Level>Three</Dungeon_Level><Dungeon_Type>Average</Dungeon_Type><Name>Twilight Monastery</Name><Image>mini\dungeon\misc\Twilight Monastery.jpg</Image><Group>Playable</Group></props></Twilight_Monastery><Hidden_Camp><params><Glory_Reward>25</Glory_Reward><Xp_Reward>150</Xp_Reward><Gold_Reward>100</Gold_Reward><Power_Level>1</Power_Level></params><props><Dungeon_Group>Human</Dungeon_Group><Map_Background>big\dungeons\Pirate Bay.jpg</Map_Background><Dungeon_Map_Template>Forest</Dungeon_Map_Template><Workspace_Group>Focus</Workspace_Group><Type>dungeons</Type><Dungeon_Type>Average</Dungeon_Type><Name>Hidden Camp</Name><Image>mini\dungeon\human\Pirate Den.jpg</Image><Arcade_Region>Dusk Dale</Arcade_Region><Dungeon_Map_Modifier>Camp</Dungeon_Map_Modifier><Alt_Spawning_Delays>25</Alt_Spawning_Delays><Alt_Encounters>Goblins;Orcs;Orc Khan;</Alt_Encounters><Encounters>Robber Band;Deserters;Bandit Lord;</Encounters><Dungeon_Level>One</Dungeon_Level><Description>Your tracking has led you to this site which upon closer inspection seems to be hosting a well-hidden camp... no friendly folk would likely be living in such a place. </Description><Group>Arcade</Group><Color_Theme>green</Color_Theme></props></Hidden_Camp><Wizard_Tower><params><Glory_Reward>25</Glory_Reward><Xp_Reward>150</Xp_Reward><Gold_Reward>100</Gold_Reward><Power_Level>3</Power_Level><Turns_In_Game>0</Turns_In_Game><Loot_Value>0</Loot_Value></params><props><Version>0.1002b</Version><Dungeon_Group>Arcane</Dungeon_Group><Dungeon_Map_Template></Dungeon_Map_Template><Map_Background>big\dungeons\spires.jpg</Map_Background><Workspace_Group>Focus</Workspace_Group><Type>dungeons</Type><Displayed_Name>Wizard Tower</Displayed_Name><Dungeon_Type>Average</Dungeon_Type><Name>Wizard Tower</Name><Image>mini\dungeon\arcane\tower.jpg</Image><Arcade_Region>Dusk Dale</Arcade_Region><Map_Preset_Objects>Force Field(2-1);Force Field(6-4);Force Field(2-4);Force Field(6-1);</Map_Preset_Objects><Dungeon_Map_Modifier></Dungeon_Map_Modifier><Alt_Encounters>Derelict Machinery;Apostates;Arcane Guardians;Elementals;Sorceror;Enchantress;Lich;</Alt_Encounters><Lore>A perfectly likely place to start on the search, this tower is almost certain to have some clues about the Artifacts' present or past. </Lore><Encounters>Derelict Machinery;Discarded and Orphaned Familiars;Arcane Guardians;Aether Golem;Mechanicum Titan;</Encounters><Map_Objects>Marble Column(2);</Map_Objects><Dungeon_Level>Two</Dungeon_Level><Description>Standing aloof at the feet of the Pale Mountains, this tower is rumored to have appear out of nothing overnight and now house a powerful sorceror or sorceress... There is an aura of unnatural cold and stillness, eerie even by Dusk Dale standards. </Description><Group>Arcade</Group><Color_Theme>purple</Color_Theme></props></Wizard_Tower><Spire><params><Glory_Reward>25</Glory_Reward><Xp_Reward>150</Xp_Reward><Gold_Reward>100</Gold_Reward><Power_Level>3</Power_Level></params><props><Version>0.1002b</Version><Dungeon_Group>Arcane</Dungeon_Group><Map_Background>big\dungeons\Misty Mountains.jpg</Map_Background><Workspace_Group>Focus</Workspace_Group><Type>dungeons</Type><Dungeon_Type>Average</Dungeon_Type><Name>Spire</Name><Image>mini\dungeon\arcane\Onyx Spire.jpg</Image><Arcade_Region>Dusk Dale</Arcade_Region><Map_Preset_Objects>Marble Column(2-1);Ruined Gateway(2-2);Marble Column(6-3);Marble Column(2-3);Marble Column(6-1);Ruined Gateway(6-2);</Map_Preset_Objects><Alt_Encounters>Sky Minions;Celestials;Sky Lord;</Alt_Encounters><Spawning_Delays>Marble Column(0-0);Marble Column(8-4);Marble Column(0-4);Marble Column(8-0);</Spawning_Delays><Lore>A perfectly likely place to start on the search, this tower is almost certain to have some clues about the Artifacts' present or past. </Lore><Encounters>Sky Minions;Celestials;Sky Lord;</Encounters><Dev_Notes>Fanatics;Crusaders;Defender of Light;</Dev_Notes><Map_Objects></Map_Objects><Dungeon_Level>Two</Dungeon_Level><Description>Standing aloof at the feet of the Pale Mountains, this tower is rumored to have appear out of nothing overnight and now house a powerful sorceror or sorceress... There is an aura of unnatural cold and stillness, eerie even by Dusk Dale standards. </Description><Group>Arcade</Group><Color_Theme>light</Color_Theme></props></Spire><Abandoned_House><params><Glory_Reward>25</Glory_Reward><Xp_Reward>150</Xp_Reward><Gold_Reward>100</Gold_Reward><Turns_In_Game>0</Turns_In_Game><Loot_Value>0</Loot_Value><Power_Level>0</Power_Level></params><props><Version>0.05</Version><Dungeon_Group>Undead</Dungeon_Group><Map_Background>big\new4\tavern3.jpg</Map_Background><Dungeon_Map_Template>Wooden Interior</Dungeon_Map_Template><Workspace_Group>Focus</Workspace_Group><Type>dungeons</Type><Dungeon_Type>Average</Dungeon_Type><Name>Abandoned House</Name><Image>mini\dungeon\undead\Haunted House.jpg</Image><Arcade_Region>Dusk Dale</Arcade_Region><Alt_Encounters>Plague Bearers;Plague Servants;Corpseborn;Undead Monstrocity;</Alt_Encounters><Encounters>Hungry Dead;Blood Thralls;Vampires;Vampire Lord;</Encounters><Dungeon_Level>One</Dungeon_Level><Description>[Quest] This may once have been a well-off farm, but no more. Dangers aside, the [faction] want this place cleared out and you could certainly use their support. </Description><Color_Theme>red</Color_Theme><Group>Arcade</Group></props></Abandoned_House><Witch_Grove><params><Glory_Reward>25</Glory_Reward><Xp_Reward>150</Xp_Reward><Gold_Reward>100</Gold_Reward><Power_Level>1</Power_Level></params><props><Version>0.1003b</Version><Dungeon_Group>Undead</Dungeon_Group><Dungeon_Map_Template>Dark Forest</Dungeon_Map_Template><Map_Background>big\dungeons\haunted wood.jpg</Map_Background><Workspace_Group>Focus</Workspace_Group><Type>dungeons</Type><Power_Encounters>Sorceress;</Power_Encounters><Dungeon_Type>Average</Dungeon_Type><Name>Witch Grove</Name><Image>mini\dungeon\haunted wood.jpg</Image><Arcade_Region>Dusk Dale</Arcade_Region><Map_Preset_Objects>Altar(4-0)</Map_Preset_Objects><Dungeon_Map_Modifier>Ruins</Dungeon_Map_Modifier><Alt_Encounters>Spider Brood;Undead Beasts;Dark Apostates;Huorn;Nightmare;Undead Monstrocity;Witches;Shades;</Alt_Encounters><Lore>The ancient elven crypt at the center of this dilapidated human cemetary is a promising place to find out more about the history of the Artifacts. Who knows what secrets are kept by the elves long dead? </Lore><Encounters>Wisps;Wolf Pack;Warg Pack;Feline Predators;Angered Grizzly;Werewolf;Witches;Shades;</Encounters><Dungeon_Level>One</Dungeon_Level><Description>Strangely, the white marble crypt seems to have resisted any harm from marauders and grave looters who work is all too apparent in the multitude of desecrated graves strewn across the cemetary. Unless the graves dug up themselves, of course...</Description><Group>Arcade</Group><Color_Theme>blue</Color_Theme></props></Witch_Grove><Dwarven_Halls><params><Glory_Reward>25</Glory_Reward><Xp_Reward>150</Xp_Reward><Gold_Reward>100</Gold_Reward></params><props><Version>0.05</Version><Dungeon_Group>Undead</Dungeon_Group><Alt_Power_Encounters></Alt_Power_Encounters><Map_Background>big\dungeons\dwarf city.jpg</Map_Background><Type>dungeons</Type><Dungeon_Type>Underground</Dungeon_Type><Name>Dwarven Halls</Name><Image>mini\dungeon\misc\zwergenheim.jpg</Image><Arcade_Region>Dusk Dale</Arcade_Region><Alt_Encounters>Goblins;Orcs;Troll;Ogre</Alt_Encounters><Encounters>Dwarven Company;Dwarf Patrol;Dwarf Rabble;Exiled Thane;</Encounters><Dungeon_Level>Three</Dungeon_Level><Encounter_Groups></Encounter_Groups><Color_Theme>yellow</Color_Theme><Group>Arcade</Group></props></Dwarven_Halls><Hell><params><Glory_Reward>25</Glory_Reward><Xp_Reward>150</Xp_Reward><Gold_Reward>100</Gold_Reward><Power_Level>3</Power_Level></params><props><Version>0.05</Version><Dungeon_Group>Misc</Dungeon_Group><Dungeon_Map_Template></Dungeon_Map_Template><Map_Background>big\dungeons\hell.jpg</Map_Background><Workspace_Group>Focus</Workspace_Group><Type>dungeons</Type><Displayed_Name>Hell</Displayed_Name><Dungeon_Type>Boss</Dungeon_Type><Name>Hell</Name><Image>mini\dungeon\misc\hell.jpg</Image><Arcade_Region>Dusk Dale</Arcade_Region><Dungeon_Map_Modifier>Ruins</Dungeon_Map_Modifier><Map_Preset_Objects>Altar(4-0);Altar(4-5);</Map_Preset_Objects><Alt_Encounters>Abyssal Fiend;Demon Lord;Chaos Legion;Greater Demons;Demons of Abyss;Lord of Abyss;Demon Callers;</Alt_Encounters><Spawning_Delays></Spawning_Delays><Lore>A perfectly likely place to start on the search, this tower is almost certain to have some clues about the Artifacts' present or past. </Lore><Encounters>Abyssal Fiend;Demon Lord;Chaos Legion;Greater Demons;Demons of Abyss;Lord of Abyss;Demon Callers;</Encounters><Dev_Notes>Fanatics;Crusaders;Defender of Light;</Dev_Notes><Map_Objects></Map_Objects><Dungeon_Level>Two</Dungeon_Level><Description>Standing aloof at the feet of the Pale Mountains, this tower is rumored to have appear out of nothing overnight and now house a powerful sorceror or sorceress... There is an aura of unnatural cold and stillness, eerie even by Dusk Dale standards. </Description><Group>Arcade</Group><Color_Theme>red</Color_Theme></props></Hell><Nordheim><params><Glory_Reward>25</Glory_Reward><Xp_Reward>150</Xp_Reward><Gold_Reward>100</Gold_Reward><Power_Level>3</Power_Level></params><props><Version>0.05</Version><Dungeon_Group>Misc</Dungeon_Group><Dungeon_Map_Template></Dungeon_Map_Template><Map_Background>big\dungeons\undercity.jpg</Map_Background><Workspace_Group>Focus</Workspace_Group><Type>dungeons</Type><Displayed_Name>Nordheim</Displayed_Name><Dungeon_Type>Boss</Dungeon_Type><Name>Nordheim</Name><Image>mini\dungeon\misc\temple.jpg</Image><Arcade_Region>Dusk Dale</Arcade_Region><Dungeon_Map_Modifier>Ruins</Dungeon_Map_Modifier><Map_Preset_Objects>Ruined Column(4-0);Ruined Column(4-5);</Map_Preset_Objects><Alt_Encounters>Dwarven Company;Exiled Thane;Dwarf Patrol;</Alt_Encounters><Spawning_Delays></Spawning_Delays><Lore>A perfectly likely place to start on the search, this tower is almost certain to have some clues about the Artifacts' present or past. </Lore><Encounters>Frost Giant;Storm Giant;Mountain Giants;Hill Giants;</Encounters><Dev_Notes>Fanatics;Crusaders;Defender of Light;</Dev_Notes><Map_Objects></Map_Objects><Dungeon_Level>Two</Dungeon_Level><Description>Standing aloof at the feet of the Pale Mountains, this tower is rumored to have appear out of nothing overnight and now house a powerful sorceror or sorceress... There is an aura of unnatural cold and stillness, eerie even by Dusk Dale standards. </Description><Group>Arcade</Group><Color_Theme>blue</Color_Theme></props></Nordheim><Wraith_Kingdom><params><Glory_Reward>25</Glory_Reward><Xp_Reward>150</Xp_Reward><Gold_Reward>100</Gold_Reward><Power_Level>3</Power_Level></params><props><Version>0.05</Version><Dungeon_Group>Misc</Dungeon_Group><Dungeon_Map_Template></Dungeon_Map_Template><Map_Background>big\dungeons\dead city.jpg</Map_Background><Workspace_Group>Focus</Workspace_Group><Type>dungeons</Type><Displayed_Name>Wraith Kingdom</Displayed_Name><Dungeon_Type>Boss</Dungeon_Type><Name>Wraith Kingdom</Name><Image>mini\dungeon\undead\death gate.jpg</Image><Arcade_Region>Dusk Dale</Arcade_Region><Dungeon_Map_Modifier>Ruins</Dungeon_Map_Modifier><Map_Preset_Objects>Altar(4-0);Altar(4-5);</Map_Preset_Objects><Alt_Encounters>Shades;Wisps;Wraiths;Celestials;Bone Dragon;Sky Lord;</Alt_Encounters><Spawning_Delays></Spawning_Delays><Lore>A perfectly likely place to start on the search, this tower is almost certain to have some clues about the Artifacts' present or past. </Lore><Encounters>Frost Giant;Bone Dragon;Wraiths;Wisps;Undead Minions;</Encounters><Dev_Notes>Fanatics;Crusaders;Defender of Light;</Dev_Notes><Map_Objects></Map_Objects><Dungeon_Level>Two</Dungeon_Level><Description>Standing aloof at the feet of the Pale Mountains, this tower is rumored to have appear out of nothing overnight and now house a powerful sorceror or sorceress... There is an aura of unnatural cold and stillness, eerie even by Dusk Dale standards. </Description><Group>Arcade</Group><Color_Theme>blue</Color_Theme></props></Wraith_Kingdom><City_of_Ancients><params><Glory_Reward>25</Glory_Reward><Xp_Reward>150</Xp_Reward><Gold_Reward>100</Gold_Reward><Power_Level>3</Power_Level></params><props><Version>0.1002b</Version><Dungeon_Group>Misc</Dungeon_Group><Dungeon_Map_Template></Dungeon_Map_Template><Map_Background>big\dungeons\forgotten city.jpg</Map_Background><Workspace_Group>Focus</Workspace_Group><Type>dungeons</Type><Displayed_Name>City of Ancients</Displayed_Name><Dungeon_Type>Boss</Dungeon_Type><Name>City of Ancients</Name><Image>mini\dungeon\underground\dungeon3.jpg</Image><Arcade_Region>Dusk Dale</Arcade_Region><Dungeon_Map_Modifier>Ruins</Dungeon_Map_Modifier><Map_Preset_Objects>Marble Column(4-0);Marble Column(4-5);</Map_Preset_Objects><Alt_Encounters>Naga;Troll;Unchained Wyvern;Dungeon Monsters;Spider Lords;Chosen of Arachnia;Dungeon Terrors</Alt_Encounters><Spawning_Delays></Spawning_Delays><Lore>A perfectly likely place to start on the search, this tower is almost certain to have some clues about the Artifacts' present or past. </Lore><Encounters>Mechanicum Titan;Derelict Machinery;Arcane Guardians;Elementals;Bone Dragon;</Encounters><Dev_Notes>Fanatics;Crusaders;Defender of Light;</Dev_Notes><Map_Objects></Map_Objects><Dungeon_Level>Two</Dungeon_Level><Description>Standing aloof at the feet of the Pale Mountains, this tower is rumored to have appear out of nothing overnight and now house a powerful sorceror or sorceress... There is an aura of unnatural cold and stillness, eerie even by Dusk Dale standards. </Description><Group>Arcade</Group><Color_Theme>blue</Color_Theme></props></City_of_Ancients><Castle_Black><params><Glory_Reward>25</Glory_Reward><Xp_Reward>150</Xp_Reward><Gold_Reward>100</Gold_Reward><Power_Level>3</Power_Level></params><props><Version>0.05</Version><Dungeon_Group>Misc</Dungeon_Group><Dungeon_Map_Template></Dungeon_Map_Template><Map_Background>big\dungeons\dark castle.jpg</Map_Background><Workspace_Group>Focus</Workspace_Group><Type>dungeons</Type><Displayed_Name>Castle Black</Displayed_Name><Dungeon_Type>Boss</Dungeon_Type><Name>Castle Black</Name><Image>mini\dungeon\human\castle.jpg</Image><Arcade_Region>Dusk Dale</Arcade_Region><Dungeon_Map_Modifier>Ruins</Dungeon_Map_Modifier><Map_Preset_Objects>Marble Column(4-0);Marble Column(4-5);</Map_Preset_Objects><Alt_Encounters>Hungry Dead;Lich;Werewolf;Vampire Lord;Death Lord;Vampires;Blood Thralls;Wraiths;Night Terrors;</Alt_Encounters><Spawning_Delays></Spawning_Delays><Lore>A perfectly likely place to start on the search, this tower is almost certain to have some clues about the Artifacts' present or past. </Lore><Encounters>Robber Band;Apostates;Death Adepts;Anti-Paladin;Dark Apostates;Bandit Lord;Killer Crew;</Encounters><Dev_Notes>Fanatics;Crusaders;Defender of Light;</Dev_Notes><Map_Objects></Map_Objects><Dungeon_Level>Two</Dungeon_Level><Description>Standing aloof at the feet of the Pale Mountains, this tower is rumored to have appear out of nothing overnight and now house a powerful sorceror or sorceress... There is an aura of unnatural cold and stillness, eerie even by Dusk Dale standards. </Description><Group>Arcade</Group><Color_Theme>blue</Color_Theme></props></Castle_Black><Jotunheim><params><Glory_Reward>25</Glory_Reward><Xp_Reward>150</Xp_Reward><Gold_Reward>100</Gold_Reward><Power_Level>3</Power_Level></params><props><Version>0.1002b</Version><Dungeon_Group>Misc</Dungeon_Group><Dungeon_Map_Template></Dungeon_Map_Template><Map_Background>big\dungeons\ruins.jpg</Map_Background><Workspace_Group>Focus</Workspace_Group><Type>dungeons</Type><Displayed_Name>Jotunheim</Displayed_Name><Dungeon_Type>Boss</Dungeon_Type><Name>Jotunheim</Name><Image>mini\dungeon\misc\Ancient Ruin.jpg</Image><Arcade_Region>Dusk Dale</Arcade_Region><Dungeon_Map_Modifier>Ruins</Dungeon_Map_Modifier><Map_Preset_Objects>Marble Column(3-0);Ruined Gateway(4-0);Marble Column(5-0);</Map_Preset_Objects><Alt_Encounters>Hill Giants;Mountain Giants;Storm Giant;Dwarven Company;Exiled Thane;</Alt_Encounters><Spawning_Delays></Spawning_Delays><Lore>A perfectly likely place to start on the search, this tower is almost certain to have some clues about the Artifacts' present or past. </Lore><Encounters>Hill Giants;Mountain Giants;Storm Giant;Frost Giant;</Encounters><Dev_Notes>Fanatics;Crusaders;Defender of Light;</Dev_Notes><Map_Objects></Map_Objects><Dungeon_Level>Two</Dungeon_Level><Description>Standing aloof at the feet of the Pale Mountains, this tower is rumored to have appear out of nothing overnight and now house a powerful sorceror or sorceress... There is an aura of unnatural cold and stillness, eerie even by Dusk Dale standards. </Description><Group>Arcade</Group><Color_Theme>light</Color_Theme></props></Jotunheim><Crystal_Cavern><params><Glory_Reward>25</Glory_Reward><Xp_Reward>150</Xp_Reward><Gold_Reward>100</Gold_Reward><Power_Level>1</Power_Level></params><props><Version>0.05</Version><Dungeon_Group>Undead</Dungeon_Group><Map_Background>big\dungeons\cave2.jpg</Map_Background><Dungeon_Map_Template>Dungeon</Dungeon_Map_Template><Workspace_Group>Focus</Workspace_Group><Type>dungeons</Type><Displayed_Name>Crystal Cavern</Displayed_Name><Dungeon_Type>Underground</Dungeon_Type><Name>Crystal Cavern</Name><Image>mini\dungeon\underground\Crystal_Cave.jpg</Image><Arcade_Region>Dusk Dale</Arcade_Region><Dungeon_Map_Modifier> Cavern</Dungeon_Map_Modifier><Alt_Encounters>Spider Brood;Spider Lords;Chosen of Arachnia;</Alt_Encounters><Lore>Although it is highly unlikely that there are clues about the Artifacts in a place like this, acquiring shards of a pure Aspect Crystal may be very useful - either as a prize to sell for information, or a source of magical power to aid the quest. </Lore><Encounters>Colony Brood;Colony Warriors;Colony Queen;</Encounters><Dungeon_Level>Two</Dungeon_Level><Description>Infested by some manner of insectoids, if rumors are to be believed, this cave radiates strange energy and emanates light that is probably not coming from any purely natural source... </Description><Group>Arcade</Group><Color_Theme>yellow</Color_Theme></props></Crystal_Cavern><Academy_Vaults><params><Glory_Reward>25</Glory_Reward><Xp_Reward>150</Xp_Reward><Gold_Reward>100</Gold_Reward><Turns_In_Game>0</Turns_In_Game><Loot_Value>0</Loot_Value><Power_Level>0</Power_Level></params><props><Version>0.05</Version><Dungeon_Group>Undead</Dungeon_Group><Map_Background>big\New2\monument .jpg</Map_Background><Dungeon_Map_Template>Wooden Interior</Dungeon_Map_Template><Workspace_Group>Focus</Workspace_Group><Type>dungeons</Type><Displayed_Name>Academy Vaults</Displayed_Name><Dungeon_Type>Average</Dungeon_Type><Name>Academy Vaults</Name><Image>mini\dungeon\new4\arcane library2.jpg</Image><Arcade_Region>Dusk Dale</Arcade_Region><Alt_Encounters>Plague Bearers;Plague Servants;Corpseborn;Undead Monstrocity;</Alt_Encounters><Encounters>Hungry Dead;Blood Thralls;Vampires;Vampire Lord;</Encounters><Dungeon_Level>One</Dungeon_Level><Description>[Quest] This may once have been a well-off farm, but no more. Dangers aside, the [faction] want this place cleared out and you could certainly use their support. </Description><Color_Theme></Color_Theme><Group>Arcade</Group></props></Academy_Vaults><Shadow_Keep><params><Glory_Reward>25</Glory_Reward><Xp_Reward>150</Xp_Reward><Gold_Reward>100</Gold_Reward><Turns_In_Game>0</Turns_In_Game><Loot_Value>0</Loot_Value><Power_Level>0</Power_Level></params><props><Version>0.05</Version><Dungeon_Group>Undead</Dungeon_Group><Map_Background>big\New2\twilight.jpg</Map_Background><Dungeon_Map_Template>Hall Dark</Dungeon_Map_Template><Workspace_Group>Focus</Workspace_Group><Type>dungeons</Type><Displayed_Name>Shadow Keep</Displayed_Name><Dungeon_Type>Average</Dungeon_Type><Name>Shadow Keep</Name><Image>mini\dungeon\new5\shadow keep.jpg</Image><Arcade_Region>Dusk Dale</Arcade_Region><Alt_Encounters>Plague Bearers;Plague Servants;Corpseborn;Undead Monstrocity;</Alt_Encounters><Encounters>Hungry Dead;Blood Thralls;Vampires;Vampire Lord;</Encounters><Dungeon_Level>One</Dungeon_Level><Description>[Quest] This may once have been a well-off farm, but no more. Dangers aside, the [faction] want this place cleared out and you could certainly use their support. </Description><Color_Theme>blue</Color_Theme><Group>Arcade</Group></props></Shadow_Keep></Dusk_Dale><Blightstone_Desert><Titan_Temple><params><Glory_Reward>25</Glory_Reward><Xp_Reward>150</Xp_Reward><Gold_Reward>100</Gold_Reward></params><props><Arcade_Region>Blightstone Desert</Arcade_Region><Version>0.05</Version><Dungeon_Group>Undead</Dungeon_Group><Map_Background>big\dungeons\undercity.jpg</Map_Background><Type>dungeons</Type><Dungeon_Level>Four</Dungeon_Level><Dungeon_Type>Average</Dungeon_Type><Name>Titan Temple</Name><Image>mini\dungeon\misc\temple.jpg</Image><Group>Arcade</Group></props></Titan_Temple><Sanctuary><params><Glory_Reward>25</Glory_Reward><Xp_Reward>150</Xp_Reward><Gold_Reward>100</Gold_Reward></params><props><Arcade_Region>Blightstone Desert</Arcade_Region><Version>0.05</Version><Dungeon_Group>Undead</Dungeon_Group><Map_Background>big\dungeons\new dungeon3.jpg</Map_Background><Type>dungeons</Type><Dungeon_Level>Five</Dungeon_Level><Dungeon_Type>Average</Dungeon_Type><Name>Sanctuary</Name><Image>mini\dungeon\underground\hall.jpg</Image><Group>Arcade</Group></props></Sanctuary><Undercity><params><Glory_Reward>25</Glory_Reward><Xp_Reward>150</Xp_Reward><Gold_Reward>100</Gold_Reward></params><props><Arcade_Region>Blightstone Desert</Arcade_Region><Version>0.05</Version><Dungeon_Group>Undead</Dungeon_Group><Map_Background>big\dungeons\dead city.jpg</Map_Background><Type>dungeons</Type><Dungeon_Level>Five</Dungeon_Level><Dungeon_Type>Average</Dungeon_Type><Name>Undercity</Name><Image>mini\dungeon\undead\death gate.jpg</Image><Group>Arcade</Group></props></Undercity><Necropolis><params><Glory_Reward>25</Glory_Reward><Xp_Reward>150</Xp_Reward><Gold_Reward>100</Gold_Reward></params><props><Arcade_Region>Blightstone Desert</Arcade_Region><Dungeon_Group>Undead</Dungeon_Group><Map_Background>big\dungeons\labyrinth.jpg</Map_Background><Type>dungeons</Type><Dungeon_Level>Five</Dungeon_Level><Dungeon_Type>Average</Dungeon_Type><Name>Necropolis</Name><Image>mini\dungeon\undead\City of the Dead.jpg</Image></props></Necropolis><Crystal_Chamber><params><Glory_Reward>25</Glory_Reward><Xp_Reward>150</Xp_Reward><Gold_Reward>100</Gold_Reward></params><props><Arcade_Region>Blightstone Desert</Arcade_Region><Version>0.05</Version><Dungeon_Group>Undead</Dungeon_Group><Map_Background>big\dungeons\cave.jpg</Map_Background><Type>dungeons</Type><Dungeon_Level>Five</Dungeon_Level><Dungeon_Type>Average</Dungeon_Type><Name>Crystal Chamber</Name><Image>mini\dungeon\underground\treasure room.jpg</Image><Group>Arcade</Group></props></Crystal_Chamber><Mausoleum><params><Glory_Reward>25</Glory_Reward><Xp_Reward>150</Xp_Reward><Gold_Reward>100</Gold_Reward></params><props><Arcade_Region>Blightstone Desert</Arcade_Region><Version>0.05</Version><Dungeon_Group>Undead</Dungeon_Group><Map_Background>big\dungeons\labyrinth.jpg</Map_Background><Type>dungeons</Type><Displayed_Name>Mausoleum</Displayed_Name><Dungeon_Level>Five</Dungeon_Level><Dungeon_Type>Average</Dungeon_Type><Name>Mausoleum</Name><Image>mini\dungeon\undead\Lich Palace.jpg</Image></props></Mausoleum></Blightstone_Desert><Wraith_Marshes><Ancient_Crypt><params><Glory_Reward>25</Glory_Reward><Xp_Reward>150</Xp_Reward><Gold_Reward>100</Gold_Reward></params><props><Arcade_Region>Wraith Marshes</Arcade_Region><Version>0.05</Version><Dungeon_Group>Undead</Dungeon_Group><Map_Background>big\new dungeons\crypt.jpg</Map_Background><Type>dungeons</Type><Dungeon_Level>Three</Dungeon_Level><Dungeon_Type>Average</Dungeon_Type><Name>Ancient Crypt</Name><Image>mini\dungeon\undead\ancient crypts.jpg</Image><Group>Arcade</Group></props></Ancient_Crypt><Forsaken_Castle><params><Glory_Reward>25</Glory_Reward><Xp_Reward>150</Xp_Reward><Gold_Reward>100</Gold_Reward></params><props><Arcade_Region>Wraith Marshes</Arcade_Region><Version>0.05</Version><Dungeon_Group>Undead</Dungeon_Group><Map_Background>big\new dungeons\dark castle.jpg</Map_Background><Type>dungeons</Type><Dungeon_Level>Three</Dungeon_Level><Dungeon_Type>Average</Dungeon_Type><Name>Forsaken Castle</Name><Image>mini\dungeon\human\Von Finsterheim Castle.jpg</Image></props></Forsaken_Castle><Defiled_Crypt><params><Glory_Reward>25</Glory_Reward><Xp_Reward>150</Xp_Reward><Gold_Reward>100</Gold_Reward></params><props><Arcade_Region>Wraith Marshes</Arcade_Region><Version>0.05</Version><Dungeon_Group>Undead</Dungeon_Group><Map_Background>big\new dungeons\crypt.jpg</Map_Background><Type>dungeons</Type><Dungeon_Level>Three</Dungeon_Level><Dungeon_Type>Average</Dungeon_Type><Name>Defiled Crypt</Name><Image>mini\dungeon\misc\ruins.jpg</Image><Group>Arcade</Group></props></Defiled_Crypt><Enchanted_Glade><params><Glory_Reward>25</Glory_Reward><Xp_Reward>150</Xp_Reward><Gold_Reward>100</Gold_Reward></params><props><Arcade_Region>Wraith Marshes</Arcade_Region><Version>0.05</Version><Dungeon_Group>Undead</Dungeon_Group><Map_Background>big\dungeons\cave.jpg</Map_Background><Type>dungeons</Type><Dungeon_Level>Three</Dungeon_Level><Dungeon_Type>Average</Dungeon_Type><Name>Enchanted Glade</Name><Image>mini\dungeon\underground\cave.jpg</Image></props></Enchanted_Glade><Haunted_Mansion><params><Glory_Reward>25</Glory_Reward><Xp_Reward>150</Xp_Reward><Gold_Reward>100</Gold_Reward></params><props><Arcade_Region>Wraith Marshes</Arcade_Region><Dungeon_Group>Undead</Dungeon_Group><Map_Background>big\dungeons\mansion.jpg</Map_Background><Type>dungeons</Type><Dungeon_Level>Two</Dungeon_Level><Dungeon_Type>Average</Dungeon_Type><Name>Haunted Mansion</Name><Image>mini\dungeon\undead\Dark Mansion.jpg</Image><Group>Arcade</Group></props></Haunted_Mansion><Drowned_Crypt><params><Glory_Reward>25</Glory_Reward><Xp_Reward>150</Xp_Reward><Gold_Reward>100</Gold_Reward></params><props><Arcade_Region>Wraith Marshes</Arcade_Region><Version>0.05</Version><Dungeon_Group>Undead</Dungeon_Group><Map_Background>big\new dungeons\crypt.jpg</Map_Background><Type>dungeons</Type><Dungeon_Level>Two</Dungeon_Level><Dungeon_Type>Average</Dungeon_Type><Name>Drowned Crypt</Name><Image>mini\dungeon\undead\catacombs.jpg</Image><Group>Arcade</Group></props></Drowned_Crypt><Library><params><Glory_Reward>25</Glory_Reward><Xp_Reward>150</Xp_Reward><Gold_Reward>100</Gold_Reward></params><props><Arcade_Region>Wraith Marshes</Arcade_Region><Version>0.05</Version><Dungeon_Group>Undead</Dungeon_Group><Map_Background>big\new dungeons\dark castle.jpg</Map_Background><Type>dungeons</Type><Displayed_Name>Library</Displayed_Name><Dungeon_Level>Three</Dungeon_Level><Dungeon_Type>Average</Dungeon_Type><Name>Library</Name><Image>mini\dungeon\library.jpg</Image></props></Library></Wraith_Marshes><Greyleaf_Woods><Ancient_Tomb><params><Glory_Reward>25</Glory_Reward><Xp_Reward>150</Xp_Reward><Gold_Reward>100</Gold_Reward></params><props><Arcade_Region>Greyleaf Woods</Arcade_Region><Dungeon_Group>Undead</Dungeon_Group><Map_Background>big\dungeons\mansion.jpg</Map_Background><Workspace_Group>Design</Workspace_Group><Type>dungeons</Type><Dungeon_Level>Two</Dungeon_Level><Dungeon_Type>Average</Dungeon_Type><Name>Ancient Tomb</Name><Image>mini\dungeon\undead\crypt.jpg</Image></props></Ancient_Tomb><Ruined_Fort><params><Glory_Reward>25</Glory_Reward><Xp_Reward>150</Xp_Reward><Gold_Reward>100</Gold_Reward></params><props><Arcade_Region>Greyleaf Woods</Arcade_Region><Lore>Despite its crudeness, this fort has withstood the test of time better than most structures in the region</Lore><Dungeon_Group>Undead</Dungeon_Group><Map_Background>big\dungeons\mansion.jpg</Map_Background><Type>dungeons</Type><Description>[faction leader] has indicated this to be the likeliest place to search for [party].</Description><Dungeon_Level>Two</Dungeon_Level><Dungeon_Type>Average</Dungeon_Type><Name>Ruined Fort</Name><Image>mini\dungeon\misc\ruins2.jpg</Image><Group>Arcade</Group></props></Ruined_Fort><Cavern><params><Glory_Reward>25</Glory_Reward><Xp_Reward>150</Xp_Reward><Gold_Reward>100</Gold_Reward><Power_Level>1</Power_Level></params><props><Dungeon_Group>Undead</Dungeon_Group><Map_Background>big\dungeons\dungeon2.jpg</Map_Background><Workspace_Group>Focus</Workspace_Group><Type>dungeons</Type><Power_Encounters>Chaos Minions;Chaos Legion;Abyssal Fiend;Demon Lord;</Power_Encounters><Name>Cavern</Name><Dungeon_Type>Average</Dungeon_Type><Image>mini\dungeon\underground\dungeon2.jpg</Image><Arcade_Region>Greyleaf Woods</Arcade_Region><Alt_Encounters>Chaos Apostates;Demon Worshippers;Chaos Minions;Chaos Legion;Abyssal Fiend;Demon Lord;</Alt_Encounters><Encounters>Dungeon Monsters;Dungeon Terrors;Ancient Beast;</Encounters><Dungeon_Level>One</Dungeon_Level><Group>Arcade</Group></props></Cavern><Forlorn_Ruins><params><Glory_Reward>25</Glory_Reward><Xp_Reward>150</Xp_Reward><Gold_Reward>100</Gold_Reward><Power_Level>1</Power_Level></params><props><Arcade_Region>Greyleaf Woods</Arcade_Region><Alt_Encounters>Robber Band</Alt_Encounters><Lore>Your information indicates that some of the Scrolls may be hidden in a place that resembles what these ruins might have once looked like. </Lore><Dungeon_Group>Human</Dungeon_Group><Encounters>Wolf Pack;Warg Pack;Feline Predators;Angered Grizzly;</Encounters><Map_Background>big\dungeons\ruins.jpg</Map_Background><Type>dungeons</Type><Dungeon_Level>One</Dungeon_Level><Dungeon_Type>Average</Dungeon_Type><Name>Forlorn Ruins</Name><Image>mini\dungeon\human\hidden camp.jpg</Image><Group>Arcade</Group></props></Forlorn_Ruins><Labyrinth><params><Glory_Reward>25</Glory_Reward><Xp_Reward>150</Xp_Reward><Gold_Reward>100</Gold_Reward><Power_Level>1</Power_Level></params><props><Arcade_Region>Greyleaf Woods</Arcade_Region><Alt_Encounters>Colony Brood;Colony Warriors;Colony Queen;</Alt_Encounters><Dungeon_Group>Undead</Dungeon_Group><Encounters>Dungeon Monsters;Dungeon Horrors;Ancient Beast;</Encounters><Map_Background>big\dungeons\dungeon2.jpg</Map_Background><Type>dungeons</Type><Dungeon_Level>One</Dungeon_Level><Dungeon_Type>Average</Dungeon_Type><Name>Labyrinth</Name><Image>mini\dungeon\underground\dungeon2.jpg</Image><Group>Arcade</Group></props></Labyrinth></Greyleaf_Woods></XML>