<XML><Standard><Dwarven_Clans><params></params><props><Version>0.05</Version><Unit_Types></Unit_Types><Ally_Factions>Sons of Ulamir;Silver Knights;Celestials;Wood Elves;</Ally_Factions><Faction_Group>Standard</Faction_Group><Workspace_Group>Complete</Workspace_Group><Type>factions</Type><Hero_Backgrounds>Moonsilver Dwarf;Wildaxe Dwarf;Grimbart Dwarf;Redblaze Dwarf;Frostbeard Dwarf;Dwarf;Runesmith Dwarf;Wolfsbane Dwarf;</Hero_Backgrounds><Name>Dwarven Clans</Name><Image>mini\special\polymorphed dwarf.jpg</Image><Group>Standard</Group><Unit_Pool>Forsworn Dwarf;Dwarf Guardsman;Dwarf Shooter;Dwarven Militia;Dwarf Warrior;Forsworn Miner;Hill Giant;Mountain Giant;Dwarf Brawler;Valkyrie;Dwarf Sharpeye;Dwarf Veteran;Exiled Thane;</Unit_Pool></props></Dwarven_Clans><Pirate_Republic><params></params><props><Version>0.05</Version><Unit_Types></Unit_Types><Ally_Factions>Thieves Guild;Baron Molfrey;Savage Tribes;Warp Minions;</Ally_Factions><Faction_Group>Standard</Faction_Group><Type>factions</Type><Hero_Backgrounds>Raven Realm Outlaw;Eagle Realm Rebel;Raven Realm Mercenary;Fey Elf Bandit;Easterling;Easterling Wanderer;King's Realm Commoner;Inferi Warpborn;Stranger;Elf;Wolf Realm Outcast;Dwarf;</Hero_Backgrounds><Name>Pirate Republic</Name><Image>mini\special\piracy.jpg</Image><Group>Standard</Group><Unit_Pool>Pirate Saboteur;Pirate Brute;Pirate Skirmisher;Pirate First Mate;Pirate Taskmaster;Pirate Captain;Ronin Ballestero;Pirate;Thug;Drakeling;</Unit_Pool></props></Pirate_Republic><Savage_Tribes><params></params><props><Version>0.05</Version><Unit_Types></Unit_Types><Ally_Factions>The Wild Hunt;Demons Of Abyss;Pirate Republic;Plague Eaters;</Ally_Factions><Faction_Group>Standard</Faction_Group><Workspace_Group>Complete</Workspace_Group><Type>factions</Type><Hero_Backgrounds>Red Orc;Black Orc;Pale Orc;Green Orc;Wildaxe Dwarf;Inferi;Inferi Chaosborn;Inferi Warpborn;Inferi Demonborn;Wolf Realm Outcast;Easterling Chaos Cultist;Easterling Death Cultist;Inferi Demonborn;Inferi Chaosborn;</Hero_Backgrounds><Name>Savage Tribes</Name><Image>mini\special\feast.jpg</Image><Group>Standard</Group><Unit_Pool>Goblin Scout;Goblin Ambusher;Goblin Crew-Leader;Goblin Poacher;Goblin Watchman;Goblin Skirmisher;Orc Raider;Orc archer;Orc Ravager;Orc Khan;Orc Executioner;Orc Champion;Ogre;Troll;Dark Shaman;Shaman;</Unit_Pool></props></Savage_Tribes><Chaos_Legion><params></params><props><Version>0.05</Version><Unit_Types></Unit_Types><Ally_Factions>Warp Minions;Demons Of Abyss;Savage Tribes;Inquisition;</Ally_Factions><Faction_Group>Standard</Faction_Group><Workspace_Group>Complete</Workspace_Group><Type>factions</Type><Name>Chaos Legion</Name><Image>mini\special\phoenix.jpg</Image><Group>Standard</Group><Unit_Pool>Infernal Golem;Possessed;Devil Mage;Avenger;Lord of Hatred;Demon Lord;Chaos Warlock;Inferi Sorceror;Chaos Apostate;Chaos Cultist;</Unit_Pool></props></Chaos_Legion><Warp_Minions><params></params><props><Version>0.05</Version><Unit_Types></Unit_Types><Ally_Factions>Chaos Legion;Demons Of Abyss;Pirate Republic;The Coven;Vampire Lords;</Ally_Factions><Faction_Group>Standard</Faction_Group><Type>factions</Type><Name>Warp Minions</Name><Image>mini\special\warp storm.jpg</Image><Group>Standard</Group><Unit_Pool>Familiar;Lord of Despair;Demon Tormentor;Mistress;Screamer;Succubus;Incubus;Lord of Pain;</Unit_Pool></props></Warp_Minions><Demons_Of_Abyss><params></params><props><Version>0.05</Version><Unit_Types></Unit_Types><Ally_Factions>Warp Minions;Chaos Legion;Savage Tribes;The Wild Hunt;</Ally_Factions><Faction_Group>Standard</Faction_Group><Dev_Notes></Dev_Notes><Workspace_Group>Complete</Workspace_Group><Type>factions</Type><Name>Demons Of Abyss</Name><Image>mini\special\New folder (3)\demon.jpg</Image><Group>Standard</Group><Unit_Pool>Demon Carnifex;Demon Brute;Hellguard;Demon Gorger;Demon Prince;Fiend;Demon Caller;Demon Worshipper;Abyssal Fiend;Demon Vindicator;Satyr Demoncaller;Lord of Terror;Imp;Hell's Tyrant;</Unit_Pool></props></Demons_Of_Abyss><Celestials><params></params><props><Version>0.05</Version><Unit_Types></Unit_Types><Ally_Factions>Silver Knights;Pale Legions;Twilight Order;The Strix;</Ally_Factions><Faction_Group>Standard</Faction_Group><Workspace_Group>Complete</Workspace_Group><Type>factions</Type><Name>Celestials</Name><Image>mini\special\New folder (3)\gate.jpg</Image><Group>Standard</Group><Unit_Pool>Sky Lion;Grey Eagle;Cloud Titan;Rox;Sky Lord;Lucent Wisp;Ayrie;Eldritch Strix;Griff;</Unit_Pool></props></Celestials><Wood_Elves><params></params><props><Version>0.05</Version><Unit_Types></Unit_Types><Faction_Group>Standard</Faction_Group><Type>factions</Type><Name>Wood Elves</Name><Image>mini\special\joy.jpg</Image><Group>Standard</Group><Unit_Pool>Treant Sapling;Treant;Mantis;Giant Dragonfly;Moss Spawn;Kaithar Druid;</Unit_Pool></props></Wood_Elves><Ravenguard><params></params><props><Version>0.05</Version><Unit_Types></Unit_Types><Faction_Group>Standard</Faction_Group><Workspace_Group>Complete</Workspace_Group><Type>factions</Type><Name>Ravenguard</Name><Image>mini\special\New folder (2)\raven.jpg</Image><Group>Standard</Group><Unit_Pool>Ravenguard Overseer;Ravenguard Knight;Ravenguard Enforcer;Ravenguard Commander;Ravenguard Lieutenant;Ravenguard Jailor;Ravenguard Specialist;Ravenguard Executioner;Ravenguard Warden;Shieldman;Ravenguard Crossbowman;Trickster Raven;</Unit_Pool></props></Ravenguard><Death_Cult><params></params><props><Version>0.05</Version><Unit_Types></Unit_Types><Ally_Factions>Pale Legions;Baron Gerntod;The Coven;Vampire Lords;</Ally_Factions><Faction_Group>Standard</Faction_Group><Workspace_Group>Complete</Workspace_Group><Type>factions</Type><Name>Death Cult</Name><Image>mini\special\the dead2.jpg</Image><Group>Standard</Group><Unit_Pool>Skeleton;Zombie;Skeletal Beast;Undead Beast;Ghoul;Skeleton Archer;Bone Knight;Death Worshipper;Death Adept;Lich;Death Knight;Bone Dragon;King of the Dead;Death Lord;</Unit_Pool></props></Death_Cult><Pale_Legions><params></params><props><Version>0.05</Version><Unit_Types></Unit_Types><Ally_Factions>Sons of Ulamir;Twilight Order;Celestials;Death Cult;</Ally_Factions><Faction_Group>Standard</Faction_Group><Type>factions</Type><Name>Pale Legions</Name><Image>mini\special\ghosts.jpg</Image><Group>Standard</Group><Unit_Pool>Skeleton;Ghost;Revenant;Death Lord;Eledari Necromancer;Wraith Whisperer;Wraith;Lich;Skeleton Archer;King of the Dead;Bone Knight;Ghast Wraith;Wraith Knight;</Unit_Pool></props></Pale_Legions><Vampire_Lords><params></params><props><Version>0.05</Version><Unit_Types></Unit_Types><Ally_Factions>Night Haunters;Baron Gerntod;Death Cult;Warp Minions;</Ally_Factions><Faction_Group>Standard</Faction_Group><Type>factions</Type><Name>Vampire Lords</Name><Image>mini\special\crimson grimoire.jpg</Image><Group>Standard</Group><Unit_Pool>Vampire Bat;Grave Looter;Cannibal;Blood Ghast;Blood Revenant;Bloodmage Apprentice;Ghast Zombie;Crimson Champion;Vampire Mistress;Afflicted Nobleman;Vampire;Vampire Lord;</Unit_Pool></props></Vampire_Lords><Twilight_Order><params></params><props><Version>0.05</Version><Unit_Types></Unit_Types><Ally_Factions>Pale Legions;Celestials;Silver Knights;The Strix;</Ally_Factions><Faction_Group>Standard</Faction_Group><Type>factions</Type><Name>Twilight Order</Name><Image>mini\special\secret covenant.jpg</Image><Group>Standard</Group><Unit_Pool>Assassin;Satyr Gloomweaver;Shadow Elemental;Psychic Aberration;Twilight Legionnaire;Cerberus;Dark Angel;Grey Elf Scout;Twilight Disciple;</Unit_Pool></props></Twilight_Order><The_Wild_Hunt><params></params><props><Version>0.05</Version><Unit_Types></Unit_Types><Ally_Factions>Savage Tribes;Wood Elves;Night Haunters;Chaos Legion;</Ally_Factions><Faction_Group>Standard</Faction_Group><Workspace_Group>Complete</Workspace_Group><Type>factions</Type><Displayed_Name>The Wild Hunt</Displayed_Name><Name>The Wild Hunt</Name><Image>mini\special\New folder (3)\fugue.jpg</Image><Group>Standard</Group><Unit_Pool>Hermit;Shadow Wolf;Black Wolf;Barbarian;Shaman;Barbarian Chief;Berserker;Dark Shaman;Black Panther;Warg;Dire Warg;Dire Grizzly;Headless Horseman;Black Dragon;</Unit_Pool></props></The_Wild_Hunt><Thieves_Guild><params></params><props><Version>0.05</Version><Unit_Types></Unit_Types><Ally_Factions>Pirate Republic;Baron Molfrey;Ravenguard;The Coven;</Ally_Factions><Faction_Group>Standard</Faction_Group><Type>factions</Type><Displayed_Name>Thieves Guild</Displayed_Name><Name>Thieves Guild</Name><Image>mini\special\ambush.jpg</Image><Group>Standard</Group><Unit_Pool>Thief;Cutthroat;Thug;Ronin Ballestero;Bounty Hunter;Assassin;Bandit Lord;Sniper;Renegade Wizard;</Unit_Pool></props></Thieves_Guild><The_Coven><params></params><props><Version>0.05</Version><Unit_Types></Unit_Types><Faction_Group>Standard</Faction_Group><Type>factions</Type><Displayed_Name>The Coven</Displayed_Name><Name>The Coven</Name><Image>mini\special\New folder (3)\ritual.jpg</Image><Group>Standard</Group><Unit_Pool>Trickster Raven;Twisted Mutant;Eldritch Knight;Gargantuan Beast;Rabid Mutant;Dark Apostate;Dark Adept;Warlock;Enchantress;Apostate;Sorceress;</Unit_Pool></props></The_Coven><The_Strix><params></params><props><Version>0.05</Version><Unit_Types></Unit_Types><Ally_Factions>Celestials;Twilight Order;Silver Knights;Kingsguard;</Ally_Factions><Faction_Group>Standard</Faction_Group><Type>factions</Type><Displayed_Name>The Strix</Displayed_Name><Name>The Strix</Name><Image>mini\special\New folder (3)\1arcanum.jpg</Image><Group>Standard</Group><Unit_Pool>Gargoyle;Eldritch Strix;Gargoyle Sentinel;Iron Golem;Steel Golem;Stone Golem;Ancient Automata;Mechanicum Titan;Sorceress;Enchantress;Apprentice Conjurer;Aether Golem;Horseshoe Crab;Conjurer;Stag Beetle;Rhino Beetle;Apprentice Conjurer;Apprentice Enchanter;Apprentice Elementalist;</Unit_Pool></props></The_Strix><Night_Haunters><params></params><props><Version>0.05</Version><Unit_Types></Unit_Types><Faction_Group>Standard</Faction_Group><Type>factions</Type><Displayed_Name>Night Haunters</Displayed_Name><Hero_Backgrounds>Vampire Outcast;Wolf Realm Outcast;Wolf Realm Huntsman;Man of Wolf Realm;Dark Elf Duskguard;Dark Elf Witchmind;Dark Elf Sharradrim;Dark Elf;Black Orc;Pale Orc;Wolfsbane Dwarf;Grey Elf Mistguard;Wood Elf Watcher;</Hero_Backgrounds><Name>Night Haunters</Name><Image>mini\special\rider.jpg</Image><Group>Standard</Group><Unit_Pool>Black Wolf;Werewolf;Nightmare;Demonio Nocturno;Shadow Wolf;Night Bat;Shadow Disciple;Shadow Weaver;Twilight Disciple;Dark Fey;</Unit_Pool></props></Night_Haunters><Silver_Knights><params></params><props><Version>0.05</Version><Unit_Types></Unit_Types><Ally_Factions>Kingsguard;Celestials;The Strix;Twilight Order;Sons of Ulamir;</Ally_Factions><Faction_Group>Standard</Faction_Group><Type>factions</Type><Displayed_Name>Silver Knights</Displayed_Name><Hero_Backgrounds>King's Realm Nobleborn;Man of King's Realm;Eagle Realm Skyguard;Eagle Realm Nobleborn;Wolf Realm Nobleborn;Griff Realm Nobleborn;High Elf Sunguard;Grey Elf Archon;Man of Eagle Realm;</Hero_Backgrounds><Name>Silver Knights</Name><Image>mini\special\call for heroes.jpg</Image><Group>Standard</Group><Unit_Pool></Unit_Pool></props></Silver_Knights><Deep_Ones><params></params><props><Version>0.05</Version><Unit_Types></Unit_Types><Ally_Factions>Night Haunters;The Coven;Demons Of Abyss;PLAGUE_EATERS</Ally_Factions><Faction_Group>Standard</Faction_Group><Workspace_Group>Complete</Workspace_Group><Type>factions</Type><Displayed_Name>Deep Ones</Displayed_Name><Hero_Backgrounds>Pale Orc;Grimbart Dwarf;Black Orc;Dark Elf Witchmind;Dark Elf Duskguard;Dark Elf;Dark Elf Sharradrim;Inferi Demonborn;Easterling Chaos Cultist;Man of Raven Realm;</Hero_Backgrounds><Name>Deep Ones</Name><Image>mini\special\source2.jpg</Image><Group>Standard</Group><Unit_Pool>Evil Eye;Manticore;Hydra;Troglodyte;Minotaur;Harpy;Guardian of the Underworld;Mind Flayer;Black Dragon;Dark Uruk;Pale Fiend;Corrupted Mind Flayer;Minotaur Praetor;Troglodyte Mutant;</Unit_Pool></props></Deep_Ones><Inquisition><params></params><props><Version>0.05</Version><Unit_Types></Unit_Types><Ally_Factions>Kingsguard;Celestials;Silver Knights;Chaos Legion;</Ally_Factions><Faction_Group>Standard</Faction_Group><Type>factions</Type><Displayed_Name>Inquisition</Displayed_Name><Name>Inquisition</Name><Image>mini\special\confess.jpg</Image><Group>Standard</Group><Unit_Pool>Fanatic;Battle Monk;Crusader;Inquisitor;Vindicator;Lord Cardinal;Defender of Faith;Martyr;Red Dawn Priest;</Unit_Pool></props></Inquisition><Kingsguard><params></params><props><Version>0.05</Version><Unit_Types></Unit_Types><Ally_Factions>Inquisition;Silver Knights;Celestials;Circle of Magi;</Ally_Factions><Faction_Group>Standard</Faction_Group><Type>factions</Type><Displayed_Name>Kingsguard</Displayed_Name><Name>Kingsguard</Name><Image>mini\special\charge4.jpg</Image><Group>Standard</Group><Unit_Pool></Unit_Pool></props></Kingsguard><Baron_Avenmor><params></params><props><Version>0.05</Version><Unit_Types>Swordsman;Peasant;Crossbowman;Pikeman;Ballestero;Guardsman;Sniper;Mercenary Ranger;Knight Errant;Shieldman;</Unit_Types><Ally_Factions>Circle of Magi;Ravenguard;Silver Knights;Twilight Order;</Ally_Factions><Faction_Group>Standard</Faction_Group><Type>factions</Type><Displayed_Name>Baron Avenmor</Displayed_Name><Hero_Backgrounds>Man of Raven Realm;Raven Realm Mercenary;Raven Realm Outlaw;Raven Realm Nobleborn;King's Realm Studiosus;Eagle Realm Nobleborn;Wolf Realm Nobleborn;Easterling Wanderer;Grimbart Dwarf;Fey Elf Studiosus;Fey Elf Adventurer;</Hero_Backgrounds><Name>Baron Avenmor</Name><Image>mini\special\New folder (3)\Dark Tower.jpg</Image><Group>Standard</Group><Unit_Pool>Soldier;Swordsman;Peasant;Crossbowman;Pikeman;Ballestero;Guardsman;Sniper;Mercenary Ranger;Knight Errant;Shieldman;</Unit_Pool></props></Baron_Avenmor><Baron_Gerntod><params></params><props><Version>0.05</Version><Unit_Types>Swordsman;Peasant;Crossbowman;Pikeman;Ballestero;Guardsman;Sniper;Mercenary Ranger;Fallen Knight;Bounty Hunter;</Unit_Types><Ally_Factions>Ravenguard;Pirate Republic;Thieves Guild;The Coven;</Ally_Factions><Faction_Group>Standard</Faction_Group><Type>factions</Type><Displayed_Name>Baron Gerntod</Displayed_Name><Name>Baron Gerntod</Name><Image>mini\special\New folder (3)\Dark Castle.jpg</Image><Group>Standard</Group><Unit_Pool>Doggy;Soldier;Marauder;Swordsman;Peasant;Crossbowman;Pikeman;Ballestero;Guardsman;Sniper;Mercenary Ranger;Fallen Knight;Bounty Hunter;Gargantuan Beast;Naga Assailant;Pirate Captain;</Unit_Pool></props></Baron_Gerntod><Sons_of_Ulamir><params></params><props><Version>0.05</Version><Unit_Types>Frost Giant;Storm Giant;Giantess;Valkyrie;Glory Seeker;Coldskin Warrior;Coldskin Elder;Nordheim Warrior;Slayer;Nordheim Champion;War Maiden;Shaman;Grey Wolf;Trickster Raven;</Unit_Types><Ally_Factions>Celestials;Dwarven Clans;Silver Knights;Pale Legions;</Ally_Factions><Faction_Group>Standard</Faction_Group><Workspace_Group>Complete</Workspace_Group><Type>factions</Type><Displayed_Name>Sons of Ulamir</Displayed_Name><Name>Sons of Ulamir</Name><Image>mini\special\New folder (3)\Allfather final.jpg</Image><Group>Standard</Group><Unit_Pool>Hill Giant;Mountain Giant;Frost Giant;Storm Giant;Giantess;Valkyrie;Glory Seeker;Coldskin Warrior;Coldskin Elder;Nordheim Warrior;Slayer;Nordheim Champion;War Maiden;</Unit_Pool></props></Sons_of_Ulamir><Baron_Molfrey><params></params><props><Version>0.05</Version><Unit_Types></Unit_Types><Ally_Factions>Ravenguard;Inquisition;Vampire Lords;Death Cult;</Ally_Factions><Faction_Group>Standard</Faction_Group><Type>factions</Type><Displayed_Name>Baron Molfrey</Displayed_Name><Name>Baron Molfrey</Name><Image>mini\special\New folder (3)\noble house.jpg</Image><Group>Standard</Group><Unit_Pool>Soldier;Swordsman;Peasant;Crossbowman;Pikeman;Ballestero;Guardsman;Fallen Knight;Rabid Dog;Plague Bearer;Wyvern;Armored Wyvern;Young Wyvern;</Unit_Pool></props></Baron_Molfrey><Plague_Eaters><params></params><props><Version>0.05</Version><Unit_Types></Unit_Types><Ally_Factions>Death Cult;Vampire Lords;Deep Ones;The Wild Hunt;</Ally_Factions><Faction_Group>Standard</Faction_Group><Type>factions</Type><Displayed_Name>Plague Eaters</Displayed_Name><Name>Plague Eaters</Name><Image>mini\special\army of dead.jpg</Image><Group>Standard</Group><Unit_Pool>Ghoul;Bone Dragon;Husk;Colony Overseer;Colony Harvester;Colony Warrior;Colony Drone;Huorn;Eledari Dark Druid;Plague Servant;Infested Husk;Plague Zombie;Plague Rat;Plague Bringer;Colony Queen;</Unit_Pool></props></Plague_Eaters><Circle_of_Magi><params></params><props><Version>0.05</Version><Unit_Types></Unit_Types><Ally_Factions>Ravenguard;Baron Avenmor;Silver Knights;Kingsguard;</Ally_Factions><Faction_Group>Standard</Faction_Group><Type>factions</Type><Displayed_Name>Circle of Magi</Displayed_Name><Name>Circle of Magi</Name><Image>mini\special\New folder (3)\Everfall.jpg</Image><Group>Standard</Group><Unit_Pool>Gargoyle;Eldritch Strix;Gargoyle Sentinel;Iron Golem;Steel Golem;Stone Golem;Ancient Automata;Mechanicum Titan;Sorceress;Enchantress;Apprentice Conjurer;Aether Golem;Horseshoe Crab;Conjurer;Stag Beetle;Rhino Beetle;Apprentice Conjurer;Apprentice Enchanter;Apprentice Elementalist;</Unit_Pool></props></Circle_of_Magi></Standard></XML>