<XML><Standard><On_Cooldown><params></params><props><Buff_Type>Standard</Buff_Type><Type>buffs</Type><Name>On Cooldown</Name><Image>mini\abils\xp2_textures_bif-0000000280.jpg</Image><Group>Standard</Group></props></On_Cooldown><Claimed><params></params><props><Buff_Type>Standard</Buff_Type><Type>buffs</Type><Name>Claimed</Name><Image>mini\abils\xp2_textures_bif-0000000272.jpg</Image><Group>Standard</Group></props></Claimed><Concentration><params></params><props><Buff_Type>Standard</Buff_Type><Type>buffs</Type><Name>Concentration</Name><Image>mini\abils\xp2_textures_bif-0000000280.jpg</Image><Group>Mode</Group></props></Concentration><Resting><params></params><props><Buff_Type>Standard</Buff_Type><Type>buffs</Type><Name>Resting</Name><Image>mini\buff\Pure Heart.jpg</Image><Group>Mode</Group></props></Resting><Channeling><params></params><props><Buff_Type>Standard</Buff_Type><Type>buffs</Type><Name>Channeling</Name><Image>mini\abils\xp2_textures_bif-0000000255.jpg</Image><Group>Mode</Group></props></Channeling><Meditation><params></params><props><Buff_Type>Standard</Buff_Type><Type>buffs</Type><Name>Meditation</Name><Image>mini\abils\xp2_textures_bif-0000000282.jpg</Image><Group>Mode</Group></props></Meditation><Defending><params></params><props><Buff_Type>Standard</Buff_Type><Type>buffs</Type><Name>Defending</Name><Image>UI\BUFFS (2).jpg</Image><Group>Standard</Group></props></Defending><Waiting><params></params><props><Buff_Type>Standard</Buff_Type><Type>buffs</Type><Name>Waiting</Name><Image>mini\buff\new\xp2_textures_bif-0000000756.jpg</Image><Group>Standard</Group></props></Waiting><Alert><params></params><props><Buff_Type>Standard</Buff_Type><Type>buffs</Type><Name>Alert</Name><Image>mini\abils\Concentration.jpg</Image><Group>Mode</Group></props></Alert><Treason><params></params><props><Buff_Type>Standard</Buff_Type><Type>buffs</Type><Name>Treason</Name><Image>mini\buff\Cursed2.jpg</Image><Group>Debuff</Group></props></Treason><Encumbered><params></params><props><Buff_Type>Standard</Buff_Type><Type>buffs</Type><Name>Encumbered</Name><Image>mini\buff\Weakened.jpg</Image><Group>Debuff</Group></props></Encumbered><Overburdened><params></params><props><Buff_Type>Standard</Buff_Type><Type>buffs</Type><Name>Overburdened</Name><Image>mini\buff\Incapacitate.jpg</Image><Group>Debuff</Group></props></Overburdened><Exhausted><params></params><props><Buff_Type>Standard</Buff_Type><Type>buffs</Type><Name>Exhausted</Name><Image>mini\buff\Wounded.jpg</Image><Group>Debuff</Group></props></Exhausted><Discombobulated><params></params><props><Buff_Type>Standard</Buff_Type><Type>buffs</Type><Name>Discombobulated</Name><Image>mini\buff\Haze3.jpg</Image><Group>Debuff</Group></props></Discombobulated><Razorsharp><params></params><props><Buff_Type>Standard</Buff_Type><Type>buffs</Type><Name>Razorsharp</Name><Image>mini\buff\Alert.jpg</Image><Group>Buff</Group></props></Razorsharp><Inspired><params></params><props><Buff_Type>Standard</Buff_Type><Type>buffs</Type><Name>Inspired</Name><Image>mini\buff\Divine Grace.jpg</Image><Group>Buff</Group></props></Inspired><Dizzy><params></params><props><Buff_Type>Standard</Buff_Type><Type>buffs</Type><Name>Dizzy</Name><Image>mini\buff\Haze.jpg</Image><Group>Debuff</Group></props></Dizzy><Fatigued><params></params><props><Buff_Type>Standard</Buff_Type><Type>buffs</Type><Name>Fatigued</Name><Image>mini\buff\xp2_textures_bif-0000000577.jpg</Image><Group>Debuff</Group></props></Fatigued><Fearful><params></params><props><Buff_Type>Standard</Buff_Type><Type>buffs</Type><Name>Fearful</Name><Image>mini\buff\Cursed.jpg</Image><Group>Debuff</Group></props></Fearful><Energized><params></params><props><Buff_Type>Standard</Buff_Type><Type>buffs</Type><Name>Energized</Name><Image>mini\buff\Fire Rage.jpg</Image><Group>Buff</Group></props></Energized><Main_Hand_Cadence><params></params><props><Buff_Type>Standard</Buff_Type><Type>buffs</Type><Name>Main Hand Cadence</Name><Image>mini\abils\Piercing.jpg</Image><Group>Standard</Group></props></Main_Hand_Cadence><Off_Hand_Cadence><params></params><props><Buff_Type>Standard</Buff_Type><Type>buffs</Type><Name>Off Hand Cadence</Name><Image>mini\abils\Piercing.jpg</Image><Group>Standard</Group></props></Off_Hand_Cadence><Concealed><params></params><props><Buff_Type>Standard</Buff_Type><Type>buffs</Type><Name>Concealed</Name><Image>mini\abils\Fearsome.jpg</Image><Group>Standard</Group></props></Concealed><Illuminated><params></params><props><Displayed_Name>Illuminated</Displayed_Name><Buff_Type>Standard</Buff_Type><Std_Bools>Apply Thru;</Std_Bools><Type>buffs</Type><Name>Illuminated</Name><Image>mini\abils\New folder\illumination.jpg</Image><Group>Standard</Group></props></Illuminated><Concealment><params></params><props><Displayed_Name>Concealment</Displayed_Name><Buff_Type>Standard</Buff_Type><Std_Bools>Stacking;Dispelable</Std_Bools><Type>buffs</Type><Name>Concealment</Name><Image>mini\abils\Fearsome.jpg</Image><Group>Standard</Group></props></Concealment><Wounded><params></params><props><Buff_Type>Standard</Buff_Type><Type>buffs</Type><Name>Wounded</Name><Image>mini\buff\xp2_textures_bif-0000000551.jpg</Image><Group>Debuff</Group></props></Wounded><Critically_Wounded><params></params><props><Buff_Type>Standard</Buff_Type><Type>buffs</Type><Name>Critically Wounded</Name><Image>mini\buff\new\xp2_textures_bif-0000000804.jpg</Image><Group>Debuff</Group></props></Critically_Wounded><Essence_Regeneration><params></params><props><Buff_Type>Standard</Buff_Type><Type>buffs</Type><Name>Essence Regeneration</Name><Image>mini\abils\xp2_textures_bif-0000000313.jpg</Image><Group>Standard</Group></props></Essence_Regeneration><Late><params></params><props><Buff_Type>Standard</Buff_Type><Type>buffs</Type><Name>Late</Name><Image>mini\buff\new\xp2_textures_bif-000000075623.jpg</Image><Group>Standard</Group></props></Late><Favored><params></params><props><Buff_Type>Standard</Buff_Type><Type>buffs</Type><Name>Favored</Name><Image>mini\abils\xp2_textures_bif-0000000294.jpg</Image><Group>Standard</Group></props></Favored><Panic><params></params><props><Buff_Type>Standard</Buff_Type><Type>buffs</Type><Name>Panic</Name><Image>mini\buff\Cursed2.jpg</Image><Group>Debuff</Group></props></Panic><Immobilized><params></params><props><Buff_Type>Standard</Buff_Type><Type>buffs</Type><Name>Immobilized</Name><Image>mini\buff\Slow.jpg</Image><Group>Debuff</Group></props></Immobilized></Standard><Item><Wand846_Spellpower_Bonus><params></params><props><Buff_Type>Item</Buff_Type><Type>buffs</Type><Name>Wand: Spellpower Bonus</Name><Image>mini\abils\New folder\xp2_textures_bif-0000000550.jpg</Image><Group>Standard</Group></props></Wand846_Spellpower_Bonus><Orb846_Essence_Regeneration><params></params><props><Displayed_Name>Orb: Essence Regeneration</Displayed_Name><Buff_Type>Item</Buff_Type><Type>buffs</Type><Name>Orb: Essence Regeneration</Name><Image>mini\abils\xp2_textures_bif-0000000256.jpg</Image><Group>Standard</Group></props></Orb846_Essence_Regeneration><Spellpower_Bonus><params></params><props><Buff_Type>Item</Buff_Type><Type>buffs</Type><Name>Spellpower Bonus</Name><Image>mini\abils\xp2_textures_bif-0000000256.jpg</Image><Group>Standard</Group></props></Spellpower_Bonus><Poison_Coating><params></params><props><Displayed_Name>Poison Coating</Displayed_Name><Buff_Type>Item</Buff_Type><Custom_Props>Poison Counter</Custom_Props><Type>buffs</Type><Name>Poison Coating</Name><Version>0.1003b</Version><Image>mini\buff\Poison.jpg</Image><Group>Item</Group></props></Poison_Coating><Weakening_Poison_Coating><params></params><props><Displayed_Name>Weakening Poison Coating</Displayed_Name><Buff_Type>Item</Buff_Type><Custom_Props>Poison Counter</Custom_Props><Type>buffs</Type><Name>Weakening Poison Coating</Name><Version>0.1003b</Version><Image>mini\buff\Poison4.jpg</Image><Base_Type>Poison Coating</Base_Type><Group>Item</Group></props></Weakening_Poison_Coating><Hallucinogetic_Poison_Coating><params></params><props><Displayed_Name>Hallucinogetic Poison Coating</Displayed_Name><Buff_Type>Item</Buff_Type><Custom_Props>Poison Counter</Custom_Props><Type>buffs</Type><Name>Hallucinogetic Poison Coating</Name><Version>0.1003b</Version><Image>mini\buff\Poison3.jpg</Image><Base_Type>Poison Coating</Base_Type><Group>Item</Group></props></Hallucinogetic_Poison_Coating><Paralyzing_Poison_Coating><params></params><props><Displayed_Name>Paralyzing Poison Coating</Displayed_Name><Buff_Type>Item</Buff_Type><Std_Bools></Std_Bools><Custom_Props>Poison Counter</Custom_Props><Type>buffs</Type><Name>Paralyzing Poison Coating</Name><Version>0.1003b</Version><Image>mini\buff\Poison2.jpg</Image><Base_Type>Poison Coating</Base_Type><Group>Item</Group></props></Paralyzing_Poison_Coating></Item><Passive><Increased_Spellpower><params></params><props><Buff_Type>Passive</Buff_Type><Type>buffs</Type><Name>Increased Spellpower</Name><Image>mini\abils\xp2_textures_bif-0000000256.jpg</Image><Group>Standard</Group></props></Increased_Spellpower><Increased_Intelligence><params></params><props><Buff_Type>Passive</Buff_Type><Type>buffs</Type><Name>Increased Intelligence</Name><Image>mini\abils\xp2_textures_bif-0000000256.jpg</Image><Group>Standard</Group></props></Increased_Intelligence><Heavenly_Might><params></params><props><Buff_Type>Passive</Buff_Type><Type>buffs</Type><Name>Heavenly Might</Name><Image>mini\abils\New folder\illumination.jpg</Image><Group>Skill</Group></props></Heavenly_Might><Righteous_Might><params></params><props><Buff_Type>Passive</Buff_Type><Type>buffs</Type><Name>Righteous Might</Name><Image>mini\buff\Divine Aura2.jpg</Image><Group>Skill</Group></props></Righteous_Might><Celestial_Grace><params></params><props><Buff_Type>Passive</Buff_Type><Type>buffs</Type><Name>Celestial Grace</Name><Image>mini\abils\xp2_textures_bif-0000000294.jpg</Image><Group>Skill</Group></props></Celestial_Grace></Passive><Other><Dummy_Buff><params></params><props><Buff_Type>Other</Buff_Type><Type>buffs</Type><Name>Dummy Buff</Name><Image>mini\abils\xp2_textures_bif-0000000256.jpg</Image><Group>Standard</Group></props></Dummy_Buff></Other><Rules><Bleeding><params></params><props><Buff_Type>Rules</Buff_Type><Type>buffs</Type><Name>Bleeding</Name><Image>UI\emblems\std\chaos\1flame.jpg</Image><Group>Rules</Group></props></Bleeding><Frost><params></params><props><Buff_Type>Rules</Buff_Type><Type>buffs</Type><Name>Frost</Name><Image>mini\buff\Freeze.jpg</Image><Group>Rules</Group></props></Frost><Frozen><params></params><props><Buff_Type>Rules</Buff_Type><Type>buffs</Type><Name>Frozen</Name><Image>mini\buff\Freeze.jpg</Image><Group>Standard</Group></props></Frozen><Ablaze><params></params><props><Buff_Type>Rules</Buff_Type><Type>buffs</Type><Name>Ablaze</Name><Image>mini\buff\Aflame.jpg</Image><Group>Standard</Group></props></Ablaze><Spotted><params><Duration>1</Duration></params><props><Buff_Type>Rules</Buff_Type><Type>buffs</Type><Name>Spotted</Name><Image>mini\buff\Alert.jpg</Image><Group>Standard</Group></props></Spotted><Enraged><params></params><props><Buff_Type>Rules</Buff_Type><Type>buffs</Type><Name>Enraged</Name><Image>mini\buff\Rage.jpg</Image><Group>Standard</Group></props></Enraged><Poison><params></params><props><Buff_Type>Rules</Buff_Type><Type>buffs</Type><Name>Poison</Name><Image>mini\buff\Poison.jpg</Image><Group>Rules</Group></props></Poison><Contaminated><params></params><props><Displayed_Name>Contaminated</Displayed_Name><Buff_Type>Rules</Buff_Type><Type>buffs</Type><Name>Contaminated</Name><Version>0.1001</Version><Image>mini\buff\new2\xp2_textures_bif-0000000562.jpg</Image><Group>Rules</Group></props></Contaminated><Weakening_Poison><params></params><props><Displayed_Name>Weakening Poison</Displayed_Name><Buff_Type>Rules</Buff_Type><Std_Bools>Duration added</Std_Bools><Type>buffs</Type><Name>Weakening Poison</Name><Version>0.1003b</Version><Image>mini\buff\Poison4.jpg</Image><Base_Type>Weakening Poison Coating</Base_Type><Group>Rules</Group></props></Weakening_Poison><Hallucinogetic_Poison><params></params><props><Displayed_Name>Hallucinogetic Poison</Displayed_Name><Buff_Type>Rules</Buff_Type><Std_Bools>Duration added</Std_Bools><Type>buffs</Type><Name>Hallucinogetic Poison</Name><Version>0.1003b</Version><Image>mini\buff\Poison3.jpg</Image><Base_Type>Upgraded Poison Coating</Base_Type><Group>Rules</Group></props></Hallucinogetic_Poison><Entangled><params></params><props><Displayed_Name>Entangled</Displayed_Name><Buff_Type>Rules</Buff_Type><Type>buffs</Type><Name>Entangled</Name><Version>0.1002b</Version><Image>mini\buff\new\xp2_textures_bif-0000000594.jpg</Image><Group>Rules</Group></props></Entangled><Ensnared><params></params><props><Displayed_Name>Ensnared</Displayed_Name><Buff_Type>Rules</Buff_Type><Type>buffs</Type><Name>Ensnared</Name><Version>0.1002b</Version><Image>mini\buff\new\textures_02_bif-0000002980.jpg</Image><Group>Rules</Group></props></Ensnared><Blighted><params></params><props><Displayed_Name>Blighted</Displayed_Name><Buff_Type>Rules</Buff_Type><Type>buffs</Type><Name>Blighted</Name><Version>0.1002b</Version><Image>mini\buff\new2\xp2_textures_bif-0000000646.jpg</Image><Group>Rules</Group></props></Blighted><Corroding><params></params><props><Displayed_Name>Corroding</Displayed_Name><Buff_Type>Rules</Buff_Type><Type>buffs</Type><Name>Corroding</Name><Version>0.1002b</Version><Image>mini\buff\new2\xp2_textures_bif-0000000651.jpg</Image><Group>Rules</Group></props></Corroding><Knocked_Down><params></params><props><Displayed_Name>Knocked Down</Displayed_Name><Buff_Type>Rules</Buff_Type><Type>buffs</Type><Name>Knocked Down</Name><Version>0.1002b</Version><Image>mini\buff\new\xp2_textures_bif-0000000536.jpg</Image><Group>Rules</Group></props></Knocked_Down><Paralyzing_Poison><params></params><props><Displayed_Name>Paralyzing Poison</Displayed_Name><Buff_Type>Rules</Buff_Type><Std_Bools>Duration Added;</Std_Bools><Custom_Props></Custom_Props><Type>buffs</Type><Name>Paralyzing Poison</Name><Version>0.1003b</Version><Image>mini\buff\Poison2.jpg</Image><Base_Type>Weakening Poison Coating</Base_Type><Group>Rules</Group></props></Paralyzing_Poison></Rules><Spell><Aflame><params></params><props><Buff_Type>Spell</Buff_Type><Type>buffs</Type><Name>Aflame</Name><Image>mini\buff\Aflame.jpg</Image><Group>Standard</Group></props></Aflame><Haze><params></params><props><Buff_Type>Spell</Buff_Type><Type>buffs</Type><Name>Haze</Name><Image>mini\buff\Haze.jpg</Image><Group>Darkness</Group></props></Haze><Weakened><params></params><props><Buff_Type>Spell</Buff_Type><Type>buffs</Type><Name>Weakened</Name><Image>mini\buff\Weakened.jpg</Image><Group>Darkness</Group></props></Weakened><Incapacitate><params></params><props><Buff_Type>Spell</Buff_Type><Type>buffs</Type><Name>Incapacitate</Name><Image>mini\buff\Incapacitate.jpg</Image><Group>Standard</Group></props></Incapacitate><Scared><params></params><props><Buff_Type>Spell</Buff_Type><Type>buffs</Type><Name>Scared</Name><Image>mini\buff\Scared.jpg</Image><Group>Darkness</Group></props></Scared><Silence><params></params><props><Buff_Type>Spell</Buff_Type><Type>buffs</Type><Name>Silence</Name><Image>mini\buff\Silence.jpg</Image><Group>Standard</Group></props></Silence><Charm><params></params><props><Buff_Type>Spell</Buff_Type><Type>buffs</Type><Name>Charm</Name><Image>mini\buff\Mesmerized2.jpg</Image><Group>Darkness</Group></props></Charm><Witchblade><params></params><props><Buff_Type>Spell</Buff_Type><Type>buffs</Type><Name>Witchblade</Name><Image>mini\buff\Witchblade.jpg</Image><Group>Darkness</Group></props></Witchblade><Undeath><params></params><props><Buff_Type>Spell</Buff_Type><Type>buffs</Type><Name>Undeath</Name><Image>mini\buff\xp2_textures_bif-0000000553.jpg</Image><Group>Darkness</Group></props></Undeath><Lobotomize><params></params><props><Buff_Type>Spell</Buff_Type><Type>buffs</Type><Name>Lobotomize</Name><Image>mini\buff\Haze.jpg</Image><Group>Darkness</Group></props></Lobotomize><Corruption><params></params><props><Buff_Type>Spell</Buff_Type><Type>buffs</Type><Name>Corruption</Name><Image>mini\buff\new\Corruption.jpg</Image><Group>Debuff</Group></props></Corruption><Cursed_Weapon><params></params><props><Buff_Type>Spell</Buff_Type><Type>buffs</Type><Name>Cursed Weapon</Name><Image>mini\buff\Witchblade.jpg</Image><Group>Debuff</Group></props></Cursed_Weapon><Greater_Blessing><params></params><props><Buff_Type>Spell</Buff_Type><Type>buffs</Type><Name>Greater Blessing</Name><Image>mini\buff\Divine Aura.jpg</Image><Group>Light</Group></props></Greater_Blessing><Lesser_Blessing><params></params><props><Buff_Type>Spell</Buff_Type><Type>buffs</Type><Name>Lesser Blessing</Name><Image>mini\buff\Bless.jpg</Image><Group>Light</Group></props></Lesser_Blessing><Regeneration><params></params><props><Buff_Type>Spell</Buff_Type><Type>buffs</Type><Name>Regeneration</Name><Image>mini\buff\Pure Heart.jpg</Image><Group>Light</Group></props></Regeneration><Shielded><params></params><props><Buff_Type>Spell</Buff_Type><Type>buffs</Type><Name>Shielded</Name><Image>mini\buff\Shielded.jpg</Image><Group>Standard</Group></props></Shielded><Witch_King_s_Boon><params></params><props><Displayed_Name>Witch King's Boon</Displayed_Name><Buff_Type>Spell</Buff_Type><Std_Bools>Stacking;</Std_Bools><Type>buffs</Type><Name>Witch King's Boon</Name><Image>mini\buff\new\Corruption.jpg</Image><Group>Deity</Group></props></Witch_King_s_Boon><Sorcerous_Might><params></params><props><Buff_Type>Spell</Buff_Type><Std_Bools>Stacking;</Std_Bools><Type>buffs</Type><Name>Sorcerous Might</Name><Image>mini\buff\new\xp2_textures_bif-0000000827.jpg</Image><Group>Deity</Group></props></Sorcerous_Might><Raised_><params></params><props><Buff_Type>Spell</Buff_Type><Type>buffs</Type><Name>Raised </Name><Image>mini\buff\xp2_textures_bif-0000000553.jpg</Image><Group>Death</Group></props></Raised_><Spell_Matrix><params></params><props><Buff_Type>Spell</Buff_Type><Std_Bools>Dispelable;</Std_Bools><Type>buffs</Type><Name>Spell Matrix</Name><Image>mini\buff\new\xp2_textures_bif-0000000827.jpg</Image><Group>Arcane</Group></props></Spell_Matrix><Soul_Catcher><params></params><props><Buff_Type>Spell</Buff_Type><Type>buffs</Type><Name>Soul Catcher</Name><Image>UI\emblems\std\death\0Wraith God.jpg</Image><Group>Death</Group></props></Soul_Catcher><Bloodlust><params></params><props><Displayed_Name>Bloodlust</Displayed_Name><Buff_Type>Spell</Buff_Type><Type>buffs</Type><Name>Bloodlust</Name><Version>0.1002</Version><Image>mini\buff\Cursed2.jpg</Image><Group>Death</Group></props></Bloodlust><Light><params></params><props><Displayed_Name>Light</Displayed_Name><Buff_Type>Spell</Buff_Type><Std_Bools>Stacking;</Std_Bools><Type>buffs</Type><Name>Light</Name><Version>0.05</Version><Image>mini\abils\New folder\illumination.jpg</Image><Group>Light</Group></props></Light></Spell></XML>