<XML><Demon><Inferi><params><Strength>2</Strength><Vitality>1</Vitality><Dexterity>-1</Dexterity><Wisdom>-1</Wisdom><Spellpower>2</Spellpower><Athletics_Mastery>1</Athletics_Mastery><Blade_Mastery>1</Blade_Mastery><Axe_Mastery>1</Axe_Mastery><Free_Masteries>7</Free_Masteries><Gold>25</Gold><Base_Strength>2</Base_Strength><Base_Vitality>1</Base_Vitality><Base_Wisdom>-1</Base_Wisdom><Chaos_Resistance>35</Chaos_Resistance><Shadow_Resistance>25</Shadow_Resistance><Mastery_Points>-2</Mastery_Points><Xp>50</Xp><Air_Resistance>15</Air_Resistance><Arcane_Resistance>10</Arcane_Resistance><Base_Dexterity>-1</Base_Dexterity><Base_Spellpower>2</Base_Spellpower><Fire_Resistance>35</Fire_Resistance><Power>10</Power><C_Quick_Slots>2</C_Quick_Slots><Level>1</Level><Hero_Level>1</Hero_Level><Total_Xp>100</Total_Xp><Toughness>5</Toughness><Endurance>10</Endurance><Spirit>3</Spirit><Spell_Armor>5</Spell_Armor><Stamina>5</Stamina><Focus>100</Focus><Morale>30</Morale><Armor_Mod>100</Armor_Mod><Carrying_Capacity>25</Carrying_Capacity><Memorization_Cap>4</Memorization_Cap><Memory_Remaining>4</Memory_Remaining><Initiative_Modifier>10</Initiative_Modifier><Initiative_Bonus>5</Initiative_Bonus><Interrupt_Damage>100</Interrupt_Damage><Poison_Resistance>25</Poison_Resistance><Destruction_Mastery>1</Destruction_Mastery><Xp_Gain_Mod>100</Xp_Gain_Mod><Xp_Level_Mod>100</Xp_Level_Mod><Attr_Points_Per_Level>5</Attr_Points_Per_Level><Mastery_Points_Per_Level>5</Mastery_Points_Per_Level><Damage_Mod>100</Damage_Mod><Attack_Mod>100</Attack_Mod><Offhand_Attack_Mod>50</Offhand_Attack_Mod><Offhand_Damage_Mod>75</Offhand_Damage_Mod><Defense_Mod>100</Defense_Mod><Counter_Mod>50</Counter_Mod><Initiative_Percentage>1000000</Initiative_Percentage><Endurance_Percentage>1000000</Endurance_Percentage><Toughness_Percentage>1000000</Toughness_Percentage><Essence_Percentage>1000000</Essence_Percentage><Focus_Percentage>1000000</Focus_Percentage><Stamina_Percentage>1000000</Stamina_Percentage><Morale_Percentage>1000000</Morale_Percentage><N_Of_Actions_Percentage>1000000</N_Of_Actions_Percentage><N_Of_Counters_Percentage>1000000</N_Of_Counters_Percentage><Gold_Mod>100</Gold_Mod><Default_Strength>2</Default_Strength><Default_Vitality>1</Default_Vitality><Default_Dexterity>-1</Default_Dexterity><Default_Wisdom>-1</Default_Wisdom><Default_Spellpower>2</Default_Spellpower><Main_Hand_Gold_Percentage>70</Main_Hand_Gold_Percentage><Armor_Gold_Percentage>40</Armor_Gold_Percentage><Divination_Max_Sd_Mod>100</Divination_Max_Sd_Mod><Divination_Pool_Mod>100</Divination_Pool_Mod><Summoned_Xp_Mod>100</Summoned_Xp_Mod><Upkeep_Mod>100</Upkeep_Mod><Cadence_Sta_Mod>35</Cadence_Sta_Mod><Cadence_Ap_Mod>25</Cadence_Ap_Mod><Detection>10</Detection><Spellcraft_Mastery>1</Spellcraft_Mastery><Demonology_Mastery>1</Demonology_Mastery><Warp_Mastery>1</Warp_Mastery><Organization>100</Organization><Battle_Spirit>100</Battle_Spirit><Gold_Per_Level>100</Gold_Per_Level><Combat_Readiness>50</Combat_Readiness><Oneness>50</Oneness><Health>100</Health><Motivation>50</Motivation><Travel_Speed>2</Travel_Speed><Consumption>1</Consumption><Athletics_Mastery_Score>1</Athletics_Mastery_Score><Blade_Mastery_Score>1</Blade_Mastery_Score><Axe_Mastery_Score>1</Axe_Mastery_Score><Spellcraft_Mastery_Score>1</Spellcraft_Mastery_Score><Demonology_Mastery_Score>1</Demonology_Mastery_Score><Warp_Mastery_Score>1</Warp_Mastery_Score><Destruction_Mastery_Score>1</Destruction_Mastery_Score><Explore_Speed>2</Explore_Speed><Vigor>100</Vigor><Girth>200</Girth><Toughness_Recovery>25</Toughness_Recovery><Integrity>100</Integrity><Sneak_Damage_Mod>25</Sneak_Damage_Mod><Sneak_Defense_Mod>-50</Sneak_Defense_Mod><Sneak_Armor_Mod>-25</Sneak_Armor_Mod><Height>200</Height></params><props><Offhand_Natural_Weapon>Average Horns</Offhand_Natural_Weapon><Id>160</Id><Background>Inferi</Background><Type>chars</Type><Image>mini\char\std\demon\guard\Annihilator.jpg</Image><Known_Spells></Known_Spells><Deity>Annihilator;Consumer of Worlds;Warmaster;Underking;Sun God;</Deity><Displayed_Name>Inferi</Displayed_Name><Soundset>Demon</Soundset><Spell_Upgrades></Spell_Upgrades><Natural_Weapon>Average Fist</Natural_Weapon><Aspect>Chaos</Aspect><Name>Inferi</Name><Principles>War(3);Peace(-3);Freedom(2);Law(-2);Treachery(1);Honor(-1);Ambition(0);Charity(0);</Principles><Spellbook></Spellbook><Group>Background</Group><Classifications>Humanoid;Hero;Demon;</Classifications><Race>Demon</Race></props></Inferi><Inferi_Chaosborn><params><Strength>2</Strength><Vitality>1</Vitality><Dexterity>-1</Dexterity><Willpower>1</Willpower><Wisdom>-1</Wisdom><Spellpower>2</Spellpower><Athletics_Mastery>2</Athletics_Mastery><Blade_Mastery>3</Blade_Mastery><Axe_Mastery>2</Axe_Mastery><Free_Masteries>7</Free_Masteries><Gold>-25</Gold><Base_Strength>2</Base_Strength><Base_Vitality>1</Base_Vitality><Base_Willpower>1</Base_Willpower><Base_Wisdom>-1</Base_Wisdom><Blunt_Mastery>2</Blunt_Mastery><Chaos_Resistance>35</Chaos_Resistance><Shadow_Resistance>25</Shadow_Resistance><Mastery_Points>-2</Mastery_Points><Xp>25</Xp><Air_Resistance>15</Air_Resistance><Arcane_Resistance>20</Arcane_Resistance><Base_Dexterity>-1</Base_Dexterity><Base_Spellpower>2</Base_Spellpower><Fire_Resistance>35</Fire_Resistance><Power>10</Power><C_Quick_Slots>2</C_Quick_Slots><Level>1</Level><Hero_Level>1</Hero_Level><Total_Xp>100</Total_Xp><Toughness>5</Toughness><Endurance>10</Endurance><Spirit>3</Spirit><Spell_Armor>5</Spell_Armor><Stamina>5</Stamina><Focus>100</Focus><Morale>30</Morale><Armor_Mod>100</Armor_Mod><Carrying_Capacity>25</Carrying_Capacity><Memorization_Cap>4</Memorization_Cap><Memory_Remaining>4</Memory_Remaining><Initiative_Modifier>10</Initiative_Modifier><Initiative_Bonus>5</Initiative_Bonus><Interrupt_Damage>100</Interrupt_Damage><Poison_Resistance>25</Poison_Resistance><Two_Handed_Mastery>2</Two_Handed_Mastery><Dual_Wielding_Mastery>2</Dual_Wielding_Mastery><Destruction_Mastery>2</Destruction_Mastery><Blood_Magic_Mastery>1</Blood_Magic_Mastery><Xp_Gain_Mod>100</Xp_Gain_Mod><Xp_Level_Mod>100</Xp_Level_Mod><Attr_Points_Per_Level>5</Attr_Points_Per_Level><Mastery_Points_Per_Level>5</Mastery_Points_Per_Level><Damage_Mod>100</Damage_Mod><Attack_Mod>100</Attack_Mod><Offhand_Attack_Mod>50</Offhand_Attack_Mod><Offhand_Damage_Mod>75</Offhand_Damage_Mod><Defense_Mod>100</Defense_Mod><Counter_Mod>50</Counter_Mod><Initiative_Percentage>1000000</Initiative_Percentage><Endurance_Percentage>1000000</Endurance_Percentage><Toughness_Percentage>1000000</Toughness_Percentage><Essence_Percentage>1000000</Essence_Percentage><Focus_Percentage>1000000</Focus_Percentage><Stamina_Percentage>1000000</Stamina_Percentage><Morale_Percentage>1000000</Morale_Percentage><N_Of_Actions_Percentage>1000000</N_Of_Actions_Percentage><N_Of_Counters_Percentage>1000000</N_Of_Counters_Percentage><Gold_Mod>100</Gold_Mod><Redemption_Mastery>1</Redemption_Mastery><Default_Strength>2</Default_Strength><Default_Vitality>1</Default_Vitality><Default_Dexterity>-1</Default_Dexterity><Default_Willpower>1</Default_Willpower><Default_Wisdom>-1</Default_Wisdom><Default_Spellpower>2</Default_Spellpower><Main_Hand_Gold_Percentage>70</Main_Hand_Gold_Percentage><Armor_Gold_Percentage>40</Armor_Gold_Percentage><Divination_Max_Sd_Mod>100</Divination_Max_Sd_Mod><Divination_Pool_Mod>100</Divination_Pool_Mod><Summoned_Xp_Mod>100</Summoned_Xp_Mod><Upkeep_Mod>100</Upkeep_Mod><Cadence_Sta_Mod>35</Cadence_Sta_Mod><Cadence_Ap_Mod>25</Cadence_Ap_Mod><Detection>10</Detection><Organization>100</Organization><Battle_Spirit>100</Battle_Spirit><Gold_Per_Level>100</Gold_Per_Level><Tactics_Mastery>1</Tactics_Mastery><Leadership_Mastery>1</Leadership_Mastery><Combat_Readiness>50</Combat_Readiness><Oneness>50</Oneness><Health>100</Health><Motivation>50</Motivation><Travel_Speed>2</Travel_Speed><Consumption>1</Consumption><Tactics_Mastery_Score>1</Tactics_Mastery_Score><Leadership_Mastery_Score>1</Leadership_Mastery_Score><Athletics_Mastery_Score>2</Athletics_Mastery_Score><Blade_Mastery_Score>3</Blade_Mastery_Score><Blunt_Mastery_Score>2</Blunt_Mastery_Score><Axe_Mastery_Score>2</Axe_Mastery_Score><Two_Handed_Mastery_Score>2</Two_Handed_Mastery_Score><Dual_Wielding_Mastery_Score>2</Dual_Wielding_Mastery_Score><Redemption_Mastery_Score>1</Redemption_Mastery_Score><Destruction_Mastery_Score>2</Destruction_Mastery_Score><Blood_Magic_Mastery_Score>1</Blood_Magic_Mastery_Score><Explore_Speed>2</Explore_Speed><Vigor>100</Vigor><Girth>200</Girth><Toughness_Recovery>25</Toughness_Recovery><Integrity>100</Integrity><Sneak_Damage_Mod>25</Sneak_Damage_Mod><Sneak_Defense_Mod>-50</Sneak_Defense_Mod><Sneak_Armor_Mod>-25</Sneak_Armor_Mod><Height>200</Height></params><props><Offhand_Natural_Weapon>Average Fist</Offhand_Natural_Weapon><Id>162</Id><Background>Inferi Hellguard</Background><Type>chars</Type><Image>mini\char\std\demon\guard\knight2.jpg</Image><Known_Spells></Known_Spells><Deity>Annihilator;Consumer of Worlds;Warmaster;Underking;Sun God;</Deity><Displayed_Name>Inferi Chaosborn</Displayed_Name><Soundset>Demon</Soundset><Spell_Upgrades></Spell_Upgrades><Natural_Weapon>Average Fist</Natural_Weapon><Aspect>Chaos</Aspect><Name>Inferi Chaosborn</Name><Version>0.05</Version><Principles>War(3);Peace(-3);Honor(2);Treachery(-2);Freedom(1);Law(-1);</Principles><Spellbook></Spellbook><Group>Background</Group><Classifications>Humanoid;Hero;Demon;</Classifications><Race>Demon</Race></props></Inferi_Chaosborn><Inferi_Warpborn><params><Strength>-1</Strength><Agility>-1</Agility><Intelligence>1</Intelligence><Knowledge>1</Knowledge><Spellpower>3</Spellpower><Charisma>4</Charisma><Free_Masteries>4</Free_Masteries><Gold>-25</Gold><Base_Strength>-1</Base_Strength><Base_Agility>-1</Base_Agility><Base_Charisma>4</Base_Charisma><Chaos_Resistance>35</Chaos_Resistance><Shadow_Resistance>25</Shadow_Resistance><Xp>50</Xp><Air_Resistance>15</Air_Resistance><Arcane_Resistance>20</Arcane_Resistance><Base_Knowledge>1</Base_Knowledge><Base_Intelligence>1</Base_Intelligence><Base_Spellpower>3</Base_Spellpower><Spellcraft_Mastery>3</Spellcraft_Mastery><Fire_Resistance>35</Fire_Resistance><Attr_Points>-2</Attr_Points><Weight>-15</Weight><Power>10</Power><C_Quick_Slots>2</C_Quick_Slots><Level>1</Level><Hero_Level>1</Hero_Level><Total_Xp>100</Total_Xp><Toughness>5</Toughness><Endurance>10</Endurance><Spirit>3</Spirit><Spell_Armor>5</Spell_Armor><Stamina>5</Stamina><Focus>100</Focus><Morale>30</Morale><Armor_Mod>100</Armor_Mod><Carrying_Capacity>25</Carrying_Capacity><Memorization_Cap>4</Memorization_Cap><Memory_Remaining>4</Memory_Remaining><Initiative_Modifier>10</Initiative_Modifier><Initiative_Bonus>5</Initiative_Bonus><Interrupt_Damage>100</Interrupt_Damage><Poison_Resistance>25</Poison_Resistance><Xp_Gain_Mod>100</Xp_Gain_Mod><Xp_Level_Mod>100</Xp_Level_Mod><Attr_Points_Per_Level>5</Attr_Points_Per_Level><Mastery_Points_Per_Level>5</Mastery_Points_Per_Level><Damage_Mod>100</Damage_Mod><Attack_Mod>100</Attack_Mod><Offhand_Attack_Mod>50</Offhand_Attack_Mod><Offhand_Damage_Mod>75</Offhand_Damage_Mod><Defense_Mod>100</Defense_Mod><Counter_Mod>50</Counter_Mod><Initiative_Percentage>1000000</Initiative_Percentage><Endurance_Percentage>1000000</Endurance_Percentage><Toughness_Percentage>1000000</Toughness_Percentage><Essence_Percentage>1000000</Essence_Percentage><Focus_Percentage>1000000</Focus_Percentage><Stamina_Percentage>1000000</Stamina_Percentage><Morale_Percentage>1000000</Morale_Percentage><N_Of_Actions_Percentage>1000000</N_Of_Actions_Percentage><N_Of_Counters_Percentage>1000000</N_Of_Counters_Percentage><Gold_Mod>100</Gold_Mod><Demonology_Mastery>2</Demonology_Mastery><Psychic_Mastery>1</Psychic_Mastery><Warp_Mastery>4</Warp_Mastery><Default_Strength>-1</Default_Strength><Default_Agility>-1</Default_Agility><Default_Intelligence>1</Default_Intelligence><Default_Knowledge>1</Default_Knowledge><Default_Spellpower>3</Default_Spellpower><Default_Charisma>4</Default_Charisma><Enchantment_Mastery>2</Enchantment_Mastery><Main_Hand_Gold_Percentage>70</Main_Hand_Gold_Percentage><Armor_Gold_Percentage>40</Armor_Gold_Percentage><Divination_Max_Sd_Mod>100</Divination_Max_Sd_Mod><Divination_Pool_Mod>100</Divination_Pool_Mod><Summoned_Xp_Mod>100</Summoned_Xp_Mod><Upkeep_Mod>100</Upkeep_Mod><Cadence_Sta_Mod>35</Cadence_Sta_Mod><Cadence_Ap_Mod>25</Cadence_Ap_Mod><Detection>10</Detection><Organization>100</Organization><Battle_Spirit>100</Battle_Spirit><Gold_Per_Level>100</Gold_Per_Level><Combat_Readiness>50</Combat_Readiness><Oneness>50</Oneness><Health>100</Health><Motivation>50</Motivation><Travel_Speed>2</Travel_Speed><Consumption>1</Consumption><Spellcraft_Mastery_Score>3</Spellcraft_Mastery_Score><Psychic_Mastery_Score>1</Psychic_Mastery_Score><Enchantment_Mastery_Score>2</Enchantment_Mastery_Score><Demonology_Mastery_Score>2</Demonology_Mastery_Score><Warp_Mastery_Score>4</Warp_Mastery_Score><Explore_Speed>2</Explore_Speed><Vigor>100</Vigor><Girth>200</Girth><Toughness_Recovery>25</Toughness_Recovery><Integrity>100</Integrity><Sneak_Damage_Mod>25</Sneak_Damage_Mod><Sneak_Defense_Mod>-50</Sneak_Defense_Mod><Sneak_Armor_Mod>-25</Sneak_Armor_Mod><Height>200</Height></params><props><Offhand_Natural_Weapon>Average Fist</Offhand_Natural_Weapon><Id>163</Id><Background>Inferi Succubus</Background><Type>chars</Type><Image>mini\char\std\demon\temptress.jpg</Image><Known_Spells></Known_Spells><Deity>Queen of Lust;Consumer of Worlds;World Serpent;Crimson Queen;Night Lord;Witch King;Arachnia</Deity><Displayed_Name>Inferi Warpborn</Displayed_Name><Soundset>Female</Soundset><Spell_Upgrades></Spell_Upgrades><Natural_Weapon>Average Fist</Natural_Weapon><Aspect>Chaos</Aspect><Name>Inferi Warpborn</Name><Version>0.05</Version><Principles>Treachery(3);Honor(-3);Freedom(2);Law(-2);Ambition(1);Charity(-1);</Principles><Spellbook></Spellbook><Group>Background</Group><Classifications>Humanoid;Hero;Demon;</Classifications><Race>Demon</Race></props></Inferi_Warpborn><Inferi_Demonborn><params><Strength>3</Strength><Vitality>3</Vitality><Agility>-1</Agility><Dexterity>-1</Dexterity><Intelligence>-1</Intelligence><Wisdom>-1</Wisdom><Spellpower>2</Spellpower><Athletics_Mastery>2</Athletics_Mastery><Axe_Mastery>3</Axe_Mastery><Free_Masteries>6</Free_Masteries><Gold>-25</Gold><Base_Strength>3</Base_Strength><Base_Vitality>3</Base_Vitality><Base_Agility>-1</Base_Agility><Base_Wisdom>-1</Base_Wisdom><Blunt_Mastery>3</Blunt_Mastery><Chaos_Resistance>35</Chaos_Resistance><Shadow_Resistance>35</Shadow_Resistance><Mastery_Points>-2</Mastery_Points><Xp>25</Xp><Base_Intelligence>-1</Base_Intelligence><Base_Dexterity>-1</Base_Dexterity><Base_Spellpower>2</Base_Spellpower><Fire_Resistance>35</Fire_Resistance><Power>10</Power><C_Quick_Slots>2</C_Quick_Slots><Level>1</Level><Hero_Level>1</Hero_Level><Total_Xp>100</Total_Xp><Toughness>5</Toughness><Endurance>10</Endurance><Spirit>3</Spirit><Spell_Armor>5</Spell_Armor><Stamina>5</Stamina><Focus>100</Focus><Morale>30</Morale><Armor_Mod>100</Armor_Mod><Carrying_Capacity>25</Carrying_Capacity><Memorization_Cap>4</Memorization_Cap><Memory_Remaining>4</Memory_Remaining><Initiative_Modifier>10</Initiative_Modifier><Initiative_Bonus>5</Initiative_Bonus><Interrupt_Damage>100</Interrupt_Damage><Poison_Resistance>25</Poison_Resistance><Two_Handed_Mastery>2</Two_Handed_Mastery><Destruction_Mastery>1</Destruction_Mastery><Xp_Gain_Mod>100</Xp_Gain_Mod><Xp_Level_Mod>100</Xp_Level_Mod><Attr_Points_Per_Level>5</Attr_Points_Per_Level><Mastery_Points_Per_Level>5</Mastery_Points_Per_Level><Damage_Mod>100</Damage_Mod><Attack_Mod>100</Attack_Mod><Offhand_Attack_Mod>50</Offhand_Attack_Mod><Offhand_Damage_Mod>75</Offhand_Damage_Mod><Defense_Mod>100</Defense_Mod><Counter_Mod>50</Counter_Mod><Initiative_Percentage>1000000</Initiative_Percentage><Endurance_Percentage>1000000</Endurance_Percentage><Toughness_Percentage>1000000</Toughness_Percentage><Essence_Percentage>1000000</Essence_Percentage><Focus_Percentage>1000000</Focus_Percentage><Stamina_Percentage>1000000</Stamina_Percentage><Morale_Percentage>1000000</Morale_Percentage><N_Of_Actions_Percentage>1000000</N_Of_Actions_Percentage><N_Of_Counters_Percentage>1000000</N_Of_Counters_Percentage><Gold_Mod>100</Gold_Mod><Default_Strength>3</Default_Strength><Default_Vitality>3</Default_Vitality><Default_Agility>-1</Default_Agility><Default_Dexterity>-1</Default_Dexterity><Default_Intelligence>-1</Default_Intelligence><Default_Wisdom>-1</Default_Wisdom><Default_Spellpower>2</Default_Spellpower><Main_Hand_Gold_Percentage>70</Main_Hand_Gold_Percentage><Armor_Gold_Percentage>40</Armor_Gold_Percentage><Divination_Max_Sd_Mod>100</Divination_Max_Sd_Mod><Divination_Pool_Mod>100</Divination_Pool_Mod><Summoned_Xp_Mod>100</Summoned_Xp_Mod><Upkeep_Mod>100</Upkeep_Mod><Cadence_Sta_Mod>35</Cadence_Sta_Mod><Cadence_Ap_Mod>25</Cadence_Ap_Mod><Detection>10</Detection><Earth_Resistance>25</Earth_Resistance><Demonology_Mastery>4</Demonology_Mastery><Affliction_Mastery>1</Affliction_Mastery><Weight>25</Weight><Organization>100</Organization><Battle_Spirit>100</Battle_Spirit><Gold_Per_Level>100</Gold_Per_Level><Warcry_Mastery>3</Warcry_Mastery><Combat_Readiness>50</Combat_Readiness><Oneness>50</Oneness><Health>100</Health><Motivation>50</Motivation><Travel_Speed>2</Travel_Speed><Consumption>1</Consumption><Athletics_Mastery_Score>2</Athletics_Mastery_Score><Blunt_Mastery_Score>3</Blunt_Mastery_Score><Axe_Mastery_Score>3</Axe_Mastery_Score><Two_Handed_Mastery_Score>2</Two_Handed_Mastery_Score><Warcry_Mastery_Score>3</Warcry_Mastery_Score><Demonology_Mastery_Score>4</Demonology_Mastery_Score><Destruction_Mastery_Score>1</Destruction_Mastery_Score><Affliction_Mastery_Score>1</Affliction_Mastery_Score><Explore_Speed>2</Explore_Speed><Vigor>100</Vigor><Girth>200</Girth><Toughness_Recovery>25</Toughness_Recovery><Integrity>100</Integrity><Sneak_Damage_Mod>25</Sneak_Damage_Mod><Sneak_Defense_Mod>-50</Sneak_Defense_Mod><Sneak_Armor_Mod>-25</Sneak_Armor_Mod><Height>200</Height></params><props><Offhand_Natural_Weapon>Average Horns</Offhand_Natural_Weapon><Id>164</Id><Background>Inferi Hellspawn</Background><Type>chars</Type><Image>mini\char\std\demon\spawn\Fire Daemon.jpg</Image><Known_Spells></Known_Spells><Deity>Consumer of Worlds;Death Gorger;Lord of Decay;Annihilator;Underking;Witch King;Queen of Lust;Warmaster;</Deity><Displayed_Name>Inferi Demonborn</Displayed_Name><Soundset>Demon</Soundset><Spell_Upgrades></Spell_Upgrades><Natural_Weapon>Average Claws</Natural_Weapon><Aspect>Chaos</Aspect><Name>Inferi Demonborn</Name><Version>0.05</Version><Principles>War(3);Peace(-3);Ambition(2);Charity(-2);Treachery(1);Honor(-1);</Principles><Spellbook></Spellbook><Group>Background</Group><Classifications>Humanoid;Hero;Demon;</Classifications><Race>Demon</Race></props></Inferi_Demonborn><Sheila_v2><params><N_Of_Actions_Percentage>1000000</N_Of_Actions_Percentage><Spirit>4</Spirit><Memory_Remaining>4</Memory_Remaining><Base_Intelligence>7</Base_Intelligence><Default_Charisma>4</Default_Charisma><Free_Masteries>4</Free_Masteries><Initiative_Percentage>100</Initiative_Percentage><Base_Wisdom>10</Base_Wisdom><Essence>25</Essence><Stealth>5</Stealth><Endurance_Percentage>100</Endurance_Percentage><Demonology_Mastery>2</Demonology_Mastery><Poison_Resistance>25</Poison_Resistance><Toughness_Percentage>100</Toughness_Percentage><Xp_Level_Mod>200</Xp_Level_Mod><Armor_Mod>100</Armor_Mod><Carrying_Capacity>65</Carrying_Capacity><Level>3</Level><Intelligence>7</Intelligence><Base_Dexterity>6</Base_Dexterity><Power>44</Power><Attr_Points_Per_Level>6</Attr_Points_Per_Level><Strength>4</Strength><Xp>11</Xp><Defense>5</Defense><Hero_Level>1</Hero_Level><Stamina>10</Stamina><Interrupt_Damage>100</Interrupt_Damage><Counter_Mod>50</Counter_Mod><Base_Charisma>9</Base_Charisma><Starting_Focus>25</Starting_Focus><N_Of_Actions>4</N_Of_Actions><Mastery_Points_Per_Level>7</Mastery_Points_Per_Level><Default_Intelligence>1</Default_Intelligence><Morale_Percentage>1000000</Morale_Percentage><Initiative_Bonus>5</Initiative_Bonus><N_Of_Counters_Percentage>1000000</N_Of_Counters_Percentage><Toughness>15</Toughness><Xp_Gain_Mod>200</Xp_Gain_Mod><Willpower>5</Willpower><Gold>15</Gold><Quick_Slots>2</Quick_Slots><Stamina_Percentage>100</Stamina_Percentage><Spellcraft_Mastery>10</Spellcraft_Mastery><Air_Resistance>15</Air_Resistance><Memorization_Cap>9</Memorization_Cap><Spellpower>8</Spellpower><Arcane_Resistance>20</Arcane_Resistance><Attack_Mod>100</Attack_Mod><Default_Spellpower>3</Default_Spellpower><Base_Spellpower>8</Base_Spellpower><Offhand_Damage_Mod>75</Offhand_Damage_Mod><Fire_Resistance>35</Fire_Resistance><Weight>135</Weight><Damage_Mod>100</Damage_Mod><Base_Knowledge>12</Base_Knowledge><Resistance>15</Resistance><Charisma>9</Charisma><Dexterity>6</Dexterity><Damage>10</Damage><Base_Damage>3</Base_Damage><Initiative_Modifier>10</Initiative_Modifier><Focus_Percentage>100</Focus_Percentage><Vitality>6</Vitality><Morale>30</Morale><Shadow_Resistance>25</Shadow_Resistance><Defense_Mod>100</Defense_Mod><Chaos_Resistance>35</Chaos_Resistance><Base_Willpower>5</Base_Willpower><Default_Strength>-1</Default_Strength><Psychic_Mastery>1</Psychic_Mastery><Attack>5</Attack><Mobility_Mastery>1</Mobility_Mastery><Sight_Range>3</Sight_Range><Essence_Percentage>100</Essence_Percentage><Warp_Mastery>13</Warp_Mastery><Base_Vitality>6</Base_Vitality><Offhand_Attack_Mod>50</Offhand_Attack_Mod><Base_Strength>4</Base_Strength><Focus>100</Focus><Gold_Mod>100</Gold_Mod><Base_Agility>4</Base_Agility><N_Of_Counters>1</N_Of_Counters><Total_Xp>440</Total_Xp><Agility>4</Agility><Endurance>30</Endurance><Divination_Mastery>4</Divination_Mastery><Knowledge>12</Knowledge><C_Quick_Slots>4</C_Quick_Slots><Default_Agility>-1</Default_Agility><Wisdom>10</Wisdom><Detection>10</Detection><Default_Knowledge>1</Default_Knowledge><Summoned_Xp_Mod>100</Summoned_Xp_Mod><Upkeep_Mod>100</Upkeep_Mod><Main_Hand_Gold_Percentage>70</Main_Hand_Gold_Percentage><Armor_Gold_Percentage>40</Armor_Gold_Percentage><Divination_Max_Sd_Mod>100</Divination_Max_Sd_Mod><Divination_Pool_Mod>100</Divination_Pool_Mod><Organization>100</Organization><Battle_Spirit>100</Battle_Spirit><Gold_Per_Level>100</Gold_Per_Level><Integrity>100</Integrity><Sneak_Damage_Mod>25</Sneak_Damage_Mod><Sneak_Defense_Mod>-50</Sneak_Defense_Mod><Sneak_Armor_Mod>-25</Sneak_Armor_Mod><Toughness_Recovery>25</Toughness_Recovery><Cadence_Sta_Mod>-35</Cadence_Sta_Mod><Cadence_Ap_Mod>-25</Cadence_Ap_Mod><Girth>500</Girth><Combat_Readiness>50</Combat_Readiness><Oneness>50</Oneness><Vigor>100</Vigor><Health>100</Health><Motivation>50</Motivation><Travel_Speed>4</Travel_Speed><Explore_Speed>2</Explore_Speed><Consumption>1</Consumption><Height>200</Height></params><props><Verbatim_Spells>Mindless Frenzy;Touch of Warp;</Verbatim_Spells><Background>Inferi Succubus</Background><Armor_Item>Inferior Cotton Adept Robe</Armor_Item><Deity>Queen of Lust</Deity><Displayed_Name>Sheila v2</Displayed_Name><Jewelry>Minor Power Ring of Knowledge(+2);Minor Power Ring of Dexterity(+2);</Jewelry><Gender>MALE</Gender><Natural_Weapon>Average Fist</Natural_Weapon><Emblem>UI\emblems\std\chaos\0Queen of Lust.jpg</Emblem><Principles>Freedom;Treachery;</Principles><Main_Hand_Item>Inferior Ivory Wand</Main_Hand_Item><Race>Demon</Race><Memorized_Spells>Warp Shock;Scare;Extravaganza;Hallucinations;</Memorized_Spells><Off_Hand_Item>Inferior Onyx Orb</Off_Hand_Item><Offhand_Natural_Weapon>Average Fist</Offhand_Natural_Weapon><Classes>Apostate;</Classes><Type>chars</Type><Image>\mini\char\std\demon\succubus\w_temptress.jpg</Image><First_Class>Sorcerer</First_Class><Known_Spells>Scare;Mindless Frenzy;Extravaganza;Demon Mark;Warp Shock;Warp Rift;Touch of Warp;Mesmerize;Warp Storm;</Known_Spells><Soundset>Female</Soundset><Skills>Practiced Spellcaster;Spellcasting Algorithms;</Skills><Aspect>Chaos</Aspect><Name>Sheila v2</Name><Version>0.05</Version><Spellbook>Demon Mark;Warp Rift;Mesmerize;Warp Storm;</Spellbook><Group>Preset</Group><Rank>New Hero</Rank><Classifications>Humanoid;Hero</Classifications></props></Sheila_v2></Demon></XML>