<XML><Empty><Ancient_Ruins><params><Glory_Reward>25</Glory_Reward><Xp_Reward>150</Xp_Reward><Gold_Reward>100</Gold_Reward><Power_Level>3</Power_Level></params><props><Arcade_Region></Arcade_Region><Map_Background>big\new dungeons\ruins .jpg</Map_Background><Description></Description><Lore></Lore><Dungeon_Map_Template></Dungeon_Map_Template><Type>dungeons</Type><Map_Objects></Map_Objects><Dungeon_Type>Boss</Dungeon_Type><Image>mini\dungeon\new4\stairs.jpg</Image><Spawning_Delays></Spawning_Delays><Dungeon_Level>Two</Dungeon_Level><Alt_Encounters></Alt_Encounters><Color_Theme></Color_Theme><Displayed_Name>Ancient Ruins</Displayed_Name><Workspace_Group>Test</Workspace_Group><Encounters></Encounters><Map_Preset_Objects></Map_Preset_Objects><Dev_Notes></Dev_Notes><Name>Ancient Ruins</Name><Version>0.05</Version><Dungeon_Group>Misc</Dungeon_Group><Dungeon_Map_Modifier>Ruins</Dungeon_Map_Modifier><Group>Playtest</Group></props></Ancient_Ruins><Lower_Hell><params><Glory_Reward>25</Glory_Reward><Xp_Reward>150</Xp_Reward><Gold_Reward>100</Gold_Reward><Power_Level>3</Power_Level></params><props><Arcade_Region></Arcade_Region><Map_Background>big\New2\214290.jpg</Map_Background><Description></Description><Lore></Lore><Dungeon_Map_Template></Dungeon_Map_Template><Type>dungeons</Type><Map_Objects></Map_Objects><Dungeon_Type>Boss</Dungeon_Type><Image>mini\dungeon\new5\hell.jpg</Image><Spawning_Delays></Spawning_Delays><Dungeon_Level>Two</Dungeon_Level><Alt_Encounters></Alt_Encounters><Color_Theme>red</Color_Theme><Displayed_Name>Lower Hell</Displayed_Name><Workspace_Group>Test</Workspace_Group><Encounters></Encounters><Map_Preset_Objects></Map_Preset_Objects><Dev_Notes></Dev_Notes><Name>Lower Hell</Name><Version>0.05</Version><Dungeon_Group>Misc</Dungeon_Group><Dungeon_Map_Modifier>Ruins</Dungeon_Map_Modifier><Group>Playtest</Group></props></Lower_Hell><Elf_Cottage><params><Glory_Reward>25</Glory_Reward><Xp_Reward>150</Xp_Reward><Gold_Reward>100</Gold_Reward><Power_Level>3</Power_Level></params><props><Arcade_Region></Arcade_Region><Map_Background>big\New2\322925.jpg</Map_Background><Description></Description><Lore></Lore><Dungeon_Map_Template></Dungeon_Map_Template><Type>dungeons</Type><Map_Objects></Map_Objects><Dungeon_Type>Boss</Dungeon_Type><Image>mini\dungeon\new5\vines.jpg</Image><Spawning_Delays></Spawning_Delays><Dungeon_Level>Two</Dungeon_Level><Alt_Encounters></Alt_Encounters><Color_Theme>blue</Color_Theme><Displayed_Name>Elf Cottage</Displayed_Name><Workspace_Group>Test</Workspace_Group><Encounters></Encounters><Map_Preset_Objects></Map_Preset_Objects><Dev_Notes></Dev_Notes><Name>Elf Cottage</Name><Version>0.05</Version><Dungeon_Group>Misc</Dungeon_Group><Dungeon_Map_Modifier>Deep Wood</Dungeon_Map_Modifier><Group>Playtest</Group></props></Elf_Cottage><Sewers><params><Glory_Reward>25</Glory_Reward><Xp_Reward>150</Xp_Reward><Gold_Reward>100</Gold_Reward><Power_Level>3</Power_Level></params><props><Arcade_Region></Arcade_Region><Map_Background>big\new dungeons\black dungeon.jpg</Map_Background><Description></Description><Lore></Lore><Dungeon_Map_Template></Dungeon_Map_Template><Type>dungeons</Type><Map_Objects></Map_Objects><Dungeon_Type>Boss</Dungeon_Type><Image>mini\dungeon\new5\sewers.jpg</Image><Spawning_Delays></Spawning_Delays><Dungeon_Level>Two</Dungeon_Level><Alt_Encounters></Alt_Encounters><Color_Theme>green</Color_Theme><Displayed_Name>Sewers</Displayed_Name><Workspace_Group>Test</Workspace_Group><Encounters></Encounters><Map_Preset_Objects></Map_Preset_Objects><Dev_Notes></Dev_Notes><Name>Sewers</Name><Version>0.05</Version><Dungeon_Group>Misc</Dungeon_Group><Dungeon_Map_Modifier>Deep Wood</Dungeon_Map_Modifier><Group>Playtest</Group></props></Sewers><Dark_Mansion><params><Glory_Reward>25</Glory_Reward><Xp_Reward>150</Xp_Reward><Gold_Reward>100</Gold_Reward><Power_Level>3</Power_Level></params><props><Arcade_Region></Arcade_Region><Map_Background>big\new dungeons\darkest.jpg</Map_Background><Description></Description><Lore></Lore><Dungeon_Map_Template></Dungeon_Map_Template><Type>dungeons</Type><Map_Objects></Map_Objects><Dungeon_Type>Boss</Dungeon_Type><Image>mini\dungeon\undead\dark mansion2.jpg</Image><Spawning_Delays></Spawning_Delays><Dungeon_Level>Two</Dungeon_Level><Alt_Encounters></Alt_Encounters><Color_Theme></Color_Theme><Displayed_Name>Dark Mansion</Displayed_Name><Workspace_Group>Test</Workspace_Group><Encounters></Encounters><Map_Preset_Objects></Map_Preset_Objects><Dev_Notes></Dev_Notes><Name>Dark Mansion</Name><Version>0.05</Version><Dungeon_Group>Misc</Dungeon_Group><Dungeon_Map_Modifier>Deep Wood</Dungeon_Map_Modifier><Group>Playtest</Group></props></Dark_Mansion><Elven_Crypt><params><Glory_Reward>25</Glory_Reward><Xp_Reward>150</Xp_Reward><Gold_Reward>100</Gold_Reward><Power_Level>3</Power_Level></params><props><Arcade_Region></Arcade_Region><Map_Background>big\new dungeons\elven dungeon.jpg</Map_Background><Description></Description><Lore></Lore><Dungeon_Map_Template></Dungeon_Map_Template><Type>dungeons</Type><Map_Objects></Map_Objects><Dungeon_Type>Boss</Dungeon_Type><Image>mini\dungeon\new5\souls.jpg</Image><Spawning_Delays></Spawning_Delays><Dungeon_Level>Two</Dungeon_Level><Alt_Encounters></Alt_Encounters><Color_Theme></Color_Theme><Displayed_Name>Elven Crypt</Displayed_Name><Workspace_Group>Test</Workspace_Group><Encounters></Encounters><Map_Preset_Objects></Map_Preset_Objects><Dev_Notes></Dev_Notes><Name>Elven Crypt</Name><Version>0.05</Version><Dungeon_Group>Misc</Dungeon_Group><Dungeon_Map_Modifier>Deep Wood</Dungeon_Map_Modifier><Group>Playtest</Group></props></Elven_Crypt><Wizard_Study><params><Glory_Reward>25</Glory_Reward><Xp_Reward>150</Xp_Reward><Gold_Reward>100</Gold_Reward><Power_Level>3</Power_Level></params><props><Arcade_Region></Arcade_Region><Map_Background>big\New2\015.jpg</Map_Background><Description></Description><Lore></Lore><Dungeon_Map_Template></Dungeon_Map_Template><Type>dungeons</Type><Map_Objects></Map_Objects><Dungeon_Type>Boss</Dungeon_Type><Image>mini\dungeon\new5\library.jpg</Image><Spawning_Delays></Spawning_Delays><Dungeon_Level>Two</Dungeon_Level><Alt_Encounters></Alt_Encounters><Color_Theme>blue</Color_Theme><Displayed_Name>Wizard Study</Displayed_Name><Workspace_Group>Test</Workspace_Group><Encounters></Encounters><Map_Preset_Objects></Map_Preset_Objects><Dev_Notes></Dev_Notes><Name>Wizard Study</Name><Version>0.05</Version><Dungeon_Group>Misc</Dungeon_Group><Dungeon_Map_Modifier>Ruins</Dungeon_Map_Modifier><Group>Playtest</Group></props></Wizard_Study><Arcane_Vault><params><Glory_Reward>25</Glory_Reward><Xp_Reward>150</Xp_Reward><Gold_Reward>100</Gold_Reward><Power_Level>3</Power_Level></params><props><Arcade_Region></Arcade_Region><Map_Background>big\New2\fantasy-castles- .jpg</Map_Background><Description></Description><Lore></Lore><Dungeon_Map_Template></Dungeon_Map_Template><Type>dungeons</Type><Map_Objects></Map_Objects><Dungeon_Type>Boss</Dungeon_Type><Image>mini\dungeon\new5\study.jpg</Image><Spawning_Delays></Spawning_Delays><Dungeon_Level>Two</Dungeon_Level><Alt_Encounters></Alt_Encounters><Color_Theme>blue</Color_Theme><Displayed_Name>Arcane Vault</Displayed_Name><Workspace_Group>Test</Workspace_Group><Encounters></Encounters><Map_Preset_Objects></Map_Preset_Objects><Dev_Notes></Dev_Notes><Name>Arcane Vault</Name><Version>0.05</Version><Dungeon_Group>Misc</Dungeon_Group><Dungeon_Map_Modifier>Ruins</Dungeon_Map_Modifier><Group>Playtest</Group></props></Arcane_Vault><Archives><params><Glory_Reward>25</Glory_Reward><Xp_Reward>150</Xp_Reward><Gold_Reward>100</Gold_Reward><Power_Level>3</Power_Level></params><props><Arcade_Region></Arcade_Region><Map_Background>big\New2\fantasy-castles- .jpg</Map_Background><Description></Description><Lore></Lore><Dungeon_Map_Template></Dungeon_Map_Template><Type>dungeons</Type><Map_Objects></Map_Objects><Dungeon_Type>Boss</Dungeon_Type><Image>mini\dungeon\new5\study3.jpg</Image><Spawning_Delays></Spawning_Delays><Dungeon_Level>Two</Dungeon_Level><Alt_Encounters></Alt_Encounters><Color_Theme>blue</Color_Theme><Displayed_Name>Archives</Displayed_Name><Workspace_Group>Test</Workspace_Group><Encounters></Encounters><Map_Preset_Objects></Map_Preset_Objects><Dev_Notes></Dev_Notes><Name>Archives</Name><Version>0.05</Version><Dungeon_Group>Misc</Dungeon_Group><Dungeon_Map_Modifier>Ruins</Dungeon_Map_Modifier><Group>Playtest</Group></props></Archives><Ravenguard_Fort><params><Glory_Reward>25</Glory_Reward><Xp_Reward>150</Xp_Reward><Gold_Reward>100</Gold_Reward><Power_Level>3</Power_Level></params><props><Arcade_Region></Arcade_Region><Map_Background>big\new dungeons\subterranean city.jpg</Map_Background><Description></Description><Lore></Lore><Dungeon_Map_Template></Dungeon_Map_Template><Type>dungeons</Type><Map_Objects></Map_Objects><Dungeon_Type>Boss</Dungeon_Type><Image>mini\dungeon\new5\tower.jpg</Image><Spawning_Delays></Spawning_Delays><Dungeon_Level>Two</Dungeon_Level><Alt_Encounters></Alt_Encounters><Color_Theme></Color_Theme><Displayed_Name>Ravenguard Fort</Displayed_Name><Workspace_Group>Test</Workspace_Group><Encounters></Encounters><Map_Preset_Objects></Map_Preset_Objects><Dev_Notes></Dev_Notes><Name>Ravenguard Fort</Name><Version>0.05</Version><Dungeon_Group>Misc</Dungeon_Group><Dungeon_Map_Modifier>Deep Wood</Dungeon_Map_Modifier><Group>Playtest</Group></props></Ravenguard_Fort><Eerie_Woods><params><Glory_Reward>25</Glory_Reward><Xp_Reward>150</Xp_Reward><Gold_Reward>100</Gold_Reward><Power_Level>3</Power_Level></params><props><Arcade_Region></Arcade_Region><Map_Background>big\new dungeons\subterranean city.jpg</Map_Background><Description></Description><Lore></Lore><Dungeon_Map_Template></Dungeon_Map_Template><Type>dungeons</Type><Map_Objects></Map_Objects><Dungeon_Type>Boss</Dungeon_Type><Image>mini\dungeon\new5\tower.jpg</Image><Spawning_Delays></Spawning_Delays><Dungeon_Level>Two</Dungeon_Level><Alt_Encounters></Alt_Encounters><Color_Theme></Color_Theme><Displayed_Name>Eerie Woods</Displayed_Name><Workspace_Group>Test</Workspace_Group><Encounters></Encounters><Map_Preset_Objects></Map_Preset_Objects><Dev_Notes></Dev_Notes><Name>Eerie Woods</Name><Version>0.05</Version><Dungeon_Group>Misc</Dungeon_Group><Dungeon_Map_Modifier>Deep Wood</Dungeon_Map_Modifier><Group>Playtest</Group></props></Eerie_Woods><Forgotten_Tomb><params><Glory_Reward>25</Glory_Reward><Xp_Reward>150</Xp_Reward><Gold_Reward>100</Gold_Reward><Power_Level>3</Power_Level></params><props><Arcade_Region></Arcade_Region><Map_Background>big\new dungeons\elven dungeon.jpg</Map_Background><Description></Description><Lore></Lore><Dungeon_Map_Template></Dungeon_Map_Template><Type>dungeons</Type><Map_Objects></Map_Objects><Dungeon_Type>Boss</Dungeon_Type><Image>mini\dungeon\new4\overgrown tomb.jpg</Image><Spawning_Delays></Spawning_Delays><Dungeon_Level>Two</Dungeon_Level><Alt_Encounters></Alt_Encounters><Color_Theme></Color_Theme><Displayed_Name>Forgotten Tomb</Displayed_Name><Workspace_Group>Test</Workspace_Group><Encounters></Encounters><Map_Preset_Objects></Map_Preset_Objects><Dev_Notes></Dev_Notes><Name>Forgotten Tomb</Name><Version>0.05</Version><Dungeon_Group>Misc</Dungeon_Group><Dungeon_Map_Modifier>Hall</Dungeon_Map_Modifier><Group>Playtest</Group></props></Forgotten_Tomb><Gnome_Vaults><params><Glory_Reward>25</Glory_Reward><Xp_Reward>150</Xp_Reward><Gold_Reward>100</Gold_Reward><Power_Level>3</Power_Level></params><props><Arcade_Region></Arcade_Region><Map_Background>big\dungeons\dungeon2.jpg</Map_Background><Description></Description><Lore></Lore><Dungeon_Map_Template></Dungeon_Map_Template><Type>dungeons</Type><Map_Objects></Map_Objects><Dungeon_Type>Boss</Dungeon_Type><Image>mini\dungeon\arcane\wizarding_bank.jpg</Image><Spawning_Delays></Spawning_Delays><Dungeon_Level>Two</Dungeon_Level><Alt_Encounters></Alt_Encounters><Color_Theme></Color_Theme><Displayed_Name>Gnome Vaults</Displayed_Name><Workspace_Group>Test</Workspace_Group><Encounters></Encounters><Map_Preset_Objects></Map_Preset_Objects><Dev_Notes></Dev_Notes><Name>Gnome Vaults</Name><Version>0.05</Version><Dungeon_Group>Misc</Dungeon_Group><Dungeon_Map_Modifier>Cavern</Dungeon_Map_Modifier><Group>Playtest</Group></props></Gnome_Vaults><Volcano_Island><params><Glory_Reward>25</Glory_Reward><Xp_Reward>150</Xp_Reward><Gold_Reward>100</Gold_Reward><Power_Level>3</Power_Level></params><props><Arcade_Region></Arcade_Region><Map_Background>big\dungeons\island.jpg</Map_Background><Description></Description><Lore></Lore><Dungeon_Map_Template></Dungeon_Map_Template><Type>dungeons</Type><Map_Objects></Map_Objects><Dungeon_Type>Boss</Dungeon_Type><Image>mini\dungeon\new6\volcano.jpg</Image><Spawning_Delays></Spawning_Delays><Dungeon_Level>Two</Dungeon_Level><Alt_Encounters></Alt_Encounters><Color_Theme></Color_Theme><Displayed_Name>Volcano Island</Displayed_Name><Workspace_Group>Test</Workspace_Group><Encounters></Encounters><Map_Preset_Objects></Map_Preset_Objects><Dev_Notes></Dev_Notes><Name>Volcano Island</Name><Version>0.05</Version><Dungeon_Group>Misc</Dungeon_Group><Dungeon_Map_Modifier>Cavern</Dungeon_Map_Modifier><Group>Playtest</Group></props></Volcano_Island><Cathedral><params><Glory_Reward>25</Glory_Reward><Xp_Reward>150</Xp_Reward><Gold_Reward>100</Gold_Reward><Power_Level>3</Power_Level></params><props><Arcade_Region></Arcade_Region><Map_Background>big\New2\temple.jpg</Map_Background><Description></Description><Lore></Lore><Dungeon_Map_Template></Dungeon_Map_Template><Type>dungeons</Type><Map_Objects></Map_Objects><Dungeon_Type>Boss</Dungeon_Type><Image>mini\dungeon\new6\church.jpg</Image><Spawning_Delays></Spawning_Delays><Dungeon_Level>Two</Dungeon_Level><Alt_Encounters></Alt_Encounters><Color_Theme></Color_Theme><Displayed_Name>Cathedral</Displayed_Name><Workspace_Group>Test</Workspace_Group><Encounters></Encounters><Map_Preset_Objects></Map_Preset_Objects><Dev_Notes></Dev_Notes><Name>Cathedral</Name><Version>0.05</Version><Dungeon_Group>Misc</Dungeon_Group><Dungeon_Map_Modifier>Hall</Dungeon_Map_Modifier><Group>Playtest</Group></props></Cathedral><Stronghold><params><Glory_Reward>25</Glory_Reward><Xp_Reward>150</Xp_Reward><Gold_Reward>100</Gold_Reward><Power_Level>3</Power_Level></params><props><Arcade_Region></Arcade_Region><Map_Background>big\dread keep.jpg</Map_Background><Description></Description><Lore></Lore><Dungeon_Map_Template></Dungeon_Map_Template><Type>dungeons</Type><Map_Objects></Map_Objects><Dungeon_Type>Boss</Dungeon_Type><Image>mini\dungeon\underground\dungeon4.jpg</Image><Spawning_Delays></Spawning_Delays><Dungeon_Level>Two</Dungeon_Level><Alt_Encounters></Alt_Encounters><Color_Theme></Color_Theme><Displayed_Name>Stronghold</Displayed_Name><Workspace_Group>Test</Workspace_Group><Encounters></Encounters><Map_Preset_Objects></Map_Preset_Objects><Dev_Notes></Dev_Notes><Name>Stronghold</Name><Version>0.05</Version><Dungeon_Group>Misc</Dungeon_Group><Dungeon_Map_Modifier>Hall</Dungeon_Map_Modifier><Group>Playtest</Group></props></Stronghold><Crusader_Dungeons><params><Glory_Reward>25</Glory_Reward><Xp_Reward>150</Xp_Reward><Gold_Reward>100</Gold_Reward><Power_Level>3</Power_Level></params><props><Arcade_Region></Arcade_Region><Map_Background>big\new dungeons\subterranean city.jpg</Map_Background><Description></Description><Lore></Lore><Dungeon_Map_Template></Dungeon_Map_Template><Type>dungeons</Type><Map_Objects></Map_Objects><Dungeon_Type>Boss</Dungeon_Type><Image>mini\dungeon\new6\prison.jpg</Image><Spawning_Delays></Spawning_Delays><Dungeon_Level>Two</Dungeon_Level><Alt_Encounters></Alt_Encounters><Color_Theme></Color_Theme><Displayed_Name>Crusader Dungeons</Displayed_Name><Workspace_Group>Test</Workspace_Group><Encounters></Encounters><Map_Preset_Objects></Map_Preset_Objects><Dev_Notes></Dev_Notes><Name>Crusader Dungeons</Name><Version>0.05</Version><Dungeon_Group>Misc</Dungeon_Group><Dungeon_Map_Modifier>Hall</Dungeon_Map_Modifier><Group>Playtest</Group></props></Crusader_Dungeons><Dungeon_Fort><params><Glory_Reward>25</Glory_Reward><Xp_Reward>150</Xp_Reward><Gold_Reward>100</Gold_Reward><Power_Level>3</Power_Level></params><props><Arcade_Region></Arcade_Region><Map_Background>big\new dungeons\subterranean city.jpg</Map_Background><Description></Description><Lore></Lore><Dungeon_Map_Template></Dungeon_Map_Template><Type>dungeons</Type><Map_Objects></Map_Objects><Dungeon_Type>Boss</Dungeon_Type><Image>mini\dungeon\underground\undercity.jpg</Image><Spawning_Delays></Spawning_Delays><Dungeon_Level>Two</Dungeon_Level><Alt_Encounters></Alt_Encounters><Color_Theme></Color_Theme><Displayed_Name>Dungeon Fort</Displayed_Name><Workspace_Group>Test</Workspace_Group><Encounters></Encounters><Map_Preset_Objects></Map_Preset_Objects><Dev_Notes></Dev_Notes><Name>Dungeon Fort</Name><Version>0.05</Version><Dungeon_Group>Misc</Dungeon_Group><Dungeon_Map_Modifier>Hall</Dungeon_Map_Modifier><Group>Playtest</Group></props></Dungeon_Fort><Snowcloud_Peaks><params><Glory_Reward>25</Glory_Reward><Xp_Reward>150</Xp_Reward><Gold_Reward>100</Gold_Reward><Power_Level>3</Power_Level></params><props><Arcade_Region></Arcade_Region><Map_Background>big\New2\north.jpg</Map_Background><Description></Description><Lore></Lore><Dungeon_Map_Template></Dungeon_Map_Template><Type>dungeons</Type><Map_Objects></Map_Objects><Dungeon_Type>Boss</Dungeon_Type><Image>mini\dungeon\new6\snowcloud peaks.jpg</Image><Spawning_Delays></Spawning_Delays><Dungeon_Level>Two</Dungeon_Level><Alt_Encounters></Alt_Encounters><Color_Theme></Color_Theme><Displayed_Name>Snowcloud Peaks</Displayed_Name><Workspace_Group>Test</Workspace_Group><Encounters></Encounters><Map_Preset_Objects></Map_Preset_Objects><Dev_Notes></Dev_Notes><Name>Snowcloud Peaks</Name><Version>0.05</Version><Dungeon_Group>Misc</Dungeon_Group><Dungeon_Map_Modifier>Rocky</Dungeon_Map_Modifier><Group>Playtest</Group></props></Snowcloud_Peaks><Feywood><params><Glory_Reward>25</Glory_Reward><Xp_Reward>150</Xp_Reward><Gold_Reward>100</Gold_Reward><Power_Level>3</Power_Level></params><props><Arcade_Region></Arcade_Region><Map_Background>big\New2\2880424.jpg</Map_Background><Description></Description><Lore></Lore><Dungeon_Map_Template></Dungeon_Map_Template><Type>dungeons</Type><Map_Objects></Map_Objects><Dungeon_Type>Boss</Dungeon_Type><Image>mini\dungeon\new5\mystic wood.jpg</Image><Spawning_Delays></Spawning_Delays><Dungeon_Level>Two</Dungeon_Level><Alt_Encounters></Alt_Encounters><Color_Theme></Color_Theme><Displayed_Name>Feywood</Displayed_Name><Workspace_Group>Test</Workspace_Group><Encounters></Encounters><Map_Preset_Objects></Map_Preset_Objects><Dev_Notes></Dev_Notes><Name>Feywood</Name><Version>0.05</Version><Dungeon_Group>Misc</Dungeon_Group><Dungeon_Map_Modifier>Deep Wood</Dungeon_Map_Modifier><Group>Playtest</Group></props></Feywood><Underworld_Keep><params><Glory_Reward>25</Glory_Reward><Xp_Reward>150</Xp_Reward><Gold_Reward>100</Gold_Reward><Power_Level>3</Power_Level></params><props><Arcade_Region></Arcade_Region><Map_Background>big\new dungeons\black dungeon.jpg</Map_Background><Description></Description><Lore></Lore><Dungeon_Map_Template></Dungeon_Map_Template><Type>dungeons</Type><Map_Objects></Map_Objects><Dungeon_Type>Boss</Dungeon_Type><Image>mini\dungeon\new6\dungeon5.jpg</Image><Spawning_Delays></Spawning_Delays><Dungeon_Level>Two</Dungeon_Level><Alt_Encounters></Alt_Encounters><Color_Theme></Color_Theme><Displayed_Name>Underworld Keep</Displayed_Name><Workspace_Group>Test</Workspace_Group><Encounters></Encounters><Map_Preset_Objects></Map_Preset_Objects><Dev_Notes></Dev_Notes><Name>Underworld Keep</Name><Version>0.05</Version><Dungeon_Group>Misc</Dungeon_Group><Dungeon_Map_Modifier>Rocky</Dungeon_Map_Modifier><Group>Playtest</Group></props></Underworld_Keep><Ravenwood><params><Glory_Reward>25</Glory_Reward><Xp_Reward>150</Xp_Reward><Gold_Reward>100</Gold_Reward><Power_Level>3</Power_Level></params><props><Arcade_Region></Arcade_Region><Map_Background>big\New2\dangerous_forest.jpg</Map_Background><Description></Description><Lore></Lore><Dungeon_Map_Template></Dungeon_Map_Template><Type>dungeons</Type><Map_Objects></Map_Objects><Dungeon_Type>Boss</Dungeon_Type><Image>mini\dungeon\new5\tombstones.jpg</Image><Spawning_Delays></Spawning_Delays><Dungeon_Level>Two</Dungeon_Level><Alt_Encounters></Alt_Encounters><Color_Theme></Color_Theme><Displayed_Name>Ravenwood</Displayed_Name><Workspace_Group>Test</Workspace_Group><Encounters></Encounters><Map_Preset_Objects></Map_Preset_Objects><Dev_Notes></Dev_Notes><Name>Ravenwood</Name><Version>0.05</Version><Dungeon_Group>Misc</Dungeon_Group><Dungeon_Map_Modifier>Deep Wood</Dungeon_Map_Modifier><Group>Playtest</Group></props></Ravenwood><Mograve_Keep><params><Glory_Reward>25</Glory_Reward><Xp_Reward>150</Xp_Reward><Gold_Reward>100</Gold_Reward><Power_Level>3</Power_Level></params><props><Arcade_Region></Arcade_Region><Map_Background>big\New2\dark_castle3.jpg</Map_Background><Description></Description><Lore></Lore><Dungeon_Map_Template></Dungeon_Map_Template><Type>dungeons</Type><Map_Objects></Map_Objects><Dungeon_Type>Boss</Dungeon_Type><Image>mini\dungeon\human\Von Finsterheim Castle.jpg</Image><Spawning_Delays></Spawning_Delays><Dungeon_Level>Two</Dungeon_Level><Alt_Encounters></Alt_Encounters><Color_Theme></Color_Theme><Displayed_Name>Mograve Keep</Displayed_Name><Workspace_Group>Test</Workspace_Group><Encounters></Encounters><Map_Preset_Objects></Map_Preset_Objects><Dev_Notes></Dev_Notes><Name>Mograve Keep</Name><Version>0.05</Version><Dungeon_Group>Misc</Dungeon_Group><Dungeon_Map_Modifier>Deep Wood</Dungeon_Map_Modifier><Group>Playtest</Group></props></Mograve_Keep><Forsaken_Gardens><params><Glory_Reward>25</Glory_Reward><Xp_Reward>150</Xp_Reward><Gold_Reward>100</Gold_Reward><Power_Level>3</Power_Level></params><props><Arcade_Region></Arcade_Region><Map_Background>big\New2\516513.jpg</Map_Background><Description></Description><Lore></Lore><Dungeon_Map_Template></Dungeon_Map_Template><Type>dungeons</Type><Map_Objects></Map_Objects><Dungeon_Type>Boss</Dungeon_Type><Image>mini\dungeon\new4\marsh.jpg</Image><Spawning_Delays></Spawning_Delays><Dungeon_Level>Two</Dungeon_Level><Alt_Encounters></Alt_Encounters><Color_Theme></Color_Theme><Displayed_Name>Forsaken Gardens</Displayed_Name><Workspace_Group>Test</Workspace_Group><Encounters></Encounters><Map_Preset_Objects></Map_Preset_Objects><Dev_Notes></Dev_Notes><Name>Forsaken Gardens</Name><Version>0.05</Version><Dungeon_Group>Misc</Dungeon_Group><Dungeon_Map_Modifier>Deep Wood</Dungeon_Map_Modifier><Group>Playtest</Group></props></Forsaken_Gardens><Grave_Hill><params><Glory_Reward>25</Glory_Reward><Xp_Reward>150</Xp_Reward><Gold_Reward>100</Gold_Reward><Power_Level>3</Power_Level></params><props><Arcade_Region></Arcade_Region><Map_Background>big\New2\dark forest.jpg</Map_Background><Description></Description><Lore></Lore><Dungeon_Map_Template></Dungeon_Map_Template><Type>dungeons</Type><Map_Objects></Map_Objects><Dungeon_Type>Boss</Dungeon_Type><Image>mini\dungeon\new4\grave hill.jpg</Image><Spawning_Delays></Spawning_Delays><Dungeon_Level>Two</Dungeon_Level><Alt_Encounters></Alt_Encounters><Color_Theme></Color_Theme><Displayed_Name>Grave Hill</Displayed_Name><Workspace_Group>Test</Workspace_Group><Encounters></Encounters><Map_Preset_Objects></Map_Preset_Objects><Dev_Notes></Dev_Notes><Name>Grave Hill</Name><Version>0.05</Version><Dungeon_Group>Misc</Dungeon_Group><Dungeon_Map_Modifier>Deep Wood</Dungeon_Map_Modifier><Group>Playtest</Group></props></Grave_Hill><Highland_Keep><params><Glory_Reward>25</Glory_Reward><Xp_Reward>150</Xp_Reward><Gold_Reward>100</Gold_Reward><Power_Level>3</Power_Level></params><props><Arcade_Region></Arcade_Region><Map_Background>big\New2\dnight_valley .jpg</Map_Background><Description></Description><Lore></Lore><Dungeon_Map_Template></Dungeon_Map_Template><Type>dungeons</Type><Map_Objects></Map_Objects><Dungeon_Type>Boss</Dungeon_Type><Image>mini\dungeon\new4\castle.jpg</Image><Spawning_Delays></Spawning_Delays><Dungeon_Level>Two</Dungeon_Level><Alt_Encounters></Alt_Encounters><Color_Theme></Color_Theme><Displayed_Name>Highland Keep</Displayed_Name><Workspace_Group>Test</Workspace_Group><Encounters></Encounters><Map_Preset_Objects></Map_Preset_Objects><Dev_Notes></Dev_Notes><Name>Highland Keep</Name><Version>0.05</Version><Dungeon_Group>Misc</Dungeon_Group><Dungeon_Map_Modifier>Deep Wood</Dungeon_Map_Modifier><Group>Playtest</Group></props></Highland_Keep><Observatory><params><Glory_Reward>25</Glory_Reward><Xp_Reward>150</Xp_Reward><Gold_Reward>100</Gold_Reward><Power_Level>3</Power_Level></params><props><Arcade_Region></Arcade_Region><Map_Background>big\New2\ancient tech spire.jpg</Map_Background><Description></Description><Lore></Lore><Dungeon_Map_Template></Dungeon_Map_Template><Type>dungeons</Type><Map_Objects></Map_Objects><Dungeon_Type>Boss</Dungeon_Type><Image>mini\dungeon\new4\town.jpg</Image><Spawning_Delays></Spawning_Delays><Dungeon_Level>Two</Dungeon_Level><Alt_Encounters></Alt_Encounters><Color_Theme></Color_Theme><Displayed_Name>Observatory</Displayed_Name><Workspace_Group>Test</Workspace_Group><Encounters></Encounters><Map_Preset_Objects></Map_Preset_Objects><Dev_Notes></Dev_Notes><Name>Observatory</Name><Version>0.05</Version><Dungeon_Group>Misc</Dungeon_Group><Dungeon_Map_Modifier>Deep Wood</Dungeon_Map_Modifier><Group>Playtest</Group></props></Observatory></Empty><Misty_Shores><Smuggler_Grotto><params><Glory_Reward>25</Glory_Reward><Xp_Reward>150</Xp_Reward><Gold_Reward>100</Gold_Reward><Power_Level>1</Power_Level></params><props><Arcade_Region>Misty Shores</Arcade_Region><Map_Background>big\new dungeons\subterranean city.jpg</Map_Background><Type>dungeons</Type><Dungeon_Type>Average</Dungeon_Type><Image>mini\dungeon\human\Smuggler Grottos.jpg</Image><Dungeon_Level>One</Dungeon_Level><Alt_Encounters>Dungeon Critters;Wolf Pack;Sewer Horrors;Night Terrors;</Alt_Encounters><Arcade_Route>Eerie Coast;Rocky Climb;</Arcade_Route><Encounters>Undead Minions;Wraiths;Death Lord;</Encounters><Name>Smuggler Grotto</Name><Dungeon_Group>Human</Dungeon_Group><Version>0.05</Version><Group>Arcade</Group></props></Smuggler_Grotto><Lichyard><params><Glory_Reward>25</Glory_Reward><Xp_Reward>150</Xp_Reward><Gold_Reward>100</Gold_Reward></params><props><Arcade_Region>Misty Shores</Arcade_Region><Map_Background>big\dungeons\mansion.jpg</Map_Background><Type>dungeons</Type><Name>Lichyard</Name><Dungeon_Group>Undead</Dungeon_Group><Dungeon_Type>Average</Dungeon_Type><Image>mini\dungeon\undead\Cemetary.jpg</Image><Dungeon_Level>Two</Dungeon_Level><Group>Arcade</Group></props></Lichyard><Dark_Castle><params><Glory_Reward>25</Glory_Reward><Xp_Reward>150</Xp_Reward><Gold_Reward>100</Gold_Reward></params><props><Arcade_Region>Misty Shores</Arcade_Region><Map_Background>big\new dungeons\Night Castle.jpg</Map_Background><Type>dungeons</Type><Name>Dark Castle</Name><Version>0.05</Version><Dungeon_Group>Undead</Dungeon_Group><Dungeon_Type>Average</Dungeon_Type><Image>mini\dungeon\human\castle.jpg</Image><Dungeon_Level>Four</Dungeon_Level><Group>Arcade</Group></props></Dark_Castle><Arcane_Sanctum><params><Glory_Reward>25</Glory_Reward><Xp_Reward>150</Xp_Reward><Gold_Reward>100</Gold_Reward></params><props><Arcade_Region>Misty Shores</Arcade_Region><Map_Background>big\dungeons\labyrinth.jpg</Map_Background><Type>dungeons</Type><Name>Arcane Sanctum</Name><Version>0.05</Version><Dungeon_Group>Undead</Dungeon_Group><Dungeon_Type>Average</Dungeon_Type><Image>mini\dungeon\arcane\arcane sanctum.jpg</Image><Dungeon_Level>Four</Dungeon_Level><Group>Arcade</Group></props></Arcane_Sanctum><Crimson_Castle><params><Glory_Reward>25</Glory_Reward><Xp_Reward>150</Xp_Reward><Gold_Reward>100</Gold_Reward></params><props><Arcade_Region>Misty Shores</Arcade_Region><Map_Background>big\new dungeons\Night Castle.jpg</Map_Background><Type>dungeons</Type><Name>Crimson Castle</Name><Version>0.05</Version><Dungeon_Group>Undead</Dungeon_Group><Dungeon_Type>Average</Dungeon_Type><Image>mini\dungeon\human\castle.jpg</Image><Dungeon_Level>Four</Dungeon_Level><Group>Arcade</Group></props></Crimson_Castle><Baron_s_Castle><params><Glory_Reward>25</Glory_Reward><Xp_Reward>150</Xp_Reward><Gold_Reward>100</Gold_Reward></params><props><Arcade_Region>Misty Shores</Arcade_Region><Map_Background>big\new dungeons\Night Castle.jpg</Map_Background><Type>dungeons</Type><Name>Baron's Castle</Name><Version>0.05</Version><Dungeon_Group>Undead</Dungeon_Group><Dungeon_Type>Average</Dungeon_Type><Image>mini\dungeon\human\castle.jpg</Image><Dungeon_Level>Four</Dungeon_Level><Group>Arcade</Group></props></Baron_s_Castle><Warlock_Castle><params><Glory_Reward>25</Glory_Reward><Xp_Reward>150</Xp_Reward><Gold_Reward>100</Gold_Reward></params><props><Arcade_Region>Misty Shores</Arcade_Region><Map_Background>big\dungeons\labyrinth.jpg</Map_Background><Type>dungeons</Type><Name>Warlock Castle</Name><Dungeon_Group>Undead</Dungeon_Group><Dungeon_Type>Average</Dungeon_Type><Image>mini\dungeon\human\castle.jpg</Image><Dungeon_Level>Four</Dungeon_Level><Group>Arcade</Group></props></Warlock_Castle></Misty_Shores><Dusk_Dale><Arcane_Tower><params><Glory_Reward>25</Glory_Reward><Xp_Reward>150</Xp_Reward><Gold_Reward>100</Gold_Reward><Power_Level>3</Power_Level></params><props><Arcade_Region>Dusk Dale</Arcade_Region><Map_Background>big\dungeons\dark castle1.jpg</Map_Background><Description>Standing aloof at the feet of the Pale Mountains, this tower is rumored to have appear out of nothing overnight and now house a powerful sorceror or sorceress... There is an aura of unnatural cold and stillness, eerie even by Dusk Dale standards. </Description><Lore>A perfectly likely place to start on the search, this tower is almost certain to have some clues about the Artifacts' present or past. </Lore><Dungeon_Map_Template></Dungeon_Map_Template><Type>dungeons</Type><Dungeon_Type>Average</Dungeon_Type><Image>mini\dungeon\arcane\arcane tower2.jpg</Image><Sublevels>Crystal Cave(Dark Tunnel=corner,middle);</Sublevels><Dungeon_Level>Two</Dungeon_Level><Alt_Encounters>Derelict Machinery;Apostates;Arcane Guardians;Elementals;Lich;</Alt_Encounters><Color_Theme>purple</Color_Theme><Displayed_Name>Arcane Tower</Displayed_Name><Workspace_Group>Focus</Workspace_Group><Encounters>Dark Apostates;Mutant Band;Eldritch Order;Sewer Horrors;Unchained Wyvern;</Encounters><Map_Preset_Objects>Arcane Crystal(4-5);Altar(1-4);Altar(1-1);Altar(7-1);Altar(7-4); Marble Column(4-0);</Map_Preset_Objects><Dev_Notes>Arcane Brotherhood;Conjurer; Marble Column(3-0);Marble Column(3-4);Marble Column(5-0);</Dev_Notes><Name>Arcane Tower</Name><Version>0.1002b</Version><Dungeon_Group>Arcane</Dungeon_Group><Dungeon_Map_Modifier></Dungeon_Map_Modifier><Group>Arcade</Group></props></Arcane_Tower><Demon_Shrine><params><Glory_Reward>25</Glory_Reward><Xp_Reward>150</Xp_Reward><Gold_Reward>100</Gold_Reward><Turns_In_Game>0</Turns_In_Game><Loot_Value>0</Loot_Value><Power_Level>0</Power_Level></params><props><Arcade_Region>Dusk Dale</Arcade_Region><Map_Background>big\dungeons\swamp.jpg</Map_Background><Description>A long accursed place, this once splendid Eledari temple of elements has seen a gruesome transformation by fire, blood and sorcery. </Description><Lore>Whatever particular sect holds its gatherings in this grim shrine, they are likely to have information about the Artifacts of Mastery. It's doubtful that they will offer it freely though. </Lore><Dungeon_Map_Template>Swamp</Dungeon_Map_Template><Type>dungeons</Type><Map_Objects>Ruined Structure(1);Ruined Gateway(1);Ruined Column(1)</Map_Objects><Dungeon_Type>Average</Dungeon_Type><Image>mini\dungeon\misc\forge.jpg</Image><Dungeon_Level>Three</Dungeon_Level><Alt_Encounters>Chaos Apostates;Possessed;Chaos Cultists;Anti-Paladin;Demon Lord</Alt_Encounters><Color_Theme>red</Color_Theme><Workspace_Group>Focus</Workspace_Group><Encounters>Lesser Demons;Demon Worshippers;Demon Callers;Abyssal Fiend;Warp Champion;</Encounters><Map_Preset_Objects>Altar(4-5);Altar(4-0);</Map_Preset_Objects><Name>Demon Shrine</Name><Version>0.1002b</Version><Dungeon_Group>Undead</Dungeon_Group><Dungeon_Map_Modifier></Dungeon_Map_Modifier><Group>Arcade</Group></props></Demon_Shrine><Cemetary><params><Glory_Reward>25</Glory_Reward><Xp_Reward>150</Xp_Reward><Gold_Reward>100</Gold_Reward><Power_Level>1</Power_Level></params><props><Arcade_Region>Dusk Dale</Arcade_Region><Map_Background>big\dungeons\cemetary.jpg</Map_Background><Description>Strangely, the white marble crypt in the middle of the cemetary seems to have resisted any harm from marauders and grave looters whose work is all too apparent in the multitude of desecrated graves strewn across the cemetary. Unless the graves dug up themselves, of course...</Description><Lore>The ancient elven crypt at the center of this dilapidated human cemetary is a promising place to find out more about the history of the Artifacts. Who knows what secrets are kept by the elves long dead? </Lore><Dungeon_Map_Template>Dead Forest</Dungeon_Map_Template><Type>dungeons</Type><Dungeon_Type>Average</Dungeon_Type><Image>mini\dungeon\undead\graveyard2.jpg</Image><Dungeon_Level>One</Dungeon_Level><Alt_Encounters>Cannibals;Grave Looters;Death Adepts;Lich;</Alt_Encounters><Color_Theme>blue</Color_Theme><Workspace_Group>Focus</Workspace_Group><Encounters>Death Worshippers;Undead Minions;Death Adepts;Wraiths;Corpseborn;Death Lord;Lich;Vampire;</Encounters><Map_Preset_Objects>Gravestone(2-1);Gravestone(6-3);Gravestone(2-3);Gravestone(6-1);</Map_Preset_Objects><Name>Cemetary</Name><Dungeon_Group>Undead</Dungeon_Group><Version>0.1001</Version><Group>Arcade</Group></props></Cemetary><Bandit_Den><params><Glory_Reward>25</Glory_Reward><Xp_Reward>150</Xp_Reward><Gold_Reward>100</Gold_Reward><Power_Level>1</Power_Level></params><props><Arcade_Region>Dusk Dale</Arcade_Region><Map_Background>big\dungeons\Pirate Bay.jpg</Map_Background><Encounters>Robber Band</Encounters><Type>dungeons</Type><Name>Bandit Den</Name><Dungeon_Group>Human</Dungeon_Group><Dungeon_Type>Average</Dungeon_Type><Image>mini\dungeon\human\Pirate Den.jpg</Image><Dungeon_Level>One</Dungeon_Level><Group>Playable</Group></props></Bandit_Den><Dungeon><params><Glory_Reward>25</Glory_Reward><Xp_Reward>150</Xp_Reward><Gold_Reward>100</Gold_Reward><Turns_In_Game>0</Turns_In_Game><Loot_Value>0</Loot_Value><Power_Level>0</Power_Level><Spawning_Delay_Mod>100</Spawning_Delay_Mod></params><props><Arcade_Region>Dusk Dale</Arcade_Region><Power_Encounters>Dragnir Patrol;</Power_Encounters><Map_Background>big\dungeons\cave2.jpg</Map_Background><Description>As little as you may like it, this is the place incicated by [faction]. There is no knowing what may lurk in these shadowy halls...</Description><Dungeon_Map_Template>Dungeon</Dungeon_Map_Template><Type>dungeons</Type><Dungeon_Type>Underground</Dungeon_Type><Image>mini\dungeon\underground\dungeon.jpg</Image><Dungeon_Level>Two</Dungeon_Level><Alt_Encounters>Shades; Death Worshippers;Dark Apostates;Hungry Dead;Bone Dragon;Dungeon Terrors;Blood Thralls;</Alt_Encounters><Known_Spells></Known_Spells><Color_Theme>blue</Color_Theme><Displayed_Name>Dungeon</Displayed_Name><Workspace_Group>Focus</Workspace_Group><Encounters>Dungeon Critters;Dungeon Monsters;Dungeon Terrors;Sewer Horrors;Unchained Wyvern;Ancient Beast;</Encounters><Name>Dungeon</Name><Dungeon_Group>Undead</Dungeon_Group><Version>0.05</Version><Dungeon_Map_Modifier>Ruins</Dungeon_Map_Modifier><Spellbook></Spellbook><Group>Arcade</Group></props></Dungeon><Crystal_Cave><params><Glory_Reward>25</Glory_Reward><Xp_Reward>150</Xp_Reward><Gold_Reward>100</Gold_Reward><Power_Level>1</Power_Level></params><props><Arcade_Region>Dusk Dale</Arcade_Region><Map_Background>big\dungeons\cave2.jpg</Map_Background><Description>Infested by some manner of insectoids, if rumors are to be believed, this cave radiates strange energy and emanates light that is probably not coming from any purely natural source... </Description><Lore>Although it is highly unlikely that there are clues about the Artifacts in a place like this, acquiring shards of a pure Aspect Crystal may be very useful - either as a prize to sell for information, or a source of magical power to aid the quest. </Lore><Dungeon_Map_Template>Dungeon</Dungeon_Map_Template><Type>dungeons</Type><Dungeon_Type>Underground</Dungeon_Type><Image>mini\dungeon\underground\crystal cave2.jpg</Image><Dungeon_Level>Two</Dungeon_Level><Alt_Encounters>Spider Brood;Spider Lords;Chosen of Arachnia;</Alt_Encounters><Color_Theme>yellow</Color_Theme><Displayed_Name>Crystal Cave</Displayed_Name><Workspace_Group>Focus</Workspace_Group><Encounters>Colony Brood;Colony Warriors;Colony Queen;</Encounters><Name>Crystal Cave</Name><Dungeon_Group>Undead</Dungeon_Group><Version>0.05</Version><Dungeon_Map_Modifier> Cavern</Dungeon_Map_Modifier><Group>Arcade</Group></props></Crystal_Cave><Twilight_Monastery><params><Glory_Reward>25</Glory_Reward><Xp_Reward>150</Xp_Reward><Gold_Reward>100</Gold_Reward></params><props><Arcade_Region>Dusk Dale</Arcade_Region><Map_Background>big\dungeons\new dungeon3.jpg</Map_Background><Workspace_Group>Implement</Workspace_Group><Type>dungeons</Type><Name>Twilight Monastery</Name><Version>0.05</Version><Dungeon_Group>Undead</Dungeon_Group><Dungeon_Type>Average</Dungeon_Type><Image>mini\dungeon\misc\Twilight Monastery.jpg</Image><Dungeon_Level>Three</Dungeon_Level><Group>Playable</Group></props></Twilight_Monastery><Hidden_Camp><params><Glory_Reward>25</Glory_Reward><Xp_Reward>150</Xp_Reward><Gold_Reward>100</Gold_Reward><Power_Level>1</Power_Level></params><props><Arcade_Region>Dusk Dale</Arcade_Region><Map_Background>big\dungeons\Pirate Bay.jpg</Map_Background><Description>Your tracking has led you to this site which upon closer inspection seems to be hosting a well-hidden camp... no friendly folk would likely be living in such a place. </Description><Dungeon_Map_Template>Forest</Dungeon_Map_Template><Type>dungeons</Type><Alt_Spawning_Delays>25</Alt_Spawning_Delays><Dungeon_Type>Average</Dungeon_Type><Image>mini\dungeon\human\Pirate Den.jpg</Image><Dungeon_Level>One</Dungeon_Level><Alt_Encounters>Goblins;Orcs;Orc Khan;</Alt_Encounters><Color_Theme>green</Color_Theme><Workspace_Group>Focus</Workspace_Group><Encounters>Robber Band;Deserters;Bandit Lord;</Encounters><Name>Hidden Camp</Name><Dungeon_Group>Human</Dungeon_Group><Dungeon_Map_Modifier>Camp</Dungeon_Map_Modifier><Group>Arcade</Group></props></Hidden_Camp><Wizard_Tower><params><Glory_Reward>25</Glory_Reward><Xp_Reward>150</Xp_Reward><Gold_Reward>100</Gold_Reward><Power_Level>3</Power_Level><Turns_In_Game>0</Turns_In_Game><Loot_Value>0</Loot_Value></params><props><Arcade_Region>Dusk Dale</Arcade_Region><Map_Background>big\dungeons\spires.jpg</Map_Background><Description>Standing aloof at the feet of the Pale Mountains, this tower is rumored to have appear out of nothing overnight and now house a powerful sorceror or sorceress... There is an aura of unnatural cold and stillness, eerie even by Dusk Dale standards. </Description><Lore>A perfectly likely place to start on the search, this tower is almost certain to have some clues about the Artifacts' present or past. </Lore><Dungeon_Map_Template></Dungeon_Map_Template><Type>dungeons</Type><Map_Objects>Marble Column(2);</Map_Objects><Dungeon_Type>Average</Dungeon_Type><Image>mini\dungeon\arcane\tower.jpg</Image><Dungeon_Level>Two</Dungeon_Level><Alt_Encounters>Derelict Machinery;Apostates;Arcane Guardians;Elementals;Sorceror;Enchantress;Lich;</Alt_Encounters><Color_Theme>purple</Color_Theme><Displayed_Name>Wizard Tower</Displayed_Name><Workspace_Group>Focus</Workspace_Group><Encounters>Derelict Machinery;Discarded and Orphaned Familiars;Arcane Guardians;Aether Golem;Mechanicum Titan;</Encounters><Map_Preset_Objects>Force Field(2-1);Force Field(6-4);Force Field(2-4);Force Field(6-1);</Map_Preset_Objects><Name>Wizard Tower</Name><Version>0.1002b</Version><Dungeon_Group>Arcane</Dungeon_Group><Dungeon_Map_Modifier></Dungeon_Map_Modifier><Group>Arcade</Group></props></Wizard_Tower><Spire><params><Glory_Reward>25</Glory_Reward><Xp_Reward>150</Xp_Reward><Gold_Reward>100</Gold_Reward><Power_Level>3</Power_Level></params><props><Arcade_Region>Dusk Dale</Arcade_Region><Map_Background>big\dungeons\Misty Mountains.jpg</Map_Background><Description>Standing aloof at the feet of the Pale Mountains, this tower is rumored to have appear out of nothing overnight and now house a powerful sorceror or sorceress... There is an aura of unnatural cold and stillness, eerie even by Dusk Dale standards. </Description><Lore>A perfectly likely place to start on the search, this tower is almost certain to have some clues about the Artifacts' present or past. </Lore><Type>dungeons</Type><Map_Objects></Map_Objects><Dungeon_Type>Average</Dungeon_Type><Image>mini\dungeon\arcane\Onyx Spire.jpg</Image><Spawning_Delays>Marble Column(0-0);Marble Column(8-4);Marble Column(0-4);Marble Column(8-0);</Spawning_Delays><Dungeon_Level>Two</Dungeon_Level><Alt_Encounters>Sky Minions;Celestials;Sky Lord;</Alt_Encounters><Color_Theme>light</Color_Theme><Workspace_Group>Focus</Workspace_Group><Encounters>Sky Minions;Celestials;Sky Lord;</Encounters><Map_Preset_Objects>Marble Column(2-1);Ruined Gateway(2-2);Marble Column(6-3);Marble Column(2-3);Marble Column(6-1);Ruined Gateway(6-2);</Map_Preset_Objects><Dev_Notes>Fanatics;Crusaders;Defender of Light;</Dev_Notes><Name>Spire</Name><Version>0.1002b</Version><Dungeon_Group>Arcane</Dungeon_Group><Group>Arcade</Group></props></Spire><Abandoned_House><params><Glory_Reward>25</Glory_Reward><Xp_Reward>150</Xp_Reward><Gold_Reward>100</Gold_Reward><Turns_In_Game>0</Turns_In_Game><Loot_Value>0</Loot_Value><Power_Level>0</Power_Level></params><props><Arcade_Region>Dusk Dale</Arcade_Region><Map_Background>mini\bg\Crimson Queen2.jpg</Map_Background><Description>[Quest] This may once have been a well-off farm, but no more. Dangers aside, the [faction] want this place cleared out and you could certainly use their support. </Description><Dungeon_Map_Template>Wooden Interior</Dungeon_Map_Template><Type>dungeons</Type><Dungeon_Type>Average</Dungeon_Type><Image>mini\dungeon\undead\Haunted House.jpg</Image><Dungeon_Level>One</Dungeon_Level><Alt_Encounters>Plague Bearers;Plague Servants;Corpseborn;Undead Monstrocity;</Alt_Encounters><Color_Theme>red</Color_Theme><Workspace_Group>Focus</Workspace_Group><Encounters>Hungry Dead;Blood Thralls;Vampires;Vampire Lord;</Encounters><Name>Abandoned House</Name><Dungeon_Group>Undead</Dungeon_Group><Version>0.05</Version><Group>Arcade</Group></props></Abandoned_House><Witch_Grove><params><Glory_Reward>25</Glory_Reward><Xp_Reward>150</Xp_Reward><Gold_Reward>100</Gold_Reward><Power_Level>1</Power_Level></params><props><Arcade_Region>Dusk Dale</Arcade_Region><Power_Encounters>Sorceress;</Power_Encounters><Map_Background>big\dungeons\haunted wood.jpg</Map_Background><Description>Strangely, the white marble crypt seems to have resisted any harm from marauders and grave looters who work is all too apparent in the multitude of desecrated graves strewn across the cemetary. Unless the graves dug up themselves, of course...</Description><Lore>The ancient elven crypt at the center of this dilapidated human cemetary is a promising place to find out more about the history of the Artifacts. Who knows what secrets are kept by the elves long dead? </Lore><Dungeon_Map_Template>Dark Forest</Dungeon_Map_Template><Type>dungeons</Type><Dungeon_Type>Average</Dungeon_Type><Image>mini\dungeon\haunted wood.jpg</Image><Dungeon_Level>One</Dungeon_Level><Alt_Encounters>Spider Brood;Undead Beasts;Dark Apostates;Huorn;Nightmare;Undead Monstrocity;Witches;Shades;</Alt_Encounters><Color_Theme>blue</Color_Theme><Workspace_Group>Focus</Workspace_Group><Encounters>Wisps;Wolf Pack;Warg Pack;Feline Predators;Angered Grizzly;Werewolf;Witches;Shades;</Encounters><Map_Preset_Objects>Altar(4-0)</Map_Preset_Objects><Name>Witch Grove</Name><Dungeon_Group>Undead</Dungeon_Group><Version>0.1003b</Version><Dungeon_Map_Modifier>Ruins</Dungeon_Map_Modifier><Group>Arcade</Group></props></Witch_Grove><Dwarven_Halls><params><Glory_Reward>25</Glory_Reward><Xp_Reward>150</Xp_Reward><Gold_Reward>100</Gold_Reward></params><props><Arcade_Region>Dusk Dale</Arcade_Region><Alt_Power_Encounters></Alt_Power_Encounters><Map_Background>big\dungeons\dwarf city.jpg</Map_Background><Type>dungeons</Type><Dungeon_Type>Underground</Dungeon_Type><Image>mini\dungeon\misc\zwergenheim.jpg</Image><Dungeon_Level>Three</Dungeon_Level><Alt_Encounters>Goblins;Orcs;Troll;Ogre</Alt_Encounters><Color_Theme>yellow</Color_Theme><Encounters>Dwarven Company;Dwarf Patrol;Dwarf Rabble;Exiled Thane;</Encounters><Name>Dwarven Halls</Name><Encounter_Groups></Encounter_Groups><Dungeon_Group>Undead</Dungeon_Group><Version>0.05</Version><Group>Arcade</Group></props></Dwarven_Halls><Hell><params><Glory_Reward>25</Glory_Reward><Xp_Reward>150</Xp_Reward><Gold_Reward>100</Gold_Reward><Power_Level>3</Power_Level></params><props><Arcade_Region>Dusk Dale</Arcade_Region><Map_Background>big\dungeons\hell.jpg</Map_Background><Description>Standing aloof at the feet of the Pale Mountains, this tower is rumored to have appear out of nothing overnight and now house a powerful sorceror or sorceress... There is an aura of unnatural cold and stillness, eerie even by Dusk Dale standards. </Description><Lore>A perfectly likely place to start on the search, this tower is almost certain to have some clues about the Artifacts' present or past. </Lore><Dungeon_Map_Template></Dungeon_Map_Template><Type>dungeons</Type><Map_Objects></Map_Objects><Dungeon_Type>Boss</Dungeon_Type><Image>mini\dungeon\misc\hell.jpg</Image><Spawning_Delays></Spawning_Delays><Dungeon_Level>Two</Dungeon_Level><Alt_Encounters>Abyssal Fiend;Demon Lord;Chaos Legion;Greater Demons;Demons of Abyss;Lord of Abyss;Demon Callers;</Alt_Encounters><Color_Theme>red</Color_Theme><Displayed_Name>Hell</Displayed_Name><Workspace_Group>Focus</Workspace_Group><Encounters>Abyssal Fiend;Demon Lord;Chaos Legion;Greater Demons;Demons of Abyss;Lord of Abyss;Demon Callers;</Encounters><Map_Preset_Objects>Altar(4-0);Altar(4-5);</Map_Preset_Objects><Dev_Notes>Fanatics;Crusaders;Defender of Light;</Dev_Notes><Name>Hell</Name><Version>0.05</Version><Dungeon_Group>Misc</Dungeon_Group><Dungeon_Map_Modifier>Ruins</Dungeon_Map_Modifier><Group>Arcade</Group></props></Hell><Nordheim><params><Glory_Reward>25</Glory_Reward><Xp_Reward>150</Xp_Reward><Gold_Reward>100</Gold_Reward><Power_Level>3</Power_Level></params><props><Arcade_Region>Dusk Dale</Arcade_Region><Map_Background>big\dungeons\undercity.jpg</Map_Background><Description>Standing aloof at the feet of the Pale Mountains, this tower is rumored to have appear out of nothing overnight and now house a powerful sorceror or sorceress... There is an aura of unnatural cold and stillness, eerie even by Dusk Dale standards. </Description><Lore>A perfectly likely place to start on the search, this tower is almost certain to have some clues about the Artifacts' present or past. </Lore><Dungeon_Map_Template></Dungeon_Map_Template><Type>dungeons</Type><Map_Objects></Map_Objects><Dungeon_Type>Boss</Dungeon_Type><Image>mini\dungeon\misc\temple.jpg</Image><Spawning_Delays></Spawning_Delays><Dungeon_Level>Two</Dungeon_Level><Alt_Encounters>Dwarven Company;Exiled Thane;Dwarf Patrol;</Alt_Encounters><Color_Theme>blue</Color_Theme><Displayed_Name>Nordheim</Displayed_Name><Workspace_Group>Focus</Workspace_Group><Encounters>Frost Giant;Storm Giant;Mountain Giants;Hill Giants;</Encounters><Map_Preset_Objects>Ruined Column(4-0);Ruined Column(4-5);</Map_Preset_Objects><Dev_Notes>Fanatics;Crusaders;Defender of Light;</Dev_Notes><Name>Nordheim</Name><Version>0.05</Version><Dungeon_Group>Misc</Dungeon_Group><Dungeon_Map_Modifier>Ruins</Dungeon_Map_Modifier><Group>Arcade</Group></props></Nordheim><Wraith_Kingdom><params><Glory_Reward>25</Glory_Reward><Xp_Reward>150</Xp_Reward><Gold_Reward>100</Gold_Reward><Power_Level>3</Power_Level></params><props><Arcade_Region>Dusk Dale</Arcade_Region><Map_Background>big\dungeons\dead city.jpg</Map_Background><Description>Standing aloof at the feet of the Pale Mountains, this tower is rumored to have appear out of nothing overnight and now house a powerful sorceror or sorceress... There is an aura of unnatural cold and stillness, eerie even by Dusk Dale standards. </Description><Lore>A perfectly likely place to start on the search, this tower is almost certain to have some clues about the Artifacts' present or past. </Lore><Dungeon_Map_Template></Dungeon_Map_Template><Type>dungeons</Type><Map_Objects></Map_Objects><Dungeon_Type>Boss</Dungeon_Type><Image>mini\dungeon\undead\death gate.jpg</Image><Spawning_Delays></Spawning_Delays><Dungeon_Level>Two</Dungeon_Level><Alt_Encounters>Shades;Wisps;Wraiths;Celestials;Bone Dragon;Sky Lord;</Alt_Encounters><Color_Theme>blue</Color_Theme><Displayed_Name>Wraith Kingdom</Displayed_Name><Workspace_Group>Focus</Workspace_Group><Encounters>Frost Giant;Bone Dragon;Wraiths;Wisps;Undead Minions;</Encounters><Map_Preset_Objects>Altar(4-0);Altar(4-5);</Map_Preset_Objects><Dev_Notes>Fanatics;Crusaders;Defender of Light;</Dev_Notes><Name>Wraith Kingdom</Name><Version>0.05</Version><Dungeon_Group>Misc</Dungeon_Group><Dungeon_Map_Modifier>Ruins</Dungeon_Map_Modifier><Group>Arcade</Group></props></Wraith_Kingdom><City_of_Ancients><params><Glory_Reward>25</Glory_Reward><Xp_Reward>150</Xp_Reward><Gold_Reward>100</Gold_Reward><Power_Level>3</Power_Level></params><props><Arcade_Region>Dusk Dale</Arcade_Region><Map_Background>big\dungeons\forgotten city.jpg</Map_Background><Description>Standing aloof at the feet of the Pale Mountains, this tower is rumored to have appear out of nothing overnight and now house a powerful sorceror or sorceress... There is an aura of unnatural cold and stillness, eerie even by Dusk Dale standards. </Description><Lore>A perfectly likely place to start on the search, this tower is almost certain to have some clues about the Artifacts' present or past. </Lore><Dungeon_Map_Template></Dungeon_Map_Template><Type>dungeons</Type><Map_Objects></Map_Objects><Dungeon_Type>Boss</Dungeon_Type><Image>mini\dungeon\underground\dungeon3.jpg</Image><Spawning_Delays></Spawning_Delays><Dungeon_Level>Two</Dungeon_Level><Alt_Encounters>Naga;Troll;Unchained Wyvern;Dungeon Monsters;Spider Lords;Chosen of Arachnia;Dungeon Terrors</Alt_Encounters><Color_Theme>blue</Color_Theme><Displayed_Name>City of Ancients</Displayed_Name><Workspace_Group>Focus</Workspace_Group><Encounters>Mechanicum Titan;Derelict Machinery;Arcane Guardians;Elementals;Bone Dragon;</Encounters><Map_Preset_Objects>Marble Column(4-0);Marble Column(4-5);</Map_Preset_Objects><Dev_Notes>Fanatics;Crusaders;Defender of Light;</Dev_Notes><Name>City of Ancients</Name><Version>0.1002b</Version><Dungeon_Group>Misc</Dungeon_Group><Dungeon_Map_Modifier>Ruins</Dungeon_Map_Modifier><Group>Arcade</Group></props></City_of_Ancients><Castle_Black><params><Glory_Reward>25</Glory_Reward><Xp_Reward>150</Xp_Reward><Gold_Reward>100</Gold_Reward><Power_Level>3</Power_Level></params><props><Arcade_Region>Dusk Dale</Arcade_Region><Map_Background>big\dungeons\dark castle.jpg</Map_Background><Description>Standing aloof at the feet of the Pale Mountains, this tower is rumored to have appear out of nothing overnight and now house a powerful sorceror or sorceress... There is an aura of unnatural cold and stillness, eerie even by Dusk Dale standards. </Description><Lore>A perfectly likely place to start on the search, this tower is almost certain to have some clues about the Artifacts' present or past. </Lore><Dungeon_Map_Template></Dungeon_Map_Template><Type>dungeons</Type><Map_Objects></Map_Objects><Dungeon_Type>Boss</Dungeon_Type><Image>mini\dungeon\human\castle.jpg</Image><Spawning_Delays></Spawning_Delays><Dungeon_Level>Two</Dungeon_Level><Alt_Encounters>Hungry Dead;Lich;Werewolf;Vampire Lord;Death Lord;Vampires;Blood Thralls;Wraiths;Night Terrors;</Alt_Encounters><Color_Theme>blue</Color_Theme><Displayed_Name>Castle Black</Displayed_Name><Workspace_Group>Focus</Workspace_Group><Encounters>Robber Band;Apostates;Death Adepts;Anti-Paladin;Dark Apostates;Bandit Lord;Killer Crew;</Encounters><Map_Preset_Objects>Marble Column(4-0);Marble Column(4-5);</Map_Preset_Objects><Dev_Notes>Fanatics;Crusaders;Defender of Light;</Dev_Notes><Name>Castle Black</Name><Version>0.05</Version><Dungeon_Group>Misc</Dungeon_Group><Dungeon_Map_Modifier>Ruins</Dungeon_Map_Modifier><Group>Arcade</Group></props></Castle_Black><Jotunheim><params><Glory_Reward>25</Glory_Reward><Xp_Reward>150</Xp_Reward><Gold_Reward>100</Gold_Reward><Power_Level>3</Power_Level></params><props><Arcade_Region>Dusk Dale</Arcade_Region><Map_Background>big\dungeons\ruins.jpg</Map_Background><Description>Standing aloof at the feet of the Pale Mountains, this tower is rumored to have appear out of nothing overnight and now house a powerful sorceror or sorceress... There is an aura of unnatural cold and stillness, eerie even by Dusk Dale standards. </Description><Lore>A perfectly likely place to start on the search, this tower is almost certain to have some clues about the Artifacts' present or past. </Lore><Dungeon_Map_Template></Dungeon_Map_Template><Type>dungeons</Type><Map_Objects></Map_Objects><Dungeon_Type>Boss</Dungeon_Type><Image>mini\dungeon\misc\Ancient Ruin.jpg</Image><Spawning_Delays></Spawning_Delays><Dungeon_Level>Two</Dungeon_Level><Alt_Encounters>Hill Giants;Mountain Giants;Storm Giant;Dwarven Company;Exiled Thane;</Alt_Encounters><Color_Theme>light</Color_Theme><Displayed_Name>Jotunheim</Displayed_Name><Workspace_Group>Focus</Workspace_Group><Encounters>Hill Giants;Mountain Giants;Storm Giant;Frost Giant;</Encounters><Map_Preset_Objects>Marble Column(3-0);Ruined Gateway(4-0);Marble Column(5-0);</Map_Preset_Objects><Dev_Notes>Fanatics;Crusaders;Defender of Light;</Dev_Notes><Name>Jotunheim</Name><Version>0.1002b</Version><Dungeon_Group>Misc</Dungeon_Group><Dungeon_Map_Modifier>Ruins</Dungeon_Map_Modifier><Group>Arcade</Group></props></Jotunheim><Crystal_Cavern><params><Glory_Reward>25</Glory_Reward><Xp_Reward>150</Xp_Reward><Gold_Reward>100</Gold_Reward><Power_Level>1</Power_Level></params><props><Arcade_Region>Dusk Dale</Arcade_Region><Map_Background>big\dungeons\cave2.jpg</Map_Background><Description>Infested by some manner of insectoids, if rumors are to be believed, this cave radiates strange energy and emanates light that is probably not coming from any purely natural source... </Description><Lore>Although it is highly unlikely that there are clues about the Artifacts in a place like this, acquiring shards of a pure Aspect Crystal may be very useful - either as a prize to sell for information, or a source of magical power to aid the quest. </Lore><Dungeon_Map_Template>Dungeon</Dungeon_Map_Template><Type>dungeons</Type><Dungeon_Type>Underground</Dungeon_Type><Image>mini\dungeon\underground\Crystal_Cave.jpg</Image><Dungeon_Level>Two</Dungeon_Level><Alt_Encounters>Spider Brood;Spider Lords;Chosen of Arachnia;</Alt_Encounters><Color_Theme>yellow</Color_Theme><Displayed_Name>Crystal Cavern</Displayed_Name><Workspace_Group>Focus</Workspace_Group><Encounters>Colony Brood;Colony Warriors;Colony Queen;</Encounters><Name>Crystal Cavern</Name><Dungeon_Group>Undead</Dungeon_Group><Version>0.05</Version><Dungeon_Map_Modifier> Cavern</Dungeon_Map_Modifier><Group>Arcade</Group></props></Crystal_Cavern><Academy_Vaults><params><Glory_Reward>25</Glory_Reward><Xp_Reward>150</Xp_Reward><Gold_Reward>100</Gold_Reward><Turns_In_Game>0</Turns_In_Game><Loot_Value>0</Loot_Value><Power_Level>0</Power_Level></params><props><Arcade_Region>Dusk Dale</Arcade_Region><Map_Background>big\New2\monument .jpg</Map_Background><Description>[Quest] This may once have been a well-off farm, but no more. Dangers aside, the [faction] want this place cleared out and you could certainly use their support. </Description><Dungeon_Map_Template>Wooden Interior</Dungeon_Map_Template><Type>dungeons</Type><Dungeon_Type>Average</Dungeon_Type><Image>mini\dungeon\new4\arcane library2.jpg</Image><Dungeon_Level>One</Dungeon_Level><Alt_Encounters>Plague Bearers;Plague Servants;Corpseborn;Undead Monstrocity;</Alt_Encounters><Color_Theme></Color_Theme><Displayed_Name>Academy Vaults</Displayed_Name><Workspace_Group>Focus</Workspace_Group><Encounters>Hungry Dead;Blood Thralls;Vampires;Vampire Lord;</Encounters><Name>Academy Vaults</Name><Dungeon_Group>Undead</Dungeon_Group><Version>0.05</Version><Group>Arcade</Group></props></Academy_Vaults><Shadow_Keep><params><Glory_Reward>25</Glory_Reward><Xp_Reward>150</Xp_Reward><Gold_Reward>100</Gold_Reward><Turns_In_Game>0</Turns_In_Game><Loot_Value>0</Loot_Value><Power_Level>0</Power_Level></params><props><Arcade_Region>Dusk Dale</Arcade_Region><Map_Background>big\New2\twilight.jpg</Map_Background><Description>[Quest] This may once have been a well-off farm, but no more. Dangers aside, the [faction] want this place cleared out and you could certainly use their support. </Description><Dungeon_Map_Template>Hall Dark</Dungeon_Map_Template><Type>dungeons</Type><Dungeon_Type>Average</Dungeon_Type><Image>mini\dungeon\new5\shadow keep.jpg</Image><Dungeon_Level>One</Dungeon_Level><Alt_Encounters>Plague Bearers;Plague Servants;Corpseborn;Undead Monstrocity;</Alt_Encounters><Color_Theme>blue</Color_Theme><Displayed_Name>Shadow Keep</Displayed_Name><Workspace_Group>Focus</Workspace_Group><Encounters>Hungry Dead;Blood Thralls;Vampires;Vampire Lord;</Encounters><Name>Shadow Keep</Name><Dungeon_Group>Undead</Dungeon_Group><Version>0.05</Version><Group>Arcade</Group></props></Shadow_Keep></Dusk_Dale><Blightstone_Desert><Titan_Temple><params><Glory_Reward>25</Glory_Reward><Xp_Reward>150</Xp_Reward><Gold_Reward>100</Gold_Reward></params><props><Arcade_Region>Blightstone Desert</Arcade_Region><Map_Background>big\dungeons\undercity.jpg</Map_Background><Type>dungeons</Type><Name>Titan Temple</Name><Version>0.05</Version><Dungeon_Group>Undead</Dungeon_Group><Dungeon_Type>Average</Dungeon_Type><Image>mini\dungeon\misc\temple.jpg</Image><Dungeon_Level>Four</Dungeon_Level><Group>Arcade</Group></props></Titan_Temple><Sanctuary><params><Glory_Reward>25</Glory_Reward><Xp_Reward>150</Xp_Reward><Gold_Reward>100</Gold_Reward></params><props><Arcade_Region>Blightstone Desert</Arcade_Region><Map_Background>big\dungeons\new dungeon3.jpg</Map_Background><Type>dungeons</Type><Name>Sanctuary</Name><Version>0.05</Version><Dungeon_Group>Undead</Dungeon_Group><Dungeon_Type>Average</Dungeon_Type><Image>mini\dungeon\underground\hall.jpg</Image><Dungeon_Level>Five</Dungeon_Level><Group>Arcade</Group></props></Sanctuary><Undercity><params><Glory_Reward>25</Glory_Reward><Xp_Reward>150</Xp_Reward><Gold_Reward>100</Gold_Reward></params><props><Arcade_Region>Blightstone Desert</Arcade_Region><Map_Background>big\dungeons\dead city.jpg</Map_Background><Type>dungeons</Type><Name>Undercity</Name><Version>0.05</Version><Dungeon_Group>Undead</Dungeon_Group><Dungeon_Type>Average</Dungeon_Type><Image>mini\dungeon\undead\death gate.jpg</Image><Dungeon_Level>Five</Dungeon_Level><Group>Arcade</Group></props></Undercity><Necropolis><params><Glory_Reward>25</Glory_Reward><Xp_Reward>150</Xp_Reward><Gold_Reward>100</Gold_Reward></params><props><Arcade_Region>Blightstone Desert</Arcade_Region><Map_Background>big\dungeons\labyrinth.jpg</Map_Background><Type>dungeons</Type><Name>Necropolis</Name><Dungeon_Group>Undead</Dungeon_Group><Dungeon_Type>Average</Dungeon_Type><Image>mini\dungeon\undead\City of the Dead.jpg</Image><Dungeon_Level>Five</Dungeon_Level></props></Necropolis><Crystal_Chamber><params><Glory_Reward>25</Glory_Reward><Xp_Reward>150</Xp_Reward><Gold_Reward>100</Gold_Reward></params><props><Arcade_Region>Blightstone Desert</Arcade_Region><Map_Background>big\dungeons\cave.jpg</Map_Background><Type>dungeons</Type><Name>Crystal Chamber</Name><Version>0.05</Version><Dungeon_Group>Undead</Dungeon_Group><Dungeon_Type>Average</Dungeon_Type><Image>mini\dungeon\underground\treasure room.jpg</Image><Dungeon_Level>Five</Dungeon_Level><Group>Arcade</Group></props></Crystal_Chamber><Mausoleum><params><Glory_Reward>25</Glory_Reward><Xp_Reward>150</Xp_Reward><Gold_Reward>100</Gold_Reward></params><props><Arcade_Region>Blightstone Desert</Arcade_Region><Displayed_Name>Mausoleum</Displayed_Name><Map_Background>big\dungeons\labyrinth.jpg</Map_Background><Type>dungeons</Type><Name>Mausoleum</Name><Version>0.05</Version><Dungeon_Group>Undead</Dungeon_Group><Dungeon_Type>Average</Dungeon_Type><Image>mini\dungeon\undead\Lich Palace.jpg</Image><Dungeon_Level>Five</Dungeon_Level></props></Mausoleum></Blightstone_Desert><Greyleaf_Woods><Ancient_Tomb><params><Glory_Reward>25</Glory_Reward><Xp_Reward>150</Xp_Reward><Gold_Reward>100</Gold_Reward></params><props><Arcade_Region>Greyleaf Woods</Arcade_Region><Map_Background>big\dungeons\mansion.jpg</Map_Background><Workspace_Group>Design</Workspace_Group><Type>dungeons</Type><Name>Ancient Tomb</Name><Dungeon_Group>Undead</Dungeon_Group><Dungeon_Type>Average</Dungeon_Type><Image>mini\dungeon\undead\crypt.jpg</Image><Dungeon_Level>Two</Dungeon_Level></props></Ancient_Tomb><Ruined_Fort><params><Glory_Reward>25</Glory_Reward><Xp_Reward>150</Xp_Reward><Gold_Reward>100</Gold_Reward></params><props><Arcade_Region>Greyleaf Woods</Arcade_Region><Map_Background>big\dungeons\mansion.jpg</Map_Background><Lore>Despite its crudeness, this fort has withstood the test of time better than most structures in the region</Lore><Description>[faction leader] has indicated this to be the likeliest place to search for [party].</Description><Type>dungeons</Type><Name>Ruined Fort</Name><Dungeon_Group>Undead</Dungeon_Group><Dungeon_Type>Average</Dungeon_Type><Image>mini\dungeon\misc\ruins2.jpg</Image><Dungeon_Level>Two</Dungeon_Level><Group>Arcade</Group></props></Ruined_Fort><Cavern><params><Glory_Reward>25</Glory_Reward><Xp_Reward>150</Xp_Reward><Gold_Reward>100</Gold_Reward><Power_Level>1</Power_Level></params><props><Arcade_Region>Greyleaf Woods</Arcade_Region><Map_Background>big\dungeons\dungeon2.jpg</Map_Background><Power_Encounters>Chaos Minions;Chaos Legion;Abyssal Fiend;Demon Lord;</Power_Encounters><Type>dungeons</Type><Dungeon_Type>Average</Dungeon_Type><Image>mini\dungeon\underground\dungeon2.jpg</Image><Dungeon_Level>One</Dungeon_Level><Alt_Encounters>Chaos Apostates;Demon Worshippers;Chaos Minions;Chaos Legion;Abyssal Fiend;Demon Lord;</Alt_Encounters><Workspace_Group>Focus</Workspace_Group><Encounters>Dungeon Monsters;Dungeon Terrors;Ancient Beast;</Encounters><Name>Cavern</Name><Dungeon_Group>Undead</Dungeon_Group><Group>Arcade</Group></props></Cavern><Forlorn_Ruins><params><Glory_Reward>25</Glory_Reward><Xp_Reward>150</Xp_Reward><Gold_Reward>100</Gold_Reward><Power_Level>1</Power_Level></params><props><Arcade_Region>Greyleaf Woods</Arcade_Region><Map_Background>big\dungeons\ruins.jpg</Map_Background><Lore>Your information indicates that some of the Scrolls may be hidden in a place that resembles what these ruins might have once looked like. </Lore><Encounters>Wolf Pack;Warg Pack;Feline Predators;Angered Grizzly;</Encounters><Type>dungeons</Type><Name>Forlorn Ruins</Name><Dungeon_Group>Human</Dungeon_Group><Dungeon_Type>Average</Dungeon_Type><Image>mini\dungeon\human\hidden camp.jpg</Image><Dungeon_Level>One</Dungeon_Level><Alt_Encounters>Robber Band</Alt_Encounters><Group>Arcade</Group></props></Forlorn_Ruins><Labyrinth><params><Glory_Reward>25</Glory_Reward><Xp_Reward>150</Xp_Reward><Gold_Reward>100</Gold_Reward><Power_Level>1</Power_Level></params><props><Arcade_Region>Greyleaf Woods</Arcade_Region><Map_Background>big\dungeons\dungeon2.jpg</Map_Background><Encounters>Dungeon Monsters;Dungeon Horrors;Ancient Beast;</Encounters><Type>dungeons</Type><Name>Labyrinth</Name><Dungeon_Group>Undead</Dungeon_Group><Dungeon_Type>Average</Dungeon_Type><Image>mini\dungeon\underground\dungeon2.jpg</Image><Dungeon_Level>One</Dungeon_Level><Alt_Encounters>Colony Brood;Colony Warriors;Colony Queen;</Alt_Encounters><Group>Arcade</Group></props></Labyrinth></Greyleaf_Woods><Wraith_Marshes><Ancient_Crypt><params><Glory_Reward>25</Glory_Reward><Xp_Reward>150</Xp_Reward><Gold_Reward>100</Gold_Reward></params><props><Arcade_Region>Wraith Marshes</Arcade_Region><Map_Background>big\new dungeons\crypt.jpg</Map_Background><Type>dungeons</Type><Name>Ancient Crypt</Name><Version>0.05</Version><Dungeon_Group>Undead</Dungeon_Group><Dungeon_Type>Average</Dungeon_Type><Image>mini\dungeon\undead\ancient crypts.jpg</Image><Dungeon_Level>Three</Dungeon_Level><Group>Arcade</Group></props></Ancient_Crypt><Forsaken_Castle><params><Glory_Reward>25</Glory_Reward><Xp_Reward>150</Xp_Reward><Gold_Reward>100</Gold_Reward></params><props><Arcade_Region>Wraith Marshes</Arcade_Region><Map_Background>big\new dungeons\dark castle.jpg</Map_Background><Type>dungeons</Type><Name>Forsaken Castle</Name><Version>0.05</Version><Dungeon_Group>Undead</Dungeon_Group><Dungeon_Type>Average</Dungeon_Type><Image>mini\dungeon\human\Von Finsterheim Castle.jpg</Image><Dungeon_Level>Three</Dungeon_Level></props></Forsaken_Castle><Defiled_Crypt><params><Glory_Reward>25</Glory_Reward><Xp_Reward>150</Xp_Reward><Gold_Reward>100</Gold_Reward></params><props><Arcade_Region>Wraith Marshes</Arcade_Region><Map_Background>big\new dungeons\crypt.jpg</Map_Background><Type>dungeons</Type><Name>Defiled Crypt</Name><Version>0.05</Version><Dungeon_Group>Undead</Dungeon_Group><Dungeon_Type>Average</Dungeon_Type><Image>mini\dungeon\misc\ruins.jpg</Image><Dungeon_Level>Three</Dungeon_Level><Group>Arcade</Group></props></Defiled_Crypt><Enchanted_Glade><params><Glory_Reward>25</Glory_Reward><Xp_Reward>150</Xp_Reward><Gold_Reward>100</Gold_Reward></params><props><Arcade_Region>Wraith Marshes</Arcade_Region><Map_Background>big\dungeons\cave.jpg</Map_Background><Type>dungeons</Type><Name>Enchanted Glade</Name><Version>0.05</Version><Dungeon_Group>Undead</Dungeon_Group><Dungeon_Type>Average</Dungeon_Type><Image>mini\dungeon\underground\cave.jpg</Image><Dungeon_Level>Three</Dungeon_Level></props></Enchanted_Glade><Haunted_Mansion><params><Glory_Reward>25</Glory_Reward><Xp_Reward>150</Xp_Reward><Gold_Reward>100</Gold_Reward></params><props><Arcade_Region>Wraith Marshes</Arcade_Region><Map_Background>big\dungeons\mansion.jpg</Map_Background><Type>dungeons</Type><Name>Haunted Mansion</Name><Dungeon_Group>Undead</Dungeon_Group><Dungeon_Type>Average</Dungeon_Type><Image>mini\dungeon\undead\Dark Mansion.jpg</Image><Dungeon_Level>Two</Dungeon_Level><Group>Arcade</Group></props></Haunted_Mansion><Drowned_Crypt><params><Glory_Reward>25</Glory_Reward><Xp_Reward>150</Xp_Reward><Gold_Reward>100</Gold_Reward></params><props><Arcade_Region>Wraith Marshes</Arcade_Region><Map_Background>big\new dungeons\crypt.jpg</Map_Background><Type>dungeons</Type><Name>Drowned Crypt</Name><Version>0.05</Version><Dungeon_Group>Undead</Dungeon_Group><Dungeon_Type>Average</Dungeon_Type><Image>mini\dungeon\undead\catacombs.jpg</Image><Dungeon_Level>Two</Dungeon_Level><Group>Arcade</Group></props></Drowned_Crypt><Library><params><Glory_Reward>25</Glory_Reward><Xp_Reward>150</Xp_Reward><Gold_Reward>100</Gold_Reward></params><props><Arcade_Region>Wraith Marshes</Arcade_Region><Displayed_Name>Library</Displayed_Name><Map_Background>big\new dungeons\dark castle.jpg</Map_Background><Type>dungeons</Type><Name>Library</Name><Version>0.05</Version><Dungeon_Group>Undead</Dungeon_Group><Dungeon_Type>Average</Dungeon_Type><Image>mini\dungeon\library.jpg</Image><Dungeon_Level>Three</Dungeon_Level></props></Library></Wraith_Marshes></XML>