<XML><Light><Sky_Lion><params><Level>4</Level><Endurance_Percentage>100</Endurance_Percentage><Focus_Percentage>100</Focus_Percentage><Toughness_Percentage>100</Toughness_Percentage><Strength>14</Strength><Knowledge>4</Knowledge><Xp>620</Xp><Base_Spellpower>4</Base_Spellpower><Base_Wisdom>9</Base_Wisdom><Base_Damage>27</Base_Damage><Base_Agility>10</Base_Agility><Toughness>15</Toughness><Stamina>9</Stamina><Vitality>12</Vitality><Interrupt_Damage>100</Interrupt_Damage><Wisdom>9</Wisdom><Water_Resistance>35</Water_Resistance><Base_Strength>14</Base_Strength><Shadow_Resistance>25</Shadow_Resistance><Base_Intelligence>8</Base_Intelligence><Attack>5</Attack><Spirit>4</Spirit><Weight>125</Weight><Base_Knowledge>4</Base_Knowledge><C_Quick_Slots>2</C_Quick_Slots><Endurance>45</Endurance><Sight_Range>4</Sight_Range><Base_Charisma>8</Base_Charisma><Starting_Focus>28</Starting_Focus><Damage_Mod>100</Damage_Mod><Agility>10</Agility><Base_Willpower>14</Base_Willpower><Base_Dexterity>10</Base_Dexterity><Total_Xp>620</Total_Xp><Focus>100</Focus><Psionic_Resistance>15</Psionic_Resistance><Air_Resistance>35</Air_Resistance><Dexterity>10</Dexterity><Initiative_Percentage>100</Initiative_Percentage><Stamina_Percentage>100</Stamina_Percentage><Initiative_Modifier>10</Initiative_Modifier><Power>62</Power><Charisma>8</Charisma><Willpower>14</Willpower><Death_Resistance>15</Death_Resistance><Essence_Percentage>100</Essence_Percentage><Quick_Slots>2</Quick_Slots><Intelligence>8</Intelligence><Resistance>21</Resistance><Carrying_Capacity>160</Carrying_Capacity><Armor_Mod>100</Armor_Mod><N_Of_Counters>1</N_Of_Counters><Initiative_Bonus>5</Initiative_Bonus><N_Of_Actions>4</N_Of_Actions><Spellpower>4</Spellpower><Essence>30</Essence><Arcane_Resistance>15</Arcane_Resistance><Defense>5</Defense><Base_Vitality>12</Base_Vitality><N_Of_Actions_Percentage>1000000</N_Of_Actions_Percentage><N_Of_Counters_Percentage>1000000</N_Of_Counters_Percentage><Morale>30</Morale><Attack_Mod>100</Attack_Mod><Defense_Mod>100</Defense_Mod><Morale_Percentage>1000000</Morale_Percentage><Gold_Mod>100</Gold_Mod><Attr_Points_Per_Level>5</Attr_Points_Per_Level><Mastery_Points_Per_Level>5</Mastery_Points_Per_Level><Offhand_Attack_Mod>50</Offhand_Attack_Mod><Offhand_Damage_Mod>75</Offhand_Damage_Mod><Counter_Mod>50</Counter_Mod><Cadence_Sta_Mod>-35</Cadence_Sta_Mod><Cadence_Ap_Mod>-25</Cadence_Ap_Mod><Quantity>1</Quantity><Detection>10</Detection><Xp_Gain_Mod>100</Xp_Gain_Mod><Xp_Level_Mod>100</Xp_Level_Mod><Summoned_Xp_Mod>100</Summoned_Xp_Mod><Upkeep_Mod>100</Upkeep_Mod><Main_Hand_Gold_Percentage>70</Main_Hand_Gold_Percentage><Armor_Gold_Percentage>40</Armor_Gold_Percentage></params><props><Offhand_Natural_Weapon>Sizable Maw</Offhand_Natural_Weapon><Damage_Type>Slashing</Damage_Type><Type>units</Type><Standard_Passives>Vigilance;Flying;First Strike;Double Retaliation;</Standard_Passives><Passives>ParamBonus(N of Counters,{level}-2);ParamBonus(Move Ap Penalty, -50); ParamBonus(Initiative Modifier, {level}/2)</Passives><Image>mini\unit\Light\Sky Lion2.jpg</Image><Known_Spells></Known_Spells><Deity>Sky Queen</Deity><Actives>Short Flight;</Actives><Displayed_Name>Sky Lion</Displayed_Name><Attribute_Progression>Willpower(15);Strength(19);Wisdom(8);Agility(9);Dexterity(5);Vitality(16);</Attribute_Progression><Natural_Weapon>Sizable Paws</Natural_Weapon><Aspect>Light</Aspect><Name>Sky Lion</Name><Version>0.1002b</Version><Principles>Honor;Charity;</Principles><Spellbook></Spellbook><Group>Sky</Group></props></Sky_Lion><Grey_Eagle><params><Level>3</Level><Endurance_Percentage>100</Endurance_Percentage><Focus_Percentage>100</Focus_Percentage><Toughness_Percentage>100</Toughness_Percentage><Strength>11</Strength><Knowledge>2</Knowledge><Xp>380</Xp><Base_Spellpower>3</Base_Spellpower><Base_Wisdom>7</Base_Wisdom><Base_Damage>24</Base_Damage><Base_Agility>14</Base_Agility><Toughness>15</Toughness><Stamina>8</Stamina><Vitality>7</Vitality><Interrupt_Damage>100</Interrupt_Damage><Wisdom>7</Wisdom><Water_Resistance>25</Water_Resistance><Base_Strength>11</Base_Strength><Shadow_Resistance>25</Shadow_Resistance><Holy_Resistance>35</Holy_Resistance><Base_Intelligence>8</Base_Intelligence><Attack>5</Attack><Spirit>4</Spirit><Weight>65</Weight><Base_Knowledge>2</Base_Knowledge><C_Quick_Slots>2</C_Quick_Slots><Endurance>45</Endurance><Sight_Range>4</Sight_Range><Base_Charisma>4</Base_Charisma><Starting_Focus>42</Starting_Focus><Damage_Mod>100</Damage_Mod><Agility>14</Agility><Base_Willpower>8</Base_Willpower><Base_Dexterity>12</Base_Dexterity><Total_Xp>380</Total_Xp><Focus>100</Focus><Air_Resistance>45</Air_Resistance><Dexterity>12</Dexterity><Initiative_Percentage>100</Initiative_Percentage><Stamina_Percentage>100</Stamina_Percentage><Initiative_Modifier>10</Initiative_Modifier><Power>38</Power><Charisma>4</Charisma><Willpower>8</Willpower><Essence_Percentage>100</Essence_Percentage><Quick_Slots>2</Quick_Slots><Intelligence>8</Intelligence><Resistance>12</Resistance><Carrying_Capacity>160</Carrying_Capacity><Armor_Mod>80</Armor_Mod><N_Of_Counters>1</N_Of_Counters><Initiative_Bonus>5</Initiative_Bonus><Side_Sight_Penalty>2</Side_Sight_Penalty><N_Of_Actions>4</N_Of_Actions><Spellpower>3</Spellpower><Essence>30</Essence><Arcane_Resistance>25</Arcane_Resistance><Base_Vitality>7</Base_Vitality><Morale>30</Morale><Attack_Mod>100</Attack_Mod><Defense_Mod>100</Defense_Mod><Morale_Percentage>1000000</Morale_Percentage><N_Of_Actions_Percentage>1000000</N_Of_Actions_Percentage><N_Of_Counters_Percentage>1000000</N_Of_Counters_Percentage><Gold_Mod>100</Gold_Mod><Attr_Points_Per_Level>5</Attr_Points_Per_Level><Mastery_Points_Per_Level>5</Mastery_Points_Per_Level><Offhand_Attack_Mod>50</Offhand_Attack_Mod><Offhand_Damage_Mod>75</Offhand_Damage_Mod><Counter_Mod>50</Counter_Mod><Cadence_Sta_Mod>-35</Cadence_Sta_Mod><Cadence_Ap_Mod>-25</Cadence_Ap_Mod><Quantity>1</Quantity><Detection>10</Detection><Xp_Gain_Mod>100</Xp_Gain_Mod><Xp_Level_Mod>100</Xp_Level_Mod><Summoned_Xp_Mod>100</Summoned_Xp_Mod><Upkeep_Mod>100</Upkeep_Mod><Main_Hand_Gold_Percentage>70</Main_Hand_Gold_Percentage><Armor_Gold_Percentage>40</Armor_Gold_Percentage><Defense>5</Defense><Cold_Resistance>15</Cold_Resistance><Lightning_Resistance>25</Lightning_Resistance><Light_Resistance>35</Light_Resistance></params><props><Offhand_Natural_Weapon>Average Talons</Offhand_Natural_Weapon><Damage_Type>Piercing</Damage_Type><Type>units</Type><Standard_Passives>Non Obstructing;Dexterous;Flying;No Retaliation;</Standard_Passives><Passives>ParamBonus(Base Damage, {level}*2);ParamBonus(Detection, {level});ParamBonus(Move Ap Penalty, -50); ParamBonus(Initiative Modifier, {level}/2)</Passives><Image>mini\unit\Light\next\Grey Eagle.jpg</Image><Known_Spells></Known_Spells><Deity>Sky Queen</Deity><Actives>Flight;Short Flight;</Actives><Displayed_Name>Grey Eagle</Displayed_Name><Attribute_Progression>Intelligence(13);Strength(12);Willpower(18);Charisma(8);Wisdom(9);Agility(31);Dexterity(16);Vitality(7);</Attribute_Progression><Natural_Weapon>Average Beak</Natural_Weapon><Aspect>Light</Aspect><Name>Grey Eagle</Name><Version>0.1001</Version><Principles>Honor;Freedom;</Principles><Spellbook></Spellbook><Group>Sky</Group></props></Grey_Eagle><Cloud_Titan><params><Endurance_Percentage>100</Endurance_Percentage><Focus_Percentage>100</Focus_Percentage><Toughness_Percentage>100</Toughness_Percentage><Strength>32</Strength><Knowledge>26</Knowledge><Xp>3750</Xp><Base_Spellpower>26</Base_Spellpower><Base_Wisdom>32</Base_Wisdom><Base_Damage>14</Base_Damage><Base_Agility>24</Base_Agility><Toughness>15</Toughness><Stamina>4</Stamina><Vitality>26</Vitality><Interrupt_Damage>100</Interrupt_Damage><Wisdom>32</Wisdom><Base_Strength>32</Base_Strength><Base_Intelligence>24</Base_Intelligence><Spirit>4</Spirit><Base_Knowledge>26</Base_Knowledge><C_Quick_Slots>2</C_Quick_Slots><Endurance>39</Endurance><Sight_Range>3</Sight_Range><Base_Charisma>24</Base_Charisma><Starting_Focus>25</Starting_Focus><Damage_Mod>100</Damage_Mod><Agility>24</Agility><Base_Willpower>32</Base_Willpower><Base_Dexterity>22</Base_Dexterity><Focus>100</Focus><Dexterity>22</Dexterity><Initiative_Percentage>100</Initiative_Percentage><Stamina_Percentage>100</Stamina_Percentage><Initiative_Modifier>10</Initiative_Modifier><Charisma>24</Charisma><Willpower>32</Willpower><Essence_Percentage>100</Essence_Percentage><Quick_Slots>2</Quick_Slots><Intelligence>24</Intelligence><Resistance>15</Resistance><Carrying_Capacity>160</Carrying_Capacity><Armor_Mod>100</Armor_Mod><N_Of_Counters>1</N_Of_Counters><Initiative_Bonus>5</Initiative_Bonus><Side_Sight_Penalty>1</Side_Sight_Penalty><N_Of_Actions>6</N_Of_Actions><Spellpower>26</Spellpower><Essence>30</Essence><Spellcraft_Mastery>15</Spellcraft_Mastery><Mobility_Mastery>15</Mobility_Mastery><Base_Vitality>26</Base_Vitality><Morale>30</Morale><Attack_Mod>100</Attack_Mod><Defense_Mod>100</Defense_Mod><Morale_Percentage>1000000</Morale_Percentage><N_Of_Actions_Percentage>1000000</N_Of_Actions_Percentage><N_Of_Counters_Percentage>1000000</N_Of_Counters_Percentage><Total_Xp>3750</Total_Xp><Level>10</Level><Power>375</Power><Detection>10</Detection><Gold_Mod>100</Gold_Mod><Xp_Gain_Mod>100</Xp_Gain_Mod><Xp_Level_Mod>100</Xp_Level_Mod><Offhand_Attack_Mod>50</Offhand_Attack_Mod><Offhand_Damage_Mod>75</Offhand_Damage_Mod><Counter_Mod>50</Counter_Mod><Cadence_Sta_Mod>-35</Cadence_Sta_Mod><Cadence_Ap_Mod>-25</Cadence_Ap_Mod><Summoned_Xp_Mod>100</Summoned_Xp_Mod><Upkeep_Mod>100</Upkeep_Mod><Main_Hand_Gold_Percentage>70</Main_Hand_Gold_Percentage><Armor_Gold_Percentage>40</Armor_Gold_Percentage><Quantity>1</Quantity><Organization>100</Organization><Battle_Spirit>100</Battle_Spirit><Gold_Per_Level>100</Gold_Per_Level><Girth>300</Girth><Mobility_Mastery_Score>15</Mobility_Mastery_Score><Spellcraft_Mastery_Score>15</Spellcraft_Mastery_Score><Height>180</Height></params><props><Verbatim_Spells>Light;Searing Light;Lucent Beam;Lucent Sphere;Scorching Light;Wings of Light;Summon Eagle;Haste;Lightning Strike;Teleport;Time Warp</Verbatim_Spells><Type>units</Type><Image>mini\unit\Light\Archon.jpg</Image><Known_Spells></Known_Spells><Deity>Sky Queen</Deity><Displayed_Name>Cloud Titan</Displayed_Name><Natural_Weapon>Average Fist</Natural_Weapon><Aspect>Light</Aspect><Name>Cloud Titan</Name><Version>0.05</Version><Principles>Progress;Freedom;Honor;</Principles><Main_Hand_Item>Masterpiece Mithril Warhammer</Main_Hand_Item><Group>Sky</Group><Spellbook></Spellbook><Classifications>Huge;Psionic;Humanoid;</Classifications></props></Cloud_Titan><Fanatic><params><Spirit>3</Spirit><Level>3</Level><Resistance>12</Resistance><Base_Damage>8</Base_Damage><Toughness>15</Toughness><N_Of_Counters>1</N_Of_Counters><N_Of_Actions>4</N_Of_Actions><Endurance>45</Endurance><Quick_Slots>2</Quick_Slots><C_Quick_Slots>2</C_Quick_Slots><Strength>11</Strength><Vitality>8</Vitality><Agility>9</Agility><Dexterity>8</Dexterity><Willpower>6</Willpower><Intelligence>3</Intelligence><Spellpower>4</Spellpower><Knowledge>2</Knowledge><Wisdom>1</Wisdom><Charisma>2</Charisma><Total_Xp>430</Total_Xp><Power>43</Power><Xp>430</Xp><Base_Strength>11</Base_Strength><Base_Vitality>8</Base_Vitality><Base_Agility>9</Base_Agility><Base_Dexterity>8</Base_Dexterity><Base_Willpower>6</Base_Willpower><Base_Intelligence>3</Base_Intelligence><Base_Spellpower>4</Base_Spellpower><Base_Knowledge>2</Base_Knowledge><Base_Wisdom>1</Base_Wisdom><Base_Charisma>2</Base_Charisma><Defense>5</Defense><Stamina>8</Stamina><Focus>100</Focus><Starting_Focus>25</Starting_Focus><Armor_Mod>100</Armor_Mod><Weight>160</Weight><Carrying_Capacity>160</Carrying_Capacity><Initiative_Modifier>10</Initiative_Modifier><Initiative_Bonus>5</Initiative_Bonus><Sight_Range>3</Sight_Range><Side_Sight_Penalty>1</Side_Sight_Penalty><Interrupt_Damage>100</Interrupt_Damage><Damage_Mod>100</Damage_Mod><Initiative_Percentage>1000000</Initiative_Percentage><Endurance_Percentage>1000000</Endurance_Percentage><Toughness_Percentage>1000000</Toughness_Percentage><Essence_Percentage>1000000</Essence_Percentage><Focus_Percentage>1000000</Focus_Percentage><Stamina_Percentage>1000000</Stamina_Percentage><N_Of_Actions_Percentage>1000000</N_Of_Actions_Percentage><N_Of_Counters_Percentage>1000000</N_Of_Counters_Percentage><Morale>30</Morale><Attr_Points_Per_Level>5</Attr_Points_Per_Level><Mastery_Points_Per_Level>5</Mastery_Points_Per_Level><Attack_Mod>100</Attack_Mod><Defense_Mod>100</Defense_Mod><Counter_Mod>50</Counter_Mod><Morale_Percentage>1000000</Morale_Percentage><Quantity>1</Quantity><Gold_Mod>65</Gold_Mod><Offhand_Attack_Mod>50</Offhand_Attack_Mod><Offhand_Damage_Mod>75</Offhand_Damage_Mod><Xp_Gain_Mod>100</Xp_Gain_Mod><Xp_Level_Mod>100</Xp_Level_Mod><Cadence_Sta_Mod>-35</Cadence_Sta_Mod><Cadence_Ap_Mod>-25</Cadence_Ap_Mod><Summoned_Xp_Mod>100</Summoned_Xp_Mod><Upkeep_Mod>100</Upkeep_Mod><Main_Hand_Gold_Percentage>70</Main_Hand_Gold_Percentage><Armor_Gold_Percentage>25</Armor_Gold_Percentage><Detection>10</Detection><Athletics_Mastery>3</Athletics_Mastery><Mobility_Mastery>3</Mobility_Mastery><Blade_Mastery>6</Blade_Mastery><Blunt_Mastery>1</Blunt_Mastery><Axe_Mastery>4</Axe_Mastery><Polearm_Mastery>2</Polearm_Mastery><Dual_Wielding_Mastery>4</Dual_Wielding_Mastery><Fire_Resistance>25</Fire_Resistance><Chaos_Resistance>35</Chaos_Resistance><Shadow_Resistance>15</Shadow_Resistance><Psionic_Resistance>65</Psionic_Resistance><Organization>100</Organization><Battle_Spirit>100</Battle_Spirit></params><props><Armor_Repertoire>Empty(4);Light Outfit(3);Outfit(2);Rogue Outfit(1);</Armor_Repertoire><Offhand_Natural_Weapon>Petty Fist</Offhand_Natural_Weapon><Lore>x</Lore><Type>units</Type><Standard_Passives>Dispassionate;Relentless;</Standard_Passives><Image>mini\unit\Neutral\Witch Hunter.jpg</Image><Known_Spells></Known_Spells><Deity>Redeemer</Deity><Off_Hand_Repertoire>Scimitar(4);Short Sword(3);Kris(3);Hand Axe(3);Sickle(2);Club(2);Dagger(3);Knife(2);</Off_Hand_Repertoire><Main_Hand_Repertoire>Scimitar(6);Falchion(7);Short Sword(3);Kris(3);Hand Axe(3);Pollaxe(2);Battle Axe(2);Sickle(2);Flail(2);Club(2);Malus(1);Dagger(3);Knife(2);</Main_Hand_Repertoire><Displayed_Name>Fanatic</Displayed_Name><Soundset>ABOMINATION</Soundset><Ai_Modifiers>True Brute</Ai_Modifiers><Natural_Weapon>Petty Fist</Natural_Weapon><Aspect>Light</Aspect><Name>Fanatic</Name><Version>0.1003</Version><Spellbook></Spellbook></props></Fanatic><Rox><params><Level>5</Level><Endurance_Percentage>100</Endurance_Percentage><Focus_Percentage>100</Focus_Percentage><Toughness_Percentage>100</Toughness_Percentage><Strength>16</Strength><Knowledge>2</Knowledge><Xp>850</Xp><Base_Spellpower>3</Base_Spellpower><Base_Wisdom>7</Base_Wisdom><Base_Damage>24</Base_Damage><Base_Agility>17</Base_Agility><Toughness>15</Toughness><Stamina>8</Stamina><Vitality>12</Vitality><Interrupt_Damage>100</Interrupt_Damage><Wisdom>7</Wisdom><Water_Resistance>25</Water_Resistance><Base_Strength>16</Base_Strength><Shadow_Resistance>25</Shadow_Resistance><Holy_Resistance>35</Holy_Resistance><Base_Intelligence>11</Base_Intelligence><Attack>5</Attack><Spirit>4</Spirit><Weight>65</Weight><Base_Knowledge>2</Base_Knowledge><C_Quick_Slots>2</C_Quick_Slots><Endurance>45</Endurance><Sight_Range>4</Sight_Range><Base_Charisma>4</Base_Charisma><Starting_Focus>42</Starting_Focus><Damage_Mod>100</Damage_Mod><Agility>17</Agility><Base_Willpower>12</Base_Willpower><Base_Dexterity>16</Base_Dexterity><Total_Xp>850</Total_Xp><Focus>100</Focus><Air_Resistance>45</Air_Resistance><Dexterity>16</Dexterity><Initiative_Percentage>100</Initiative_Percentage><Stamina_Percentage>100</Stamina_Percentage><Initiative_Modifier>10</Initiative_Modifier><Power>85</Power><Charisma>4</Charisma><Willpower>12</Willpower><Essence_Percentage>100</Essence_Percentage><Quick_Slots>2</Quick_Slots><Intelligence>11</Intelligence><Resistance>12</Resistance><Carrying_Capacity>160</Carrying_Capacity><Armor_Mod>80</Armor_Mod><N_Of_Counters>1</N_Of_Counters><Initiative_Bonus>5</Initiative_Bonus><Side_Sight_Penalty>1</Side_Sight_Penalty><N_Of_Actions>4</N_Of_Actions><Spellpower>3</Spellpower><Essence>30</Essence><Arcane_Resistance>25</Arcane_Resistance><Base_Vitality>12</Base_Vitality><Morale>30</Morale><Attack_Mod>100</Attack_Mod><Defense_Mod>100</Defense_Mod><Morale_Percentage>1000000</Morale_Percentage><N_Of_Actions_Percentage>1000000</N_Of_Actions_Percentage><N_Of_Counters_Percentage>1000000</N_Of_Counters_Percentage><Gold_Mod>100</Gold_Mod><Attr_Points_Per_Level>5</Attr_Points_Per_Level><Mastery_Points_Per_Level>5</Mastery_Points_Per_Level><Offhand_Attack_Mod>50</Offhand_Attack_Mod><Offhand_Damage_Mod>75</Offhand_Damage_Mod><Counter_Mod>50</Counter_Mod><Cadence_Sta_Mod>-35</Cadence_Sta_Mod><Cadence_Ap_Mod>-25</Cadence_Ap_Mod><Quantity>1</Quantity><Detection>10</Detection><Xp_Gain_Mod>100</Xp_Gain_Mod><Xp_Level_Mod>100</Xp_Level_Mod><Summoned_Xp_Mod>100</Summoned_Xp_Mod><Upkeep_Mod>100</Upkeep_Mod><Main_Hand_Gold_Percentage>70</Main_Hand_Gold_Percentage><Armor_Gold_Percentage>40</Armor_Gold_Percentage><Defense>5</Defense><Cold_Resistance>25</Cold_Resistance><Lightning_Resistance>50</Lightning_Resistance><Light_Resistance>35</Light_Resistance><Sonic_Resistance>35</Sonic_Resistance></params><props><Offhand_Natural_Weapon>Dire Talons</Offhand_Natural_Weapon><Damage_Type>Piercing</Damage_Type><Type>units</Type><Standard_Passives>Non Obstructing;Agile;Flying;No Retaliation;</Standard_Passives><Passives>ParamBonus(Attack|Defense|Resistance|Base Damage, {level}*2);ParamBonus(Detection|Stamina, {level});ParamBonus(Move Ap Penalty, -50);</Passives><Image>mini\unit\Light\Rox.jpg</Image><Known_Spells></Known_Spells><Deity>Sky Queen</Deity><Actives>Flight;Short Flight;</Actives><Displayed_Name>Rox</Displayed_Name><Attribute_Progression>Intelligence(13);Strength(12);Willpower(18);Charisma(8);Wisdom(9);Agility(31);Dexterity(16);Vitality(7);</Attribute_Progression><Natural_Weapon>Dire Beak</Natural_Weapon><Aspect>Light</Aspect><Name>Rox</Name><Version>0.1001</Version><Principles>Honor;Freedom;</Principles><Spellbook></Spellbook><Group>Sky</Group></props></Rox><Sky_Lord><params><Level>7</Level><Endurance_Percentage>100</Endurance_Percentage><Focus_Percentage>100</Focus_Percentage><Toughness_Percentage>100</Toughness_Percentage><Strength>21</Strength><Knowledge>22</Knowledge><Xp>1620</Xp><Base_Spellpower>24</Base_Spellpower><Base_Wisdom>27</Base_Wisdom><Base_Damage>1</Base_Damage><Base_Agility>21</Base_Agility><Toughness>15</Toughness><Stamina>9</Stamina><Vitality>16</Vitality><Interrupt_Damage>100</Interrupt_Damage><Wisdom>27</Wisdom><Base_Strength>21</Base_Strength><Base_Intelligence>21</Base_Intelligence><Spirit>4</Spirit><Base_Knowledge>22</Base_Knowledge><C_Quick_Slots>2</C_Quick_Slots><Endurance>45</Endurance><Sight_Range>4</Sight_Range><Blade_Mastery>25</Blade_Mastery><Base_Charisma>21</Base_Charisma><Starting_Focus>25</Starting_Focus><Damage_Mod>100</Damage_Mod><Agility>21</Agility><Base_Willpower>24</Base_Willpower><Base_Dexterity>17</Base_Dexterity><Total_Xp>1620</Total_Xp><Focus>100</Focus><Dexterity>17</Dexterity><Initiative_Percentage>100</Initiative_Percentage><Stamina_Percentage>100</Stamina_Percentage><Initiative_Modifier>10</Initiative_Modifier><Power>162</Power><Charisma>21</Charisma><Willpower>24</Willpower><Essence_Percentage>100</Essence_Percentage><Quick_Slots>2</Quick_Slots><Intelligence>21</Intelligence><Resistance>16</Resistance><Carrying_Capacity>160</Carrying_Capacity><Armor_Mod>100</Armor_Mod><N_Of_Counters>1</N_Of_Counters><Celestial_Mastery>24</Celestial_Mastery><Initiative_Bonus>5</Initiative_Bonus><Side_Sight_Penalty>1</Side_Sight_Penalty><N_Of_Actions>4</N_Of_Actions><Spellpower>24</Spellpower><Essence>30</Essence><Defense>5</Defense><Base_Vitality>16</Base_Vitality><Morale>30</Morale><Attack_Mod>100</Attack_Mod><Defense_Mod>100</Defense_Mod><Morale_Percentage>1000000</Morale_Percentage><N_Of_Actions_Percentage>1000000</N_Of_Actions_Percentage><N_Of_Counters_Percentage>1000000</N_Of_Counters_Percentage><Gold_Mod>100</Gold_Mod><Attr_Points_Per_Level>5</Attr_Points_Per_Level><Mastery_Points_Per_Level>5</Mastery_Points_Per_Level><Offhand_Attack_Mod>50</Offhand_Attack_Mod><Offhand_Damage_Mod>75</Offhand_Damage_Mod><Counter_Mod>50</Counter_Mod><Quantity>1</Quantity><Cadence_Sta_Mod>-35</Cadence_Sta_Mod><Cadence_Ap_Mod>-25</Cadence_Ap_Mod><Main_Hand_Gold_Percentage>70</Main_Hand_Gold_Percentage><Armor_Gold_Percentage>45</Armor_Gold_Percentage><Detection>10</Detection><Xp_Gain_Mod>100</Xp_Gain_Mod><Xp_Level_Mod>100</Xp_Level_Mod><Summoned_Xp_Mod>100</Summoned_Xp_Mod><Upkeep_Mod>100</Upkeep_Mod><Attack>5</Attack><Cold_Resistance>35</Cold_Resistance><Lightning_Resistance>45</Lightning_Resistance><Light_Resistance>55</Light_Resistance><Sonic_Resistance>35</Sonic_Resistance><Chaos_Resistance>15</Chaos_Resistance><Holy_Resistance>35</Holy_Resistance><Shadow_Resistance>45</Shadow_Resistance><Arcane_Resistance>15</Arcane_Resistance><Psionic_Resistance>15</Psionic_Resistance><Mobility_Mastery>8</Mobility_Mastery><Two_Handed_Mastery>12</Two_Handed_Mastery><Defense_Mastery>12</Defense_Mastery><Meditation_Mastery>12</Meditation_Mastery><Spellcraft_Mastery>12</Spellcraft_Mastery><Jewelry_Gold_Percentage>25</Jewelry_Gold_Percentage><Organization>100</Organization><Battle_Spirit>100</Battle_Spirit><Gold_Per_Level>100</Gold_Per_Level><Height>180</Height></params><props><Jewelry_Passive_Enchantment_Repertoire>Swiftness(3);Snake(3);</Jewelry_Passive_Enchantment_Repertoire><Verbatim_Spells>Light;Lucent Beam;Scorching Light;</Verbatim_Spells><Deity>Sky Queen</Deity><Displayed_Name>Sky Lord</Displayed_Name><Quality_Level_Range>Ancient;Masterpiece;</Quality_Level_Range><Natural_Weapon>Sizable Fist</Natural_Weapon><Principles>Freedom;Charity;</Principles><Base_Type>Aeri</Base_Type><Armor_Repertoire>Breastplate(4);Full Plate(2);Half Plate(4);Cuirass(11);</Armor_Repertoire><Allowed_Material>Steel;Mithril;Platinum;Moon Silver;Bright Steel;Meteorite;</Allowed_Material><Offhand_Natural_Weapon>Sizable Fist</Offhand_Natural_Weapon><Type>units</Type><Passives>ParamBonus(Toughness|endurance, {level}*5);ParamBonus(Attack|Defense|Resistance, {level}*2);</Passives><Standard_Passives>Flying;Fearless;Charge;Dexterous;Vigilance;Tall;Huge;</Standard_Passives><Image>mini\unit\Light\Angelic Defender.jpg</Image><Known_Spells>Searing Light;Lucent Beam;Lucent Sphere;Scorching Light;Light;Sky Bolt;Impeding Brightness;</Known_Spells><Main_Hand_Repertoire>Claymore(5);Double Sword(2);Flamberge(3);Great Sword(2)</Main_Hand_Repertoire><Jewelry_Item_Trait_Repertoire>Toughness(5);Stamina(4);Resistance(3);Defense(2);Endurance(2);</Jewelry_Item_Trait_Repertoire><Workspace_Group>Test</Workspace_Group><Aspect>Light</Aspect><Name>Sky Lord</Name><Version>0.1003b</Version><Spellbook>Searing Light;Lucent Sphere;Sky Bolt;Impeding Brightness;</Spellbook><Group>Sky</Group><Classifications>Humanoid;</Classifications></props></Sky_Lord><Lucent_Wisp><params><Spirit>3</Spirit><Level>2</Level><Resistance>17</Resistance><Base_Damage>8</Base_Damage><Toughness>15</Toughness><N_Of_Actions>4</N_Of_Actions><Endurance>45</Endurance><Armor>3</Armor><Quick_Slots>2</Quick_Slots><C_Quick_Slots>2</C_Quick_Slots><Strength>4</Strength><Vitality>6</Vitality><Agility>8</Agility><Dexterity>10</Dexterity><Willpower>8</Willpower><Intelligence>6</Intelligence><Spellpower>11</Spellpower><Knowledge>7</Knowledge><Wisdom>8</Wisdom><Charisma>4</Charisma><Total_Xp>310</Total_Xp><Power>31</Power><Xp>310</Xp><Base_Strength>4</Base_Strength><Base_Vitality>6</Base_Vitality><Base_Agility>8</Base_Agility><Base_Dexterity>10</Base_Dexterity><Base_Willpower>8</Base_Willpower><Base_Intelligence>6</Base_Intelligence><Base_Spellpower>11</Base_Spellpower><Base_Knowledge>7</Base_Knowledge><Base_Wisdom>8</Base_Wisdom><Base_Charisma>4</Base_Charisma><Defense>5</Defense><Stamina>4</Stamina><Focus>100</Focus><Starting_Focus>25</Starting_Focus><Armor_Mod>100</Armor_Mod><Weight>5</Weight><Carrying_Capacity>160</Carrying_Capacity><Initiative_Modifier>10</Initiative_Modifier><Initiative_Bonus>5</Initiative_Bonus><Detection>25</Detection><Sight_Range>3</Sight_Range><Interrupt_Damage>100</Interrupt_Damage><Damage_Mod>100</Damage_Mod><Initiative_Percentage>1000000</Initiative_Percentage><Endurance_Percentage>1000000</Endurance_Percentage><Toughness_Percentage>1000000</Toughness_Percentage><Essence_Percentage>1000000</Essence_Percentage><Focus_Percentage>1000000</Focus_Percentage><Stamina_Percentage>1000000</Stamina_Percentage><N_Of_Actions_Percentage>1000000</N_Of_Actions_Percentage><N_Of_Counters_Percentage>1000000</N_Of_Counters_Percentage><Morale>30</Morale><Attr_Points_Per_Level>5</Attr_Points_Per_Level><Mastery_Points_Per_Level>5</Mastery_Points_Per_Level><Attack_Mod>100</Attack_Mod><Defense_Mod>100</Defense_Mod><Counter_Mod>50</Counter_Mod><Morale_Percentage>1000000</Morale_Percentage><Gold_Mod>100</Gold_Mod><Offhand_Attack_Mod>50</Offhand_Attack_Mod><Offhand_Damage_Mod>75</Offhand_Damage_Mod><Quantity>1</Quantity><N_Of_Counters>1</N_Of_Counters><Attack>5</Attack><Xp_Gain_Mod>100</Xp_Gain_Mod><Xp_Level_Mod>100</Xp_Level_Mod><Cadence_Sta_Mod>-35</Cadence_Sta_Mod><Cadence_Ap_Mod>-25</Cadence_Ap_Mod><Summoned_Xp_Mod>100</Summoned_Xp_Mod><Upkeep_Mod>100</Upkeep_Mod><Main_Hand_Gold_Percentage>70</Main_Hand_Gold_Percentage><Armor_Gold_Percentage>40</Armor_Gold_Percentage><Essence>35</Essence><Behind_Sight_Bonus>1</Behind_Sight_Bonus><Fire_Resistance>25</Fire_Resistance><Cold_Resistance>35</Cold_Resistance><Poison_Resistance>55</Poison_Resistance><Psionic_Resistance>35</Psionic_Resistance><Meditation_Mastery>6</Meditation_Mastery><Spellcraft_Mastery>7</Spellcraft_Mastery><Enchantment_Mastery>4</Enchantment_Mastery><Celestial_Mastery>9</Celestial_Mastery><Lightning_Resistance>35</Lightning_Resistance><Light_Resistance>65</Light_Resistance><Chaos_Resistance>15</Chaos_Resistance><Holy_Resistance>65</Holy_Resistance><Shadow_Resistance>55</Shadow_Resistance><Death_Resistance>15</Death_Resistance></params><props><Offhand_Natural_Weapon>Petty Electric Force</Offhand_Natural_Weapon><Xp_Plan>Celestial Grace(5);Moonlight(4);Iridescent Light(3);Pale Light(2);Practiced Spellcaster(1);Stillness(3);Essence Link(4);</Xp_Plan><Type>units</Type><Standard_Passives>Darkvision;Relentless;Critical Immune;Sneak Immune;Immaterial;Flying;</Standard_Passives><Passives>Illumination Aura(5*{level});ParamBonus(Resistance, {level}*2);ParamBonus(Resistance Penetration, {level}); ParamBonus(Move Ap Penalty, -50);</Passives><Image>mini\unit\Light\Wisp2.jpg</Image><Known_Spells>Light;Sky Bolt;</Known_Spells><Deity>Sky Queen</Deity><Spell_Plan>Sky Bolt(25);@</Spell_Plan><Displayed_Name>Lucent Wisp</Displayed_Name><Soundset>Ghost</Soundset><Aspect>Light</Aspect><Natural_Weapon>Petty Light Force</Natural_Weapon><Name>Lucent Wisp</Name><Version>0.1002b</Version><Principles>Freedom;Charity;</Principles><Ai_Type>Caster</Ai_Type><Spellbook>Light;Sky Bolt;</Spellbook><Classifications>Wraith;</Classifications></props></Lucent_Wisp><Ayrie><params><Level>5</Level><Endurance_Percentage>100</Endurance_Percentage><Focus_Percentage>100</Focus_Percentage><Toughness_Percentage>100</Toughness_Percentage><Strength>13</Strength><Knowledge>17</Knowledge><Xp>880</Xp><Base_Spellpower>14</Base_Spellpower><Base_Wisdom>21</Base_Wisdom><Base_Damage>1</Base_Damage><Base_Agility>15</Base_Agility><Toughness>15</Toughness><Stamina>9</Stamina><Vitality>11</Vitality><Interrupt_Damage>100</Interrupt_Damage><Wisdom>21</Wisdom><Base_Strength>13</Base_Strength><Base_Intelligence>16</Base_Intelligence><Spirit>4</Spirit><Base_Knowledge>17</Base_Knowledge><C_Quick_Slots>2</C_Quick_Slots><Endurance>45</Endurance><Sight_Range>4</Sight_Range><Blade_Mastery>15</Blade_Mastery><Base_Charisma>18</Base_Charisma><Starting_Focus>25</Starting_Focus><Damage_Mod>100</Damage_Mod><Agility>15</Agility><Base_Willpower>19</Base_Willpower><Base_Dexterity>14</Base_Dexterity><Total_Xp>880</Total_Xp><Focus>100</Focus><Dexterity>14</Dexterity><Initiative_Percentage>100</Initiative_Percentage><Stamina_Percentage>100</Stamina_Percentage><Initiative_Modifier>10</Initiative_Modifier><Power>88</Power><Charisma>18</Charisma><Willpower>19</Willpower><Essence_Percentage>100</Essence_Percentage><Quick_Slots>2</Quick_Slots><Intelligence>16</Intelligence><Resistance>16</Resistance><Carrying_Capacity>160</Carrying_Capacity><Armor_Mod>100</Armor_Mod><N_Of_Counters>1</N_Of_Counters><Celestial_Mastery>15</Celestial_Mastery><Initiative_Bonus>5</Initiative_Bonus><Side_Sight_Penalty>1</Side_Sight_Penalty><N_Of_Actions>4</N_Of_Actions><Spellpower>14</Spellpower><Essence>30</Essence><Defense>5</Defense><Base_Vitality>11</Base_Vitality><Morale>30</Morale><Attack_Mod>100</Attack_Mod><Defense_Mod>100</Defense_Mod><Morale_Percentage>1000000</Morale_Percentage><N_Of_Actions_Percentage>1000000</N_Of_Actions_Percentage><N_Of_Counters_Percentage>1000000</N_Of_Counters_Percentage><Gold_Mod>115</Gold_Mod><Attr_Points_Per_Level>5</Attr_Points_Per_Level><Mastery_Points_Per_Level>5</Mastery_Points_Per_Level><Offhand_Attack_Mod>50</Offhand_Attack_Mod><Offhand_Damage_Mod>75</Offhand_Damage_Mod><Counter_Mod>50</Counter_Mod><Quantity>1</Quantity><Cadence_Sta_Mod>-35</Cadence_Sta_Mod><Cadence_Ap_Mod>-25</Cadence_Ap_Mod><Main_Hand_Gold_Percentage>70</Main_Hand_Gold_Percentage><Armor_Gold_Percentage>40</Armor_Gold_Percentage><Detection>10</Detection><Xp_Gain_Mod>100</Xp_Gain_Mod><Xp_Level_Mod>100</Xp_Level_Mod><Summoned_Xp_Mod>100</Summoned_Xp_Mod><Upkeep_Mod>100</Upkeep_Mod><Attack>5</Attack><Cold_Resistance>25</Cold_Resistance><Lightning_Resistance>35</Lightning_Resistance><Light_Resistance>55</Light_Resistance><Sonic_Resistance>35</Sonic_Resistance><Chaos_Resistance>15</Chaos_Resistance><Holy_Resistance>35</Holy_Resistance><Shadow_Resistance>45</Shadow_Resistance><Arcane_Resistance>15</Arcane_Resistance><Psionic_Resistance>15</Psionic_Resistance><Mobility_Mastery>8</Mobility_Mastery><Two_Handed_Mastery>5</Two_Handed_Mastery><Defense_Mastery>8</Defense_Mastery><Meditation_Mastery>6</Meditation_Mastery><Spellcraft_Mastery>5</Spellcraft_Mastery><Organization>100</Organization><Battle_Spirit>100</Battle_Spirit><Girth>300</Girth><Gold_Per_Level>100</Gold_Per_Level><Toughness_Recovery>25</Toughness_Recovery><Mobility_Mastery_Score>8</Mobility_Mastery_Score><Blade_Mastery_Score>15</Blade_Mastery_Score><Two_Handed_Mastery_Score>5</Two_Handed_Mastery_Score><Defense_Mastery_Score>8</Defense_Mastery_Score><Meditation_Mastery_Score>6</Meditation_Mastery_Score><Spellcraft_Mastery_Score>5</Spellcraft_Mastery_Score><Celestial_Mastery_Score>15</Celestial_Mastery_Score><Height>180</Height></params><props><Armor_Repertoire>Chain Shirt(4);Breastplate(4);Scalemail(3);</Armor_Repertoire><Jewelry_Passive_Enchantment_Repertoire>Swiftness(3);Snake(3);</Jewelry_Passive_Enchantment_Repertoire><Allowed_Material>Steel;Mithril;Bright Steel;Moon Silver;</Allowed_Material><Verbatim_Spells>Light;Lucent Beam;Scorching Light;</Verbatim_Spells><Type>units</Type><Standard_Passives>Flying;</Standard_Passives><Passives>ParamBonus(Attack|Defense|Resistance, {level}*2);ParamBonus(Move Ap Penalty, -50);</Passives><Image>mini\unit\Light\Divine Messanger.jpg</Image><Known_Spells></Known_Spells><Deity>Sky Queen</Deity><Actives>Flight;</Actives><Main_Hand_Repertoire>Claymore(5);Double Sword(4);Flamberge(3);Katana(11);Long Sword(5);Broad Sword(2);Great Sword(4);</Main_Hand_Repertoire><Displayed_Name>Ayrie</Displayed_Name><Jewelry_Item_Trait_Repertoire>Toughness(5);Stamina(4);Resistance(3);Defense(2);Endurance(2);</Jewelry_Item_Trait_Repertoire><Workspace_Group>Test</Workspace_Group><Quality_Level_Range>Ancient;Masterpiece;</Quality_Level_Range><Aspect>Light</Aspect><Natural_Weapon>Average Fist</Natural_Weapon><Name>Ayrie</Name><Version>0.1003b</Version><Principles>Freedom;Charity;</Principles><Spellbook></Spellbook><Group>Sky</Group><Classifications>Humanoid;</Classifications></props></Ayrie></Light></XML>