<XML><Passives><Evasion><params></params><props><Ability_Type>Passives</Ability_Type><Type>abils</Type><Ability_Group>Std Passive</Ability_Group><Abilities><Abilities><PassiveAbility><FixedTargeting><STRING>SOURCE</STRING></FixedTargeting><Effects><DodgeEffect><FORMULA>^VAR</FORMULA></DodgeEffect></Effects></PassiveAbility></Abilities></Abilities><Name>Evasion</Name><Image>mini\abils\Evasion.jpg</Image><Variables>n;</Variables></props></Evasion><Magical_Attack><params></params><props><Group>Attack Modifiers</Group><Ability_Type>Passives</Ability_Type><Type>abils</Type><Ability_Group>Template Passive</Ability_Group><Abilities><Abilities><PassiveAbility><FixedTargeting><REF_KEY>SOURCE</REF_KEY></FixedTargeting><AddSpecialEffects><SPECIAL_EFFECTS_CASE>ON_ATTACK</SPECIAL_EFFECTS_CASE><DealDamageEffect><FORMULA>{AMOUNT}*^VAR/100 + ^VAR</FORMULA></DealDamageEffect></AddSpecialEffects></PassiveAbility></Abilities></Abilities><Name>Magical Attack</Name><Image>mini\abils\xp2_textures_bif-0000000298.jpg</Image><Variables>percent;constant</Variables></props></Magical_Attack><Magic_Resist><params></params><props><Ability_Type>Passives</Ability_Type><Type>abils</Type><Ability_Group>Std Passive</Ability_Group><Abilities><Abilities><PassiveAbility><FixedTargeting><STRING>SOURCE</STRING></FixedTargeting><Effects><ContinuousEffect><SpellResistEffect><FORMULA>^VAR</FORMULA></SpellResistEffect></ContinuousEffect></Effects></PassiveAbility></Abilities></Abilities><Name>Magic Resist</Name><Image>mini\abils\xp2_textures_bif-0000000203.jpg</Image><Variables>VAR1;</Variables></props></Magic_Resist><Life_Steal><params></params><props><Ability_Type>Passives</Ability_Type><Passives>PassivesabilsSOURCEtrueSpiritMODIFY_BY_CONST-^VAR1falsetrueamount;Aura of Fearmini\abils\xp2_textures_bif-0000000319.jpgamount;PassivesAura of Fearmini\abils\xp2_textures_bif-0000000319.jpgSOURCEtrueSpiritMODIFY_BY_CONST-^VAR1falsetrueabilsPassivesabilsStandardVAR1;SOURCEtruefalse^VARDamage Reductionmini\abils\xp2_textures_bif-0000000205.jpgPassivesabilsAttr;Percentage;mini\abils\xp2_textures_bif-0000000205.jpgSOURCE^VARMODIFY_BY_PERCENT^VARStandardAttribute Bonusamount;PassivesAura of Fearmini\abils\xp2_textures_bif-0000000319.jpgSOURCEtrueSpiritMODIFY_BY_CONST-^VAR1falsetrueabils</Passives><Type>abils</Type><Ability_Group>Std Passive</Ability_Group><Abilities><Abilities><PassiveAbility><FixedTargeting><STRING>SOURCE</STRING></FixedTargeting><Effects><VampirismEffect><FORMULA>^VAR</FORMULA></VampirismEffect></Effects></PassiveAbility></Abilities></Abilities><Name>Life Steal</Name><Image>UI\value icons\passives\Life Steal.jpg</Image><Variables>VAR1;</Variables></props></Life_Steal><Arcane_Inversion><params></params><props><Ability_Type>Passives</Ability_Type><Passives>amount;PassivesAura of Fearmini\abils\xp2_textures_bif-0000000319.jpgSOURCEtrueSpiritMODIFY_BY_CONST-^VAR1falsetrueabilsPassivesabilsAttr;Percentage;mini\abils\xp2_textures_bif-0000000205.jpgSOURCE^VARMODIFY_BY_PERCENT^VARStandardAttribute Bonusamount;PassivesAura of Fearmini\abils\xp2_textures_bif-0000000319.jpgSOURCEtrueSpiritMODIFY_BY_CONST-^VAR1falsetrueabils</Passives><Type>abils</Type><Ability_Group>Trigger</Ability_Group><Abilities><Abilities><PassiveAbility><FixedTargeting><STRING>SOURCE</STRING></FixedTargeting><Effects><DamageInversionEffect><BOOLEAN>false</BOOLEAN><BOOLEAN>false</BOOLEAN><FORMULA>^VAR</FORMULA></DamageInversionEffect></Effects></PassiveAbility></Abilities></Abilities><Name>Arcane Inversion</Name><Image>mini\abils\xp2_textures_bif-0000000205.jpg</Image><Variables>VAR1;</Variables></props></Arcane_Inversion><Damage_Reduction><params></params><props><Group>Standard</Group><Ability_Type>Passives</Ability_Type><Type>abils</Type><Ability_Group>Template Passive</Ability_Group><Abilities><Abilities><PassiveAbility><FixedTargeting><STRING>SOURCE</STRING></FixedTargeting><Effects><DamageInversionEffect><BOOLEAN>true</BOOLEAN><BOOLEAN>false</BOOLEAN><FORMULA>^VAR</FORMULA></DamageInversionEffect></Effects></PassiveAbility></Abilities></Abilities><Name>Damage Reduction</Name><Image>mini\abils\xp2_textures_bif-0000000205.jpg</Image><Variables>dmg reduct;</Variables></props></Damage_Reduction><Parameter_Bonus><params></params><props><Group>Standard</Group><Ability_Type>Passives</Ability_Type><Type>abils</Type><Ability_Group>Template Passive</Ability_Group><Abilities><Abilities><PassiveAbility><FixedTargeting><STRING>SOURCE</STRING></FixedTargeting><Effects><AddBuffEffect><STRING>^VAR</STRING><ModifyValueEffect><STRING>^VAR</STRING><MODVAL_TYPE>MODIFY_BY_CONST</MODVAL_TYPE><FORMULA>^VAR</FORMULA></ModifyValueEffect></AddBuffEffect></Effects></PassiveAbility></Abilities></Abilities><Name>Parameter Bonus</Name><Image>mini\abils\xp2_textures_bif-0000000205.jpg</Image><Variables>Buff;Param;Const;</Variables></props></Parameter_Bonus><Parameter_Mod><params></params><props><Group>Standard</Group><Ability_Type>Passives</Ability_Type><Type>abils</Type><Ability_Group>Template Passive</Ability_Group><Abilities><Abilities><PassiveAbility><FixedTargeting><STRING>SOURCE</STRING></FixedTargeting><Effects><AddBuffEffect><STRING>^VAR</STRING><ModifyValueEffect><STRING>^VAR</STRING><MODVAL_TYPE>MODIFY_BY_PERCENT</MODVAL_TYPE><FORMULA>^VAR</FORMULA></ModifyValueEffect></AddBuffEffect></Effects></PassiveAbility></Abilities></Abilities><Name>Parameter Mod</Name><Image>mini\abils\xp2_textures_bif-0000000205.jpg</Image><Variables>Buff Name;Param;Percentage;</Variables></props></Parameter_Mod><Parameter_Mod_Custom_Target><params></params><props><Group>Standard</Group><Ability_Type>Passives</Ability_Type><Type>abils</Type><Ability_Group>Template Passive</Ability_Group><Abilities><Abilities><PassiveAbility><FixedTargeting><STRING>SOURCE</STRING></FixedTargeting><Effects><ModifyValueEffect><STRING>^VAR</STRING><MODVAL_TYPE>MODIFY_BY_PERCENT</MODVAL_TYPE><FORMULA>^VAR</FORMULA></ModifyValueEffect></Effects></PassiveAbility></Abilities></Abilities><Name>Parameter Mod Custom Target</Name><Image>mini\abils\xp2_textures_bif-0000000200.jpg</Image><Variables>Target Keyword;Param;Percentage;Max</Variables></props></Parameter_Mod_Custom_Target><Parameter_Bonus_Custom_Target><params></params><props><Group>Standard</Group><Ability_Type>Passives</Ability_Type><Type>abils</Type><Ability_Group>Template Passive</Ability_Group><Abilities><Abilities><PassiveAbility><FixedTargeting><STRING>^VAR</STRING></FixedTargeting><Effects><AddBuffEffect><STRING>^VAR</STRING><ModifyValueEffect><STRING>^VAR</STRING><MODVAL_TYPE>MODIFY_BY_CONST</MODVAL_TYPE><FORMULA>^VAR</FORMULA></ModifyValueEffect></AddBuffEffect></Effects></PassiveAbility></Abilities></Abilities><Name>Parameter Bonus Custom Target</Name><Image>mini\abils\xp2_textures_bif-0000000200.jpg</Image><Variables>Buff Name;Target Keyword;Param;Const;</Variables></props></Parameter_Bonus_Custom_Target><Parameter_Bonus_Custom_Target_Max><params></params><props><Group>Standard</Group><Ability_Type>Passives</Ability_Type><Type>abils</Type><Ability_Group>Template Passive</Ability_Group><Abilities><Abilities><PassiveAbility><FixedTargeting><STRING>^VAR</STRING></FixedTargeting><Effects><AddBuffEffect><STRING>^VAR</STRING><ModifyValueEffect><STRING>^VAR</STRING><MODVAL_TYPE>MODIFY_BY_CONST</MODVAL_TYPE><FORMULA>min(^VAR, ^VAR)</FORMULA></ModifyValueEffect></AddBuffEffect></Effects></PassiveAbility></Abilities></Abilities><Name>Parameter Bonus Custom Target Max</Name><Image>mini\abils\xp2_textures_bif-0000000200.jpg</Image><Variables>Target Keyword;Buff Name;Param;Const;Max</Variables></props></Parameter_Bonus_Custom_Target_Max><Hero_Obj_Group_Parameter_Mod><params></params><props><Group>Standard</Group><Ability_Type>Passives</Ability_Type><Type>abils</Type><Ability_Group>Template Passive</Ability_Group><Abilities><Abilities><PassiveAbility><AutoTargeting><Conditions><StringComparison><STRING>{Match_^VAR}</STRING><STRING>^VAR</STRING><BOOLEAN>false</BOOLEAN></StringComparison><RefCondition><STRING>SOURCE</STRING><STRING>MATCH_SOURCE</STRING><BOOLEAN>false</BOOLEAN></RefCondition></Conditions></AutoTargeting><Effects><AddBuffEffect><STRING>^VAR</STRING><ModifyValueEffect><STRING>^VAR</STRING><MODVAL_TYPE>MODIFY_BY_PERCENT</MODVAL_TYPE><FORMULA>^VAR</FORMULA></ModifyValueEffect></AddBuffEffect></Effects></PassiveAbility></Abilities></Abilities><Name>Hero Obj Group Parameter Mod</Name><Image>mini\abils\xp2_textures_bif-0000000255.jpg</Image><Variables>filter prop;prop value;buff name;param name;percentage</Variables></props></Hero_Obj_Group_Parameter_Mod><Poison_Attack><params></params><props><Description>Adds {1} Poison counters to the target upon successful melee attack.</Description><Ability_Type>Passives</Ability_Type><Type>abils</Type><Ability_Group>Std Passive</Ability_Group><Abilities><Abilities><PassiveAbility><FixedTargeting><STRING>SOURCE</STRING></FixedTargeting><Effects><AddSpecialEffects><SPECIAL_EFFECTS_CASE>ON_ATTACK</SPECIAL_EFFECTS_CASE><ModifyCounterEffect><STRING>Poison Counter</STRING><MODVAL_TYPE>MODIFY_BY_CONST</MODVAL_TYPE><STRING>^VAR</STRING></ModifyCounterEffect></AddSpecialEffects></Effects></PassiveAbility></Abilities></Abilities><Name>Poison Attack</Name><Image>mini\buff\Poison.jpg</Image><Variables>amount;</Variables></props></Poison_Attack><Add_Prop><params></params><props><Group>Standard</Group><Ability_Type>Passives</Ability_Type><Type>abils</Type><Ability_Group>Template Passive</Ability_Group><Abilities><Abilities><PassiveAbility><FixedTargeting><REF_KEY>SOURCE</REF_KEY></FixedTargeting><Effects><ModifyPropertyEffect><STRING>^VAR</STRING><MOD_PROP_TYPE>ADD</MOD_PROP_TYPE><STRING>^VAR</STRING></ModifyPropertyEffect></Effects></PassiveAbility></Abilities></Abilities><Name>Add Prop</Name><Image>mini\abils\xp2_textures_bif-0000000255.jpg</Image><Variables>prop name;value</Variables></props></Add_Prop><Undying><params></params><props><Description>Prevents unit from being slain {source_undying_counters} more times.</Description><Ability_Type>Passives</Ability_Type><Type>abils</Type><Ability_Group>Std Passive</Ability_Group><Abilities><Abilities><OneshotAbility><FixedTargeting><REF_KEY>SOURCE</REF_KEY></FixedTargeting><ModifyCounterEffect><STRING>Undying_Counter</STRING><MODVAL_TYPE>MODIFY_BY_CONST</MODVAL_TYPE><STRING>^VAR</STRING></ModifyCounterEffect></OneshotAbility><PassiveAbility><FixedTargeting><REF_KEY>ABILITY</REF_KEY></FixedTargeting><AddTriggerEffect><STANDARD_EVENT_TYPE>UNIT_IS_BEING_KILLED</STANDARD_EVENT_TYPE><Conditions><RefCondition><REF_KEY>SOURCE</REF_KEY><REF_KEY>EVENT_TARGET</REF_KEY></RefCondition><NumericCondition><FORMULA>{Source_Undying_Counter}</FORMULA><FORMULA>0</FORMULA><BOOLEAN>false</BOOLEAN></NumericCondition></Conditions><ActiveAbility><FixedTargeting><REF_KEY>SOURCE</REF_KEY></FixedTargeting><Effects><InterruptEffect></InterruptEffect><ModifyValueEffect><PARAM>C Endurance</PARAM><MODVAL_TYPE>SET</MODVAL_TYPE><STRING>max(1, {source_c_Endurance})</STRING></ModifyValueEffect><ModifyCounterEffect><STRING>Undying_Counter</STRING><MODVAL_TYPE>MODIFY_BY_CONST</MODVAL_TYPE><STRING>-1</STRING></ModifyCounterEffect><ModifyValueEffect><PARAM>C Toughness</PARAM><MODVAL_TYPE>SET</MODVAL_TYPE><STRING>max(1, {source_c_Toughness})</STRING></ModifyValueEffect></Effects></ActiveAbility></AddTriggerEffect></PassiveAbility></Abilities></Abilities><Name>Undying</Name><Image>mini\abils\Undead.jpg</Image><Variables>number of counterz</Variables></props></Undying><ParamMod><params></params><props><Description>Adds {2}% {1}.</Description><Group>Standard</Group><Ability_Type>Passives</Ability_Type><Type>abils</Type><Ability_Group>Template Passive</Ability_Group><Abilities><Abilities><PassiveAbility><FixedTargeting><STRING>SOURCE</STRING></FixedTargeting><Effects><AddBuffEffect><STRING>{1}_bonus_({2})-</STRING><ModifyValueEffect><STRING>^VAR</STRING><MODVAL_TYPE>MODIFY_BY_PERCENT</MODVAL_TYPE><FORMULA>^VAR</FORMULA></ModifyValueEffect></AddBuffEffect></Effects></PassiveAbility></Abilities></Abilities><Name>ParamMod</Name><Image>mini\abils\xp2_textures_bif-0000000205.jpg</Image><Variables>Param;Percentage;</Variables></props></ParamMod><ParamBonus><params></params><props><Description>Adds {1} {0}.</Description><Group>Standard</Group><Ability_Type>Passives</Ability_Type><Type>abils</Type><Ability_Group>Template Passive</Ability_Group><Abilities><Abilities><PassiveAbility><FixedTargeting><STRING>SOURCE</STRING></FixedTargeting><Effects><AddBuffEffect><STRING>{1}_bonus_({2})-</STRING><ModifyValueEffect><STRING>^VAR</STRING><MODVAL_TYPE>MODIFY_BY_CONST</MODVAL_TYPE><FORMULA>^VAR</FORMULA></ModifyValueEffect></AddBuffEffect></Effects></PassiveAbility></Abilities></Abilities><Name>ParamBonus</Name><Image>mini\abils\xp2_textures_bif-0000000205.jpg</Image><Variables>Param;Const;</Variables></props></ParamBonus><GroupParamMod><params></params><props><Description>{3}: adds {5}% {4} to all {6} with {2} {1}.</Description><Group>Standard</Group><Ability_Type>Passives</Ability_Type><Type>abils</Type><Ability_Group>Template Passive</Ability_Group><Abilities><Abilities><PassiveAbility><AutoTargeting><Conditions><StringComparison><STRING>{Match_^VAR}</STRING><STRING>^VAR</STRING><BOOLEAN>false</BOOLEAN></StringComparison><RefCondition><STRING>SOURCE</STRING><STRING>MATCH_SOURCE</STRING><BOOLEAN>false</BOOLEAN></RefCondition></Conditions></AutoTargeting><Effects><AddBuffEffect><STRING>^VAR</STRING><ModifyValueEffect><STRING>^VAR</STRING><MODVAL_TYPE>MODIFY_BY_PERCENT</MODVAL_TYPE><FORMULA>^VAR</FORMULA></ModifyValueEffect></AddBuffEffect></Effects></PassiveAbility></Abilities></Abilities><Name>GroupParamMod</Name><Image>mini\abils\xp2_textures_bif-0000000255.jpg</Image><Variables>filter prop;prop value;buff name;param name;percentage</Variables></props></GroupParamMod><AddProp><params></params><props><Description>Grants {0} "{1}". </Description><Group>Standard</Group><Ability_Type>Passives</Ability_Type><Type>abils</Type><Ability_Group>Template Passive</Ability_Group><Abilities><Abilities><PassiveAbility><FixedTargeting><REF_KEY>SOURCE</REF_KEY></FixedTargeting><Effects><AddBuffEffect><STRING>Add Prop to {1} ({2})-</STRING><ModifyPropertyEffect><STRING>^VAR</STRING><MOD_PROP_TYPE>ADD</MOD_PROP_TYPE><STRING>^VAR</STRING></ModifyPropertyEffect></AddBuffEffect></Effects></PassiveAbility></Abilities></Abilities><Name>AddProp</Name><Image>mini\abils\xp2_textures_bif-0000000255.jpg</Image><Variables>prop name;value</Variables></props></AddProp><GroupPropAdd><params></params><props><Group>Standard</Group><Ability_Type>Passives</Ability_Type><Type>abils</Type><Ability_Group>Template Passive</Ability_Group><Abilities><Abilities><PassiveAbility><AutoTargeting><Conditions><StringComparison><STRING>{Match_^VAR}</STRING><STRING>^VAR</STRING><BOOLEAN>false</BOOLEAN></StringComparison><RefCondition><STRING>SOURCE</STRING><STRING>MATCH_SOURCE</STRING><BOOLEAN>false</BOOLEAN></RefCondition></Conditions></AutoTargeting><Effects><AddBuffEffect><STRING>^VAR</STRING><ModifyValueEffect><STRING>^VAR</STRING><MODVAL_TYPE>MODIFY_BY_PERCENT</MODVAL_TYPE><FORMULA>^VAR</FORMULA></ModifyValueEffect></AddBuffEffect></Effects></PassiveAbility></Abilities></Abilities><Name>GroupPropAdd</Name><Image>mini\abils\xp2_textures_bif-0000000255.jpg</Image><Variables>filter prop;prop value;buff name;param name;percentage</Variables></props></GroupPropAdd><GroupParamBonus><params></params><props><Description>{3}: adds {5} {4} to all {6} with {2} {1}.</Description><Group>Standard</Group><Ability_Type>Passives</Ability_Type><Type>abils</Type><Ability_Group>Template Passive</Ability_Group><Abilities><Abilities><PassiveAbility><AutoTargeting><Conditions><StringComparison><STRING>{Match_^VAR}</STRING><STRING>^VAR</STRING><BOOLEAN>false</BOOLEAN></StringComparison><RefCondition><STRING>SOURCE</STRING><STRING>MATCH_SOURCE</STRING><BOOLEAN>false</BOOLEAN></RefCondition></Conditions></AutoTargeting><Effects><AddBuffEffect><STRING>^VAR</STRING><ModifyValueEffect><STRING>^VAR</STRING><MODVAL_TYPE>MODIFY_BY_CONST</MODVAL_TYPE><FORMULA>^VAR</FORMULA></ModifyValueEffect></AddBuffEffect></Effects></PassiveAbility></Abilities></Abilities><Name>GroupParamBonus</Name><Image>mini\abils\xp2_textures_bif-0000000255.jpg</Image><Variables>filter prop;prop value;buff name;param name;const;obj type group name</Variables></props></GroupParamBonus><AddPropBuff><params></params><props><Group>Standard</Group><Ability_Type>Passives</Ability_Type><Type>abils</Type><Ability_Group>Template Passive</Ability_Group><Abilities><Abilities><PassiveAbility><FixedTargeting><REF_KEY>SOURCE</REF_KEY></FixedTargeting><Effects><AddBuffEffect><STRING>^VAR</STRING><ModifyPropertyEffect><STRING>^VAR</STRING><MOD_PROP_TYPE>ADD</MOD_PROP_TYPE><STRING>^VAR</STRING></ModifyPropertyEffect></AddBuffEffect></Effects></PassiveAbility></Abilities></Abilities><Name>AddPropBuff</Name><Image>mini\abils\xp2_textures_bif-0000000255.jpg</Image><Variables>buff name;prop name;value</Variables></props></AddPropBuff><AddDamagePercUnit><params></params><props><Ability_Type>Passives</Ability_Type><Passives>amount;PassivesAura of Fearmini\abils\xp2_textures_bif-0000000319.jpgSOURCEtrueSpiritMODIFY_BY_CONST-^VAR1falsetrueabilsPassivesabilsAttr;Percentage;mini\abils\xp2_textures_bif-0000000205.jpgSOURCE^VARMODIFY_BY_PERCENT^VARStandardAttribute Bonusamount;PassivesAura of Fearmini\abils\xp2_textures_bif-0000000319.jpgSOURCEtrueSpiritMODIFY_BY_CONST-^VAR1falsetrueabils</Passives><Type>abils</Type><Ability_Group>Trigger</Ability_Group><Abilities><Abilities><PassiveAbility><FixedTargeting><STRING>SOURCE</STRING></FixedTargeting><Effects><AddTriggerEffect><STANDARD_EVENT_TYPE>UNIT_IS_BEING_DEALT_DAMAGE</STANDARD_EVENT_TYPE><RefCondition><STRING>source</STRING><STRING>event_source</STRING><BOOLEAN>false</BOOLEAN></RefCondition><ActiveAbility><AutoTargeting><REF_KEY>EVENT_TARGET</REF_KEY></AutoTargeting><DealDamageEffect><FORMULA>{event_amount}*^VAR/100</FORMULA><STRING>^VAR</STRING><DAMAGE_MODIFIER>QUIET</DAMAGE_MODIFIER></DealDamageEffect></ActiveAbility></AddTriggerEffect></Effects></PassiveAbility></Abilities></Abilities><Name>AddDamagePercUnit</Name><Image>mini\abils\xp2_textures_bif-0000000205.jpg</Image><Variables>perc;dmg type</Variables></props></AddDamagePercUnit><AttackReduceParam><params></params><props><Ability_Type>Passives</Ability_Type><Passives>amount;PassivesAura of Fearmini\abils\xp2_textures_bif-0000000319.jpgSOURCEtrueSpiritMODIFY_BY_CONST-^VAR1falsetrueabilsPassivesabilsAttr;Percentage;mini\abils\xp2_textures_bif-0000000205.jpgSOURCE^VARMODIFY_BY_PERCENT^VARStandardAttribute Bonusamount;PassivesAura of Fearmini\abils\xp2_textures_bif-0000000319.jpgSOURCEtrueSpiritMODIFY_BY_CONST-^VAR1falsetrueabils</Passives><Type>abils</Type><Ability_Group>Trigger</Ability_Group><Abilities><Abilities><PassiveAbility><FixedTargeting><STRING>SOURCE</STRING></FixedTargeting><Effects><AddTriggerEffect><STANDARD_EVENT_TYPE>UNIT_HAS_BEEN_HIT</STANDARD_EVENT_TYPE><RefCondition><STRING>EVENT_SOURCE</STRING><STRING>source</STRING><BOOLEAN>false</BOOLEAN></RefCondition><ActiveAbility><AutoTargeting><REF_KEY>EVENT_TARGET</REF_KEY></AutoTargeting><ModifyValueEffect><STRING>^VAR</STRING><MODVAL_TYPE>MODIFY_BY_CONST</MODVAL_TYPE><FORMULA>-^VAR</FORMULA><FORMULA>0</FORMULA></ModifyValueEffect></ActiveAbility></AddTriggerEffect></Effects></PassiveAbility></Abilities></Abilities><Name>AttackReduceParam</Name><Image>mini\abils\xp2_textures_bif-0000000205.jpg</Image><Variables>param name;amount</Variables></props></AttackReduceParam><Feral_Instincts><params></params><props><Description>Each successful attack increases unit's focus by {1}. </Description><Dev_Notes>TODO</Dev_Notes><Ability_Type>Passives</Ability_Type><Type>abils</Type><Ability_Group>Std Passive</Ability_Group><Abilities><Abilities><OneshotAbility><FixedTargeting><REF_KEY>SOURCE</REF_KEY></FixedTargeting><ModifyCounterEffect><STRING>Undying Counter</STRING><MODVAL_TYPE>MODIFY_BY_CONST</MODVAL_TYPE><STRING>^VAR</STRING></ModifyCounterEffect></OneshotAbility><PassiveAbility><FixedTargeting><REF_KEY>ABILITY</REF_KEY></FixedTargeting><AddTriggerEffect><STANDARD_EVENT_TYPE>UNIT_IS_BEING_KILLED</STANDARD_EVENT_TYPE><Conditions><RefCondition><REF_KEY>SOURCE</REF_KEY><REF_KEY>EVENT_TARGET</REF_KEY></RefCondition><NumericCondition><FORMULA>{Source_Undying Counter}</FORMULA><FORMULA>0</FORMULA><BOOLEAN>false</BOOLEAN></NumericCondition></Conditions><ActiveAbility><FixedTargeting><REF_KEY>SOURCE</REF_KEY></FixedTargeting><Effects><InterruptEffect></InterruptEffect><ModifyValueEffect><PARAM>C Endurance</PARAM><MODVAL_TYPE>SET</MODVAL_TYPE><STRING>max(1, {source_c_Endurance})</STRING></ModifyValueEffect><ModifyCounterEffect><STRING>Undying Counter</STRING><MODVAL_TYPE>MODIFY_BY_CONST</MODVAL_TYPE><FORMULA>-1</FORMULA></ModifyCounterEffect><ModifyValueEffect><PARAM>C Toughness</PARAM><MODVAL_TYPE>SET</MODVAL_TYPE><STRING>max(1, {source_c_Toughness})</STRING></ModifyValueEffect></Effects></ActiveAbility></AddTriggerEffect></PassiveAbility></Abilities></Abilities><Name>Feral Instincts</Name><Image>mini\abils\Undead.jpg</Image><Variables>number of counterz</Variables><Version>0.1002b</Version></props></Feral_Instincts><GainOnUnitDeathWithinDistance><params></params><props><Ability_Type>Passives</Ability_Type><Type>abils</Type><Ability_Group>Std Passive</Ability_Group><Abilities><Abilities><PassiveAbility><FixedTargeting><REF_KEY>SOURCE</REF_KEY></FixedTargeting><AddTriggerEffect><STANDARD_EVENT_TYPE>UNIT_HAS_BEEN_KILLED</STANDARD_EVENT_TYPE><Conditions><DistanceCondition><STRING>^VAR</STRING><STRING>event_target</STRING><STRING>source</STRING></DistanceCondition></Conditions><ActiveAbility><FixedTargeting><REF_KEY>SOURCE</REF_KEY></FixedTargeting><ModifyValueEffect><STRING>^VAR</STRING><MODVAL_TYPE>MODIFY_BY_CONST</MODVAL_TYPE><FORMULA>^VAR</FORMULA></ModifyValueEffect></ActiveAbility></AddTriggerEffect></PassiveAbility></Abilities></Abilities><Name>GainOnUnitDeathWithinDistance</Name><Image>mini\abils\Undead.jpg</Image><Variables>number of counterz</Variables></props></GainOnUnitDeathWithinDistance><RollToSave><params></params><props><Ability_Type>Passives</Ability_Type><Passives>amount;PassivesAura of Fearmini\abils\xp2_textures_bif-0000000319.jpgSOURCEtrueSpiritMODIFY_BY_CONST-^VAR1falsetrueabilsPassivesabilsAttr;Percentage;mini\abils\xp2_textures_bif-0000000205.jpgSOURCE^VARMODIFY_BY_PERCENT^VARStandardAttribute Bonusamount;PassivesAura of Fearmini\abils\xp2_textures_bif-0000000319.jpgSOURCEtrueSpiritMODIFY_BY_CONST-^VAR1falsetrueabils</Passives><Type>abils</Type><Ability_Group>Trigger</Ability_Group><Abilities><Abilities><PassiveAbility><FixedTargeting><STRING>SOURCE</STRING></FixedTargeting><Effects><AddTriggerEffect><STANDARD_EVENT_TYPE>SPELL_BEING_RESOLVED</STANDARD_EVENT_TYPE><Conditions><RefCondition><STRING>event_active</STRING><STRING>active</STRING><BOOLEAN>false</BOOLEAN></RefCondition><ChanceCondition><ROLL_TYPES>Mind_affecting</ROLL_TYPES><FORMULA>^VAR</FORMULA><FORMULA>^VAR</FORMULA></ChanceCondition></Conditions><ActiveAbility><AutoTargeting><REF_KEY>SPELL</REF_KEY></AutoTargeting><InterruptEffect></InterruptEffect></ActiveAbility></AddTriggerEffect></Effects></PassiveAbility></Abilities></Abilities><Name>RollToSave</Name><Image>mini\abils\Concentration.jpg</Image><Variables>save;fail</Variables></props></RollToSave><ParamModSpellBuff><params></params><props><Group>Standard</Group><Ability_Type>Passives</Ability_Type><Type>abils</Type><Ability_Group>Template Passive</Ability_Group><Abilities><Abilities><PassiveAbility><FixedTargeting><STRING>SOURCE</STRING></FixedTargeting><Effects><AddBuffEffect><STRING>{active_name}</STRING><ModifyValueEffect><STRING>^VAR</STRING><MODVAL_TYPE>MODIFY_BY_PERCENT</MODVAL_TYPE><FORMULA>^VAR</FORMULA></ModifyValueEffect></AddBuffEffect></Effects></PassiveAbility></Abilities></Abilities><Name>ParamModSpellBuff</Name><Image>mini\abils\xp2_textures_bif-0000000205.jpg</Image><Variables>Param;Percentage;</Variables></props></ParamModSpellBuff><Tainted_Blood><params></params><props><Description>Adds {1} Poison counters to the attacker when struck in melee.</Description><Ability_Type>Passives</Ability_Type><Type>abils</Type><Ability_Group>Std Passive</Ability_Group><Base_Type>OnHit</Base_Type><Abilities><Abilities><PassiveAbility><FixedTargeting><STRING>SOURCE</STRING></FixedTargeting><Effects><AddSpecialEffects><SPECIAL_EFFECTS_CASE>ON_HIT</SPECIAL_EFFECTS_CASE><ModifyCounterEffect><STRING>Poison_Counter</STRING><MODVAL_TYPE>MODIFY_BY_CONST</MODVAL_TYPE><STRING>^VAR</STRING></ModifyCounterEffect></AddSpecialEffects></Effects></PassiveAbility></Abilities></Abilities><Name>Tainted Blood</Name><Image>mini\abils\New folder\xp2_textures_bif-0000000836.jpg</Image><Variables>amount;</Variables></props></Tainted_Blood><Fearsome_Presence><params></params><props><Ability_Type>Passives</Ability_Type><Type>abils</Type><Ability_Group>Std Passive</Ability_Group><Abilities><Abilities><PassiveAbility><FixedTargeting><STRING>SOURCE</STRING></FixedTargeting><Effects><AuraEffect><ModifyValueEffect><STRING>C_MORALE</STRING><MODVAL_TYPE>MODIFY_BY_CONST</MODVAL_TYPE><FORMULA>-^VAR</FORMULA></ModifyValueEffect><FORMULA>1</FORMULA></AuraEffect></Effects></PassiveAbility></Abilities></Abilities><Name>Fearsome Presence</Name><Image>mini\abils\xp2_textures_bif-0000000319.jpg</Image><Variables>amount;</Variables></props></Fearsome_Presence><Fearsome><params></params><props><Description>Reduces target's Morale by {1} on each successful attack and by half the amount for all units that have you In Sight at the time.</Description><Ability_Type>Passives</Ability_Type><Type>abils</Type><Ability_Group>Std Passive</Ability_Group><Abilities><Abilities><PassiveAbility><FixedTargeting><STRING>SOURCE</STRING></FixedTargeting><Effects><AddSpecialEffects><SPECIAL_EFFECTS_CASE>ON_ATTACK</SPECIAL_EFFECTS_CASE><FearsomeEffect><STRING>^VAR</STRING></FearsomeEffect></AddSpecialEffects></Effects></PassiveAbility></Abilities></Abilities><Name>Fearsome</Name><Image>mini\abils\xp2_textures_bif-0000000319.jpg</Image><Variables>amount;</Variables></props></Fearsome><RollToDispelMindAffectingEachRound><params></params><props><Ability_Type>Passives</Ability_Type><Passives>amount;PassivesAura of Fearmini\abils\xp2_textures_bif-0000000319.jpgSOURCEtrueSpiritMODIFY_BY_CONST-^VAR1falsetrueabilsPassivesabilsAttr;Percentage;mini\abils\xp2_textures_bif-0000000205.jpgSOURCE^VARMODIFY_BY_PERCENT^VARStandardAttribute Bonusamount;PassivesAura of Fearmini\abils\xp2_textures_bif-0000000319.jpgSOURCEtrueSpiritMODIFY_BY_CONST-^VAR1falsetrueabils</Passives><Type>abils</Type><Ability_Group>Trigger</Ability_Group><Abilities><Abilities><PassiveAbility><FixedTargeting><STRING>SOURCE</STRING></FixedTargeting><Effects><AddTriggerEffect><STANDARD_EVENT_TYPE>NEW_ROUND</STANDARD_EVENT_TYPE><Conditions><RefCondition><STRING>dsf</STRING><STRING>dfs</STRING><BOOLEAN>true</BOOLEAN></RefCondition><ChanceCondition><ROLL_TYPES>MIND_AFFECTING</ROLL_TYPES><FORMULA>^VAR</FORMULA><FORMULA>^VAR</FORMULA></ChanceCondition></Conditions><ActiveAbility><AutoTargeting><REF_KEY>TARGET</REF_KEY></AutoTargeting><RemoveBuffEffect><STRING>^VAR</STRING></RemoveBuffEffect></ActiveAbility></AddTriggerEffect></Effects></PassiveAbility></Abilities></Abilities><Name>RollToDispelMindAffectingEachRound</Name><Image>mini\abils\Concentration.jpg</Image><Variables>Willpower;Spirit;Mastery;Spellpower </Variables><Workspace_Group>Focus</Workspace_Group></props></RollToDispelMindAffectingEachRound><RollAgainstMindAffecting><params></params><props><Ability_Type>Passives</Ability_Type><Passives>amount;PassivesAura of Fearmini\abils\xp2_textures_bif-0000000319.jpgSOURCEtrueSpiritMODIFY_BY_CONST-^VAR1falsetrueabilsPassivesabilsAttr;Percentage;mini\abils\xp2_textures_bif-0000000205.jpgSOURCE^VARMODIFY_BY_PERCENT^VARStandardAttribute Bonusamount;PassivesAura of Fearmini\abils\xp2_textures_bif-0000000319.jpgSOURCEtrueSpiritMODIFY_BY_CONST-^VAR1falsetrueabils</Passives><Type>abils</Type><Ability_Group>Trigger</Ability_Group><Abilities><Abilities><PassiveAbility><FixedTargeting><STRING>SOURCE</STRING></FixedTargeting><Effects><AddTriggerEffect><STANDARD_EVENT_TYPE>SPELL_BEING_RESOLVED</STANDARD_EVENT_TYPE><Conditions><RefCondition><STRING>event_active</STRING><STRING>active</STRING><BOOLEAN>false</BOOLEAN></RefCondition><ChanceCondition><ROLL_TYPES>Mind_affecting</ROLL_TYPES><FORMULA>{Target_Willpower}*^VAR+^VAR*{Target_Spirit}-(({Target_Willpower}*^VAR+^VAR*{Target_Spirit})*{source_resistance_penetration}/100) </FORMULA><FORMULA>{Mastery}*^VAR+^VAR*{Spellpower}+^VAR*{Spell_SpellDifficulty}</FORMULA></ChanceCondition></Conditions><ActiveAbility><AutoTargeting><REF_KEY>SPELL</REF_KEY></AutoTargeting><InterruptEffect></InterruptEffect></ActiveAbility></AddTriggerEffect></Effects></PassiveAbility></Abilities></Abilities><Name>RollAgainstMindAffecting</Name><Image>mini\abils\Concentration.jpg</Image><Variables>Willpower;Spirit;Mastery;Spellpower;SpellDifficulty</Variables></props></RollAgainstMindAffecting><RollAgainstStdMindAffecting><params></params><props><Ability_Type>Passives</Ability_Type><Passives>amount;PassivesAura of Fearmini\abils\xp2_textures_bif-0000000319.jpgSOURCEtrueSpiritMODIFY_BY_CONST-^VAR1falsetrueabilsPassivesabilsAttr;Percentage;mini\abils\xp2_textures_bif-0000000205.jpgSOURCE^VARMODIFY_BY_PERCENT^VARStandardAttribute Bonusamount;PassivesAura of Fearmini\abils\xp2_textures_bif-0000000319.jpgSOURCEtrueSpiritMODIFY_BY_CONST-^VAR1falsetrueabils</Passives><Type>abils</Type><Ability_Group>Trigger</Ability_Group><Abilities><Abilities><PassiveAbility><FixedTargeting><STRING>SOURCE</STRING></FixedTargeting><Effects><AddTriggerEffect><STANDARD_EVENT_TYPE>SPELL_BEING_RESOLVED</STANDARD_EVENT_TYPE><Conditions><RefCondition><STRING>event_active</STRING><STRING>active</STRING><BOOLEAN>false</BOOLEAN></RefCondition><ChanceCondition><ROLL_TYPES>MIND_AFFECTING</ROLL_TYPES><FORMULA>{Target_Willpower}+5*{Target_Spirit}-(({Target_Willpower}+5*{Target_Spirit})*{source_resistance_penetration}/100)</FORMULA><FORMULA>{Mastery}+{Spellpower}+2*{Spell_SpellDifficulty}</FORMULA></ChanceCondition></Conditions><ActiveAbility><AutoTargeting><REF_KEY>SPELL</REF_KEY></AutoTargeting><InterruptEffect></InterruptEffect></ActiveAbility></AddTriggerEffect></Effects></PassiveAbility></Abilities></Abilities><Name>RollAgainstStdMindAffecting</Name><Image>mini\abils\Concentration.jpg</Image></props></RollAgainstStdMindAffecting><Cleave><params></params><props><Ability_Type>Passives</Ability_Type><Type>abils</Type><Ability_Group>Std Passive</Ability_Group><Abilities><Abilities><PassiveAbility><FixedTargeting><STRING>SOURCE</STRING></FixedTargeting><Effects><AddBuffEffect><STRING>Cleave-</STRING><Effects><ModifyValueEffect><PARAM>Cleave Max Targets</PARAM><MODVAL_TYPE>MODIFY_BY_CONST</MODVAL_TYPE><STRING>^VAR</STRING></ModifyValueEffect><ModifyValueEffect><PARAM>Cleave Damage Percentage Transfer</PARAM><MODVAL_TYPE>MODIFY_BY_CONST</MODVAL_TYPE><STRING>^VAR</STRING></ModifyValueEffect><ModifyValueEffect><PARAM>Cleave Damage Loss Per Jump</PARAM><MODVAL_TYPE>MODIFY_BY_CONST</MODVAL_TYPE><STRING>^VAR</STRING></ModifyValueEffect></Effects></AddBuffEffect></Effects></PassiveAbility></Abilities></Abilities><Name>Cleave</Name><Image>mini\abils\xp2_textures_bif-0000000098.jpg</Image><Variables>Max Targets;Percentage;Loss per jump</Variables></props></Cleave><Rage><params></params><props><Description>Gain {1} Rage counters for every hit taken, each increases Damage, Initiative and Spellpower by 5%, but reduces Defense by 5%. 20 Rage counters make unit go Berserk. A counter is lost each turn.</Description><Ability_Type>Passives</Ability_Type><Type>abils</Type><Ability_Group>Std Passive</Ability_Group><Abilities><Abilities><PassiveAbility><FixedTargeting><STRING>SOURCE</STRING></FixedTargeting><Effects><AddSpecialEffects><SPECIAL_EFFECTS_CASE>ON_HIT</SPECIAL_EFFECTS_CASE><CustomTargetEffect><FixedTargeting><REF_KEY>SOURCE</REF_KEY></FixedTargeting><ModifyCounterEffect><STRING>Rage counter</STRING><MODVAL_TYPE>MODIFY_BY_CONST</MODVAL_TYPE><STRING>^VAR</STRING></ModifyCounterEffect></CustomTargetEffect></AddSpecialEffects></Effects></PassiveAbility></Abilities></Abilities><Name>Rage</Name><Image>mini\buff\Rage.jpg</Image><Variables>amount;</Variables></props></Rage><Soul_Reaper><params></params><props><Description>Gain {1} Soul counters for every unit slain, but no more than unit's Level. </Description><Ability_Type>Passives</Ability_Type><Type>abils</Type><Ability_Group>Std Passive</Ability_Group><Abilities><Abilities><PassiveAbility><FixedTargeting><STRING>SOURCE</STRING></FixedTargeting><Effects><AddSpecialEffects><SPECIAL_EFFECTS_CASE>ON_KILL</SPECIAL_EFFECTS_CASE><ModifyCounterEffect><STRING>Soul Counter</STRING><MODVAL_TYPE>MODIFY_BY_CONST</MODVAL_TYPE><FORMULA>min(^VAR, {target_level})</FORMULA></ModifyCounterEffect></AddSpecialEffects></Effects></PassiveAbility></Abilities></Abilities><Name>Soul Reaper</Name><Image>mini\buff\xp2_textures_bif-0000000553.jpg</Image><Variables>amount;</Variables></props></Soul_Reaper><Fire_Shield><params></params><props><Description>Deals {1} Fire damage to all attackers. </Description><Ability_Type>Passives</Ability_Type><Type>abils</Type><Ability_Group>Std Passive</Ability_Group><Abilities><Abilities><PassiveAbility><FixedTargeting><STRING>SOURCE</STRING></FixedTargeting><Effects><AddSpecialEffects><SPECIAL_EFFECTS_CASE>ON_HIT</SPECIAL_EFFECTS_CASE><DealDamageEffect><FORMULA>^VAR</FORMULA><STRING>^VAR</STRING><DAMAGE_MODIFIER>QUIET</DAMAGE_MODIFIER></DealDamageEffect></AddSpecialEffects></Effects></PassiveAbility></Abilities></Abilities><Name>Fire Shield</Name><Image>mini\abils\xp2_textures_bif-0000000204.jpg</Image><Variables>amount;damage type</Variables></props></Fire_Shield><Electrified><params></params><props><Description>Deals {1} Lightning damage to all attackers. </Description><Ability_Type>Passives</Ability_Type><Type>abils</Type><Ability_Group>Std Passive</Ability_Group><Abilities><Abilities><PassiveAbility><FixedTargeting><STRING>SOURCE</STRING></FixedTargeting><Effects><AddSpecialEffects><SPECIAL_EFFECTS_CASE>ON_HIT</SPECIAL_EFFECTS_CASE><DealDamageEffect><FORMULA>^VAR</FORMULA><STRING>Lightning</STRING><DAMAGE_MODIFIER>QUIET</DAMAGE_MODIFIER></DealDamageEffect></AddSpecialEffects></Effects></PassiveAbility></Abilities></Abilities><Name>Electrified</Name><Image>mini\abils\xp2_textures_bif-0000000203.jpg</Image><Variables>amount;damage type</Variables><Version>0.1002b</Version></props></Electrified><Frost_Shield><params></params><props><Description>Deals {1} Water damage to all attackers. </Description><Ability_Type>Passives</Ability_Type><Type>abils</Type><Ability_Group>Std Passive</Ability_Group><Abilities><Abilities><PassiveAbility><FixedTargeting><STRING>SOURCE</STRING></FixedTargeting><Effects><AddSpecialEffects><SPECIAL_EFFECTS_CASE>ON_HIT</SPECIAL_EFFECTS_CASE><DealDamageEffect><FORMULA>^VAR</FORMULA><STRING>Cold</STRING><DAMAGE_MODIFIER>QUIET</DAMAGE_MODIFIER></DealDamageEffect></AddSpecialEffects></Effects></PassiveAbility></Abilities></Abilities><Name>Frost Shield</Name><Image>mini\abils\xp2_textures_bif-0000000202.jpg</Image><Variables>amount;damage type</Variables></props></Frost_Shield><DamageOnContact><params></params><props><Ability_Type>Passives</Ability_Type><Type>abils</Type><Ability_Group>Std Passive</Ability_Group><Abilities><Abilities><PassiveAbility><FixedTargeting><STRING>SOURCE</STRING></FixedTargeting><Effects><AuraEffect><ModifyValueEffect><STRING>C_MORALE</STRING><MODVAL_TYPE>MODIFY_BY_CONST</MODVAL_TYPE><FORMULA>-^VAR</FORMULA></ModifyValueEffect><FORMULA>1</FORMULA></AuraEffect></Effects></PassiveAbility></Abilities></Abilities><Name>DamageOnContact</Name><Image>mini\abils\xp2_textures_bif-0000000319.jpg</Image><Variables>amount;</Variables></props></DamageOnContact><Feral_Senses><params></params><props><Description>Every successful attack and every hit taken increases unit's Focus by {1}</Description><Ability_Type>Passives</Ability_Type><Type>abils</Type><Ability_Group>Std Passive</Ability_Group><Abilities><Abilities><PassiveAbility><FixedTargeting><STRING>SOURCE</STRING></FixedTargeting><Effects><AddSpecialEffects><SPECIAL_EFFECTS_CASE>ON_HIT</SPECIAL_EFFECTS_CASE><CustomTargetEffect><FixedTargeting><REF_KEY>SOURCE</REF_KEY></FixedTargeting><ModifyValueEffect><PARAM>C Focus</PARAM><MODVAL_TYPE>MODIFY_BY_CONST</MODVAL_TYPE><STRING>^VAR</STRING><PARAM>Focus</PARAM></ModifyValueEffect></CustomTargetEffect></AddSpecialEffects><AddSpecialEffects><SPECIAL_EFFECTS_CASE>ON_ATTACK</SPECIAL_EFFECTS_CASE><CustomTargetEffect><FixedTargeting><REF_KEY>SOURCE</REF_KEY></FixedTargeting><ModifyValueEffect><PARAM>C Focus</PARAM><MODVAL_TYPE>MODIFY_BY_CONST</MODVAL_TYPE><STRING>^VAR</STRING><PARAM>Focus</PARAM></ModifyValueEffect></CustomTargetEffect></AddSpecialEffects></Effects></PassiveAbility></Abilities></Abilities><Name>Feral Senses</Name><Image>mini\buff\Mesmerized.jpg</Image><Variables>amount;</Variables></props></Feral_Senses><SpellOnAttack><params></params><props><Description>Casts a spell on attacker</Description><Ability_Type>Passives</Ability_Type><Type>abils</Type><Ability_Group>Std Passive</Ability_Group><Abilities><Abilities><PassiveAbility><FixedTargeting><STRING>SOURCE</STRING></FixedTargeting><Effects><AddSpecialEffects><SPECIAL_EFFECTS_CASE>ON_ATTACK</SPECIAL_EFFECTS_CASE><Effects><CastNewSpellEffect><STRING>^VAR</STRING><BOOLEAN>true</BOOLEAN><BOOLEAN>false</BOOLEAN><STRING>target</STRING></CastNewSpellEffect></Effects></AddSpecialEffects></Effects></PassiveAbility></Abilities></Abilities><Name>SpellOnAttack</Name><Image>mini\abils\Concentration.jpg</Image><Variables>spell</Variables></props></SpellOnAttack><FilterGroupParamMod><params></params><props><Group>Standard</Group><Ability_Type>Passives</Ability_Type><Type>abils</Type><Ability_Group>Template Passive</Ability_Group><Abilities><Abilities><PassiveAbility><AutoTargeting><Conditions><ParsedCondition><STRING>^VAR</STRING></ParsedCondition><RefCondition><STRING>SOURCE</STRING><STRING>MATCH_SOURCE</STRING><BOOLEAN>false</BOOLEAN></RefCondition></Conditions></AutoTargeting><Effects><AddBuffEffect><STRING>^VAR</STRING><ModifyValueEffect><STRING>^VAR</STRING><MODVAL_TYPE>MODIFY_BY_PERCENT</MODVAL_TYPE><FORMULA>^VAR</FORMULA></ModifyValueEffect></AddBuffEffect></Effects></PassiveAbility></Abilities></Abilities><Name>FilterGroupParamMod</Name><Image>mini\abils\xp2_textures_bif-0000000255.jpg</Image><Variables>condition string;buff name;param name;percentage</Variables></props></FilterGroupParamMod><FilterGroupParamBonus><params></params><props><Group>Standard</Group><Ability_Type>Passives</Ability_Type><Type>abils</Type><Ability_Group>Template Passive</Ability_Group><Abilities><Abilities><PassiveAbility><AutoTargeting><Conditions><RefCondition><STRING>SOURCE</STRING><STRING>MATCH_SOURCE</STRING><BOOLEAN>false</BOOLEAN></RefCondition><ParsedCondition><STRING>^VAR</STRING></ParsedCondition></Conditions></AutoTargeting><Effects><AddBuffEffect><STRING>^VAR</STRING><ModifyValueEffect><STRING>^VAR</STRING><MODVAL_TYPE>MODIFY_BY_CONST</MODVAL_TYPE><FORMULA>^VAR</FORMULA></ModifyValueEffect></AddBuffEffect></Effects></PassiveAbility></Abilities></Abilities><Name>FilterGroupParamBonus</Name><Image>mini\abils\xp2_textures_bif-0000000255.jpg</Image><Variables>condition string;buff name;param name;bonus</Variables></props></FilterGroupParamBonus><FilterGroupPropAdd><params></params><props><Group>Standard</Group><Ability_Type>Passives</Ability_Type><Type>abils</Type><Ability_Group>Template Passive</Ability_Group><Abilities><Abilities><PassiveAbility><AutoTargeting><Conditions><ParsedCondition><STRING>^VAR</STRING></ParsedCondition><RefCondition><STRING>SOURCE</STRING><STRING>MATCH_SOURCE</STRING><BOOLEAN>false</BOOLEAN></RefCondition></Conditions></AutoTargeting><Effects><AddBuffEffect><STRING>^VAR</STRING><ModifyPropertyEffect><STRING>^VAR</STRING><MOD_PROP_TYPE>ADD</MOD_PROP_TYPE><STRING>^VAR</STRING></ModifyPropertyEffect></AddBuffEffect></Effects></PassiveAbility></Abilities></Abilities><Name>FilterGroupPropAdd</Name><Image>mini\abils\xp2_textures_bif-0000000255.jpg</Image><Variables>condition string;buff name;prop name;prop;obj type group name</Variables></props></FilterGroupPropAdd><Immolation><params></params><props><Custom_Props>CHECK MELEE ATTACKER!</Custom_Props><Description>Adds {1} Blaze counters to the target on attack and to any melee attacker.</Description><Ability_Type>Passives</Ability_Type><Type>abils</Type><Ability_Group>Std Passive</Ability_Group><Abilities><Abilities><PassiveAbility><FixedTargeting><STRING>SOURCE</STRING></FixedTargeting><Effects><AddSpecialEffects><SPECIAL_EFFECTS_CASE>ON_HIT</SPECIAL_EFFECTS_CASE><ModifyCounterEffect><STRING>Blaze Counter</STRING><MODVAL_TYPE>MODIFY_BY_CONST</MODVAL_TYPE><STRING>^VAR</STRING></ModifyCounterEffect></AddSpecialEffects><AddSpecialEffects><SPECIAL_EFFECTS_CASE>ON_ATTACK</SPECIAL_EFFECTS_CASE><ModifyCounterEffect><STRING>Blaze Counter</STRING><MODVAL_TYPE>MODIFY_BY_CONST</MODVAL_TYPE><STRING>^VAR</STRING></ModifyCounterEffect></AddSpecialEffects></Effects></PassiveAbility></Abilities></Abilities><Name>Immolation</Name><Image>mini\buff\Aflame.jpg</Image><Variables>amount;</Variables></props></Immolation><RollToDispelEachRoundOld><params></params><props><Ability_Type>Passives</Ability_Type><Passives>amount;PassivesAura of Fearmini\abils\xp2_textures_bif-0000000319.jpgSOURCEtrueSpiritMODIFY_BY_CONST-^VAR1falsetrueabilsPassivesabilsAttr;Percentage;mini\abils\xp2_textures_bif-0000000205.jpgSOURCE^VARMODIFY_BY_PERCENT^VARStandardAttribute Bonusamount;PassivesAura of Fearmini\abils\xp2_textures_bif-0000000319.jpgSOURCEtrueSpiritMODIFY_BY_CONST-^VAR1falsetrueabils</Passives><Type>abils</Type><Ability_Group>Trigger</Ability_Group><Abilities><Abilities><PassiveAbility><FixedTargeting><STRING>SOURCE</STRING></FixedTargeting><Effects><AddTriggerEffect><STANDARD_EVENT_TYPE>UNIT_TURN_STARTED</STANDARD_EVENT_TYPE><Conditions><RefCondition><STRING>event_source</STRING><STRING>target</STRING><BOOLEAN>false</BOOLEAN></RefCondition><ChanceCondition><ROLL_TYPES>Mind_affecting</ROLL_TYPES><FORMULA>^VAR</FORMULA><FORMULA>^VAR</FORMULA></ChanceCondition></Conditions><ActiveAbility><AutoTargeting><REF_KEY>TARGET</REF_KEY></AutoTargeting><RemoveBuffEffect><STRING>^VAR</STRING></RemoveBuffEffect></ActiveAbility></AddTriggerEffect></Effects></PassiveAbility></Abilities></Abilities><Name>RollToDispelEachRoundOld</Name><Image>mini\abils\Concentration.jpg</Image><Variables>save;fail;buff name</Variables></props></RollToDispelEachRoundOld><RollToDispelEachRound><params></params><props><Ability_Type>Passives</Ability_Type><Passives>amount;PassivesAura of Fearmini\abils\xp2_textures_bif-0000000319.jpgSOURCEtrueSpiritMODIFY_BY_CONST-^VAR1falsetrueabilsPassivesabilsAttr;Percentage;mini\abils\xp2_textures_bif-0000000205.jpgSOURCE^VARMODIFY_BY_PERCENT^VARStandardAttribute Bonusamount;PassivesAura of Fearmini\abils\xp2_textures_bif-0000000319.jpgSOURCEtrueSpiritMODIFY_BY_CONST-^VAR1falsetrueabils</Passives><Type>abils</Type><Ability_Group>Trigger</Ability_Group><Abilities><Abilities><PassiveAbility><FixedTargeting><STRING>SOURCE</STRING></FixedTargeting><Effects><AddTriggerEffect><STANDARD_EVENT_TYPE>UNIT_TURN_STARTED</STANDARD_EVENT_TYPE><Conditions><RefCondition><STRING>event_source</STRING><STRING>target</STRING><BOOLEAN>false</BOOLEAN></RefCondition></Conditions><ActiveAbility><AutoTargeting><REF_KEY>TARGET</REF_KEY></AutoTargeting><RollEffect><STRING>^VAR</STRING><RemoveBuffEffect><STRING>^VAR</STRING></RemoveBuffEffect></RollEffect></ActiveAbility></AddTriggerEffect></Effects></PassiveAbility></Abilities></Abilities><Name>RollToDispelEachRound</Name><Image>mini\abils\Concentration.jpg</Image><Variables>roll type;buff name</Variables></props></RollToDispelEachRound><Aura_of_Courage><params></params><props><Ability_Type>Passives</Ability_Type><Type>abils</Type><Ability_Group>Std Passive</Ability_Group><Abilities><Abilities><PassiveAbility><FixedTargeting><STRING>SOURCE</STRING></FixedTargeting><Effects><AuraEffect><BOOLEAN>true</BOOLEAN><ModifyValueEffect><PARAM>Spirit</PARAM><MODVAL_TYPE>MODIFY_BY_CONST</MODVAL_TYPE><STRING>^VAR</STRING></ModifyValueEffect><FORMULA>1</FORMULA><BOOLEAN>false</BOOLEAN><BOOLEAN>false</BOOLEAN><EmptyCondition></EmptyCondition></AuraEffect></Effects></PassiveAbility></Abilities></Abilities><Name>Aura of Courage</Name><Image>mini\abils\New folder\xp2_textures_bif-0000000805.jpg</Image><Variables>percentage</Variables><Version>0.1002b</Version></props></Aura_of_Courage><Aura><params></params><props><Ability_Type>Passives</Ability_Type><Type>abils</Type><Ability_Group>Std Passive</Ability_Group><Abilities><Abilities><PassiveAbility><FixedTargeting><STRING>SOURCE</STRING></FixedTargeting><Effects><AuraEffect><BOOLEAN>true</BOOLEAN><ModifyValueEffect><BOOLEAN>true</BOOLEAN><STRING>^VAR</STRING><MODVAL_TYPE>MODIFY_BY_PERCENT</MODVAL_TYPE><STRING>^VAR</STRING></ModifyValueEffect><FORMULA>^VAR</FORMULA><BOOLEAN>true</BOOLEAN><BOOLEAN>true</BOOLEAN><ParsedCondition><STRING>^VAR</STRING></ParsedCondition></AuraEffect></Effects></PassiveAbility></Abilities></Abilities><Name>Aura</Name><Image>mini\abils\xp2_textures_bif-0000000272.jpg</Image><Variables>mod?;param;percentage;range;spec conditions</Variables></props></Aura><GainFromKill><params></params><props><Ability_Type>Passives</Ability_Type><Passives>amount;PassivesAura of Fearmini\abils\xp2_textures_bif-0000000319.jpgSOURCEtrueSpiritMODIFY_BY_CONST-^VAR1falsetrueabilsPassivesabilsAttr;Percentage;mini\abils\xp2_textures_bif-0000000205.jpgSOURCE^VARMODIFY_BY_PERCENT^VARStandardAttribute Bonusamount;PassivesAura of Fearmini\abils\xp2_textures_bif-0000000319.jpgSOURCEtrueSpiritMODIFY_BY_CONST-^VAR1falsetrueabils</Passives><Type>abils</Type><Ability_Group>Trigger</Ability_Group><Abilities><Abilities><PassiveAbility><FixedTargeting><STRING>SOURCE</STRING></FixedTargeting><Effects><AddTriggerEffect><STANDARD_EVENT_TYPE>UNIT_HAS_BEEN_KILLED</STANDARD_EVENT_TYPE><RefCondition><REF_KEY>SOURCE</REF_KEY><REF_KEY>EVENT_SOURCE</REF_KEY></RefCondition><ActiveAbility><FixedTargeting><REF_KEY>SOURCE</REF_KEY></FixedTargeting><ModifyValueEffect><STRING>^VAR</STRING><MODVAL_TYPE>MODIFY_BY_CONST</MODVAL_TYPE><FORMULA>^VAR</FORMULA></ModifyValueEffect></ActiveAbility></AddTriggerEffect></Effects></PassiveAbility></Abilities></Abilities><Name>GainFromKill</Name><Image>mini\abils\xp2_textures_bif-0000000205.jpg</Image><Variables>param;formula</Variables></props></GainFromKill><AllyEffect><params></params><props><Ability_Type>Passives</Ability_Type><Passives>amount;PassivesAura of Fearmini\abils\xp2_textures_bif-0000000319.jpgSOURCEtrueSpiritMODIFY_BY_CONST-^VAR1falsetrueabilsPassivesabilsAttr;Percentage;mini\abils\xp2_textures_bif-0000000205.jpgSOURCE^VARMODIFY_BY_PERCENT^VARStandardAttribute Bonusamount;PassivesAura of Fearmini\abils\xp2_textures_bif-0000000319.jpgSOURCEtrueSpiritMODIFY_BY_CONST-^VAR1falsetrueabils</Passives><Type>abils</Type><Ability_Group>Trigger</Ability_Group><Abilities><Abilities><PassiveAbility><FixedTargeting><STRING>SOURCE</STRING></FixedTargeting><Effects><AddTriggerEffect><STANDARD_EVENT_TYPE>SPELL_BEING_RESOLVED</STANDARD_EVENT_TYPE><Conditions><RefCondition><STRING>event_spell</STRING><STRING>spell</STRING></RefCondition><OwnershipCondition><REF_KEY>TARGET</REF_KEY><REF_KEY>SOURCE</REF_KEY></OwnershipCondition></Conditions><ActiveAbility><FixedTargeting><REF_KEY>TARGET</REF_KEY></FixedTargeting><Effects><InterruptEffect><STRING>event_active</STRING></InterruptEffect><CustomTargetEffect><FixedTargeting><REF_KEY>TARGET</REF_KEY></FixedTargeting><AbilityEffect><STRING>^VAR</STRING></AbilityEffect></CustomTargetEffect></Effects></ActiveAbility></AddTriggerEffect></Effects></PassiveAbility></Abilities></Abilities><Name>AllyEffect</Name><Image>mini\abils\xp2_textures_bif-0000000205.jpg</Image><Variables>abilName</Variables></props></AllyEffect><Soul_Catcher><params></params><props><Ability_Type>Passives</Ability_Type><Type>abils</Type><Ability_Group>Std Passive</Ability_Group><Abilities><Abilities><PassiveAbility><FixedTargeting><REF_KEY>SOURCE</REF_KEY></FixedTargeting><AddTriggerEffect><STANDARD_EVENT_TYPE>UNIT_HAS_BEEN_KILLED</STANDARD_EVENT_TYPE><Conditions><DistanceCondition><STRING>^VAR</STRING><STRING>event_target</STRING><STRING>source</STRING></DistanceCondition></Conditions><ActiveAbility><FixedTargeting><REF_KEY>SOURCE</REF_KEY></FixedTargeting><Effects><DelayedEffect><STANDARD_EVENT_TYPE>UNIT_ACTION_COMPLETE</STANDARD_EVENT_TYPE><Effects><ModifyCounterEffect><STRING>Soul_Counter</STRING><MODVAL_TYPE>MODIFY_BY_CONST</MODVAL_TYPE><STRING>min(^VAR, {event_target_level})</STRING></ModifyCounterEffect><ModifyValueEffect><PARAM>C_Essence</PARAM><MODVAL_TYPE>MODIFY_BY_CONST</MODVAL_TYPE><STRING>{event_target_power}*^VAR</STRING></ModifyValueEffect></Effects><Conditions></Conditions></DelayedEffect></Effects></ActiveAbility></AddTriggerEffect></PassiveAbility></Abilities></Abilities><Name>Soul Catcher</Name><Image>mini\abils\Undead.jpg</Image><Variables>number of counterz</Variables></props></Soul_Catcher><Collapse><params></params><props><Description>Adds [1] Poison counters to the attacker when struck in melee.</Description><Ability_Type>Passives</Ability_Type><Type>abils</Type><Ability_Group>Std Passive</Ability_Group><Abilities><Abilities><PassiveAbility><FixedTargeting><STRING>SOURCE</STRING></FixedTargeting><Effects><AddSpecialEffects><SPECIAL_EFFECTS_CASE>ON_DEATH</SPECIAL_EFFECTS_CASE><Effects><CustomTargetEffect><FixedTargeting><REF_KEY>TARGET</REF_KEY></FixedTargeting><ChangeFacingEffect></ChangeFacingEffect></CustomTargetEffect><RandomEffect><Effects><IfElseEffect><CustomTargetEffect><CoordinateTargeting><UNIT_DIRECTION>BACKWARDS_LEFT</UNIT_DIRECTION></CoordinateTargeting><CreateObjectEffect><STRING>[2]</STRING></CreateObjectEffect></CustomTargetEffect><CellCondition><STRING>source</STRING><UNIT_DIRECTION>BACKWARDS_LEFT</UNIT_DIRECTION></CellCondition><CustomTargetEffect><CoordinateTargeting><UNIT_DIRECTION>BACKWARDS_LEFT</UNIT_DIRECTION></CoordinateTargeting><DealDamageEffect><FORMULA>[1]</FORMULA><DAMAGE_TYPE>BLUDGEONING</DAMAGE_TYPE></DealDamageEffect></CustomTargetEffect></IfElseEffect><IfElseEffect><CustomTargetEffect><CoordinateTargeting><UNIT_DIRECTION>BACKWARDS</UNIT_DIRECTION></CoordinateTargeting><CreateObjectEffect><STRING>[2]</STRING></CreateObjectEffect></CustomTargetEffect><CellCondition><STRING>source</STRING><UNIT_DIRECTION>BACKWARDS</UNIT_DIRECTION></CellCondition><CustomTargetEffect><CoordinateTargeting><UNIT_DIRECTION>BACKWARDS</UNIT_DIRECTION></CoordinateTargeting><DealDamageEffect><FORMULA>[1]</FORMULA><DAMAGE_TYPE>BLUDGEONING</DAMAGE_TYPE></DealDamageEffect></CustomTargetEffect></IfElseEffect><IfElseEffect><CustomTargetEffect><CoordinateTargeting><UNIT_DIRECTION>BACKWARDS_RIGHT</UNIT_DIRECTION></CoordinateTargeting><CreateObjectEffect><STRING>[2]</STRING></CreateObjectEffect></CustomTargetEffect><CellCondition><STRING>source</STRING><UNIT_DIRECTION>BACKWARDS_RIGHT</UNIT_DIRECTION></CellCondition><CustomTargetEffect><CoordinateTargeting><UNIT_DIRECTION>BACKWARDS_RIGHT</UNIT_DIRECTION></CoordinateTargeting><DealDamageEffect><FORMULA>[1]</FORMULA><DAMAGE_TYPE>BLUDGEONING</DAMAGE_TYPE></DealDamageEffect></CustomTargetEffect></IfElseEffect></Effects></RandomEffect></Effects></AddSpecialEffects></Effects></PassiveAbility></Abilities></Abilities><Name>Collapse</Name><Image>mini\abils\New folder\xp2_textures_bif-0000000836.jpg</Image><Variables>amount;</Variables></props></Collapse><AltEffect><params></params><props><Ability_Type>Passives</Ability_Type><Passives>amount;PassivesAura of Fearmini\abils\xp2_textures_bif-0000000319.jpgSOURCEtrueSpiritMODIFY_BY_CONST-^VAR1falsetrueabilsPassivesabilsAttr;Percentage;mini\abils\xp2_textures_bif-0000000205.jpgSOURCE^VARMODIFY_BY_PERCENT^VARStandardAttribute Bonusamount;PassivesAura of Fearmini\abils\xp2_textures_bif-0000000319.jpgSOURCEtrueSpiritMODIFY_BY_CONST-^VAR1falsetrueabils</Passives><Type>abils</Type><Ability_Group>Trigger</Ability_Group><Abilities><Abilities><PassiveAbility><FixedTargeting><STRING>SOURCE</STRING></FixedTargeting><Effects><AddTriggerEffect><STANDARD_EVENT_TYPE>SPELL_BEING_RESOLVED</STANDARD_EVENT_TYPE><Conditions><RefCondition><STRING>event_active</STRING><STRING>active</STRING></RefCondition><ParsedCondition><STRING>^VAR</STRING></ParsedCondition></Conditions><ActiveAbility><FixedTargeting><REF_KEY>EVENT_TARGET</REF_KEY></FixedTargeting><Effects><CustomTargetEffect><FixedTargeting><STRING>event_active</STRING></FixedTargeting><InterruptEffect></InterruptEffect></CustomTargetEffect><AbilityEffect><STRING>^VAR</STRING></AbilityEffect></Effects></ActiveAbility></AddTriggerEffect></Effects></PassiveAbility></Abilities></Abilities><Name>AltEffect</Name><Image>mini\abils\xp2_textures_bif-0000000205.jpg</Image><Variables>conditionString;abilName</Variables></props></AltEffect><OnAttack><params></params><props><Description>Activates {2} on attack targeting {1}</Description><Ability_Type>Passives</Ability_Type><Type>abils</Type><Ability_Group>Std Passive</Ability_Group><Abilities><Abilities><PassiveAbility><FixedTargeting><STRING>SOURCE</STRING></FixedTargeting><Effects><AddSpecialEffects><SPECIAL_EFFECTS_CASE>ON_ATTACK</SPECIAL_EFFECTS_CASE><Effects><CustomTargetEffect><FixedTargeting><STRING>^VAR</STRING></FixedTargeting><AbilityEffect><STRING>^VAR</STRING></AbilityEffect></CustomTargetEffect></Effects></AddSpecialEffects></Effects></PassiveAbility></Abilities></Abilities><Name>OnAttack</Name><Image>mini\abils\Concentration.jpg</Image><Variables>target;spell</Variables></props></OnAttack><OnHit><params></params><props><Description>Activates {2} on attack targeting {1}</Description><Ability_Type>Passives</Ability_Type><Type>abils</Type><Ability_Group>Std Passive</Ability_Group><Abilities><Abilities><PassiveAbility><FixedTargeting><STRING>SOURCE</STRING></FixedTargeting><Effects><AddSpecialEffects><SPECIAL_EFFECTS_CASE>ON_HIT</SPECIAL_EFFECTS_CASE><Effects><CustomTargetEffect><FixedTargeting><STRING>^VAR</STRING></FixedTargeting><AbilityEffect><STRING>^VAR</STRING></AbilityEffect></CustomTargetEffect></Effects></AddSpecialEffects></Effects></PassiveAbility></Abilities></Abilities><Name>OnHit</Name><Image>mini\abils\Concentration.jpg</Image><Variables>target;spell</Variables></props></OnHit><OnDeath><params></params><props><Description>Activates {2} on attack targeting {1}</Description><Ability_Type>Passives</Ability_Type><Type>abils</Type><Ability_Group>Std Passive</Ability_Group><Abilities><Abilities><PassiveAbility><FixedTargeting><STRING>SOURCE</STRING></FixedTargeting><Effects><AddSpecialEffects><SPECIAL_EFFECTS_CASE>ON_DEATH</SPECIAL_EFFECTS_CASE><Effects><CustomTargetEffect><FixedTargeting><STRING>^VAR</STRING></FixedTargeting><AbilityEffect><STRING>^VAR</STRING></AbilityEffect></CustomTargetEffect></Effects></AddSpecialEffects></Effects></PassiveAbility></Abilities></Abilities><Name>OnDeath</Name><Image>mini\abils\Concentration.jpg</Image><Variables>target;spell</Variables></props></OnDeath><OnKill><params></params><props><Description>Activates {2} on attack targeting {1}</Description><Ability_Type>Passives</Ability_Type><Type>abils</Type><Ability_Group>Std Passive</Ability_Group><Abilities><Abilities><PassiveAbility><FixedTargeting><STRING>SOURCE</STRING></FixedTargeting><Effects><AddSpecialEffects><SPECIAL_EFFECTS_CASE>ON_KILL</SPECIAL_EFFECTS_CASE><Effects><CustomTargetEffect><FixedTargeting><STRING>^VAR</STRING></FixedTargeting><AbilityEffect><STRING>^VAR</STRING></AbilityEffect></CustomTargetEffect></Effects></AddSpecialEffects></Effects></PassiveAbility></Abilities></Abilities><Name>OnKill</Name><Image>mini\abils\Concentration.jpg</Image><Variables>target;spell</Variables></props></OnKill><OnCast><params></params><props><Ability_Type>Passives</Ability_Type><Passives>amount;PassivesAura of Fearmini\abils\xp2_textures_bif-0000000319.jpgSOURCEtrueSpiritMODIFY_BY_CONST-^VAR1falsetrueabilsPassivesabilsAttr;Percentage;mini\abils\xp2_textures_bif-0000000205.jpgSOURCE^VARMODIFY_BY_PERCENT^VARStandardAttribute Bonusamount;PassivesAura of Fearmini\abils\xp2_textures_bif-0000000319.jpgSOURCEtrueSpiritMODIFY_BY_CONST-^VAR1falsetrueabils</Passives><Type>abils</Type><Ability_Group>Trigger</Ability_Group><Abilities><Abilities><PassiveAbility><FixedTargeting><STRING>SOURCE</STRING></FixedTargeting><Effects><AddTriggerEffect><STANDARD_EVENT_TYPE>SPELL_BEING_RESOLVED</STANDARD_EVENT_TYPE><Conditions><RefCondition><STRING>event_spell</STRING><STRING>spell</STRING></RefCondition></Conditions><ActiveAbility><FixedTargeting><REF_KEY>TARGET</REF_KEY></FixedTargeting><Effects><AbilityEffect><STRING>^VAR</STRING></AbilityEffect></Effects></ActiveAbility></AddTriggerEffect></Effects></PassiveAbility></Abilities></Abilities><Name>OnCast</Name><Image>mini\abils\xp2_textures_bif-0000000205.jpg</Image><Variables>abilName</Variables></props></OnCast><Plague_Bearer><params></params><props><Description>Adds {1} Disease counters to the attacker when struck and to the target when hitting in melee.</Description><Ability_Type>Passives</Ability_Type><Type>abils</Type><Ability_Group>Std Passive</Ability_Group><Abilities><Abilities><PassiveAbility><FixedTargeting><STRING>SOURCE</STRING></FixedTargeting><Effects><AddSpecialEffects><SPECIAL_EFFECTS_CASE>ON_HIT</SPECIAL_EFFECTS_CASE><ModifyCounterEffect><STRING>Disease_Counter</STRING><MODVAL_TYPE>MODIFY_BY_CONST</MODVAL_TYPE><STRING>^VAR</STRING></ModifyCounterEffect></AddSpecialEffects><AddSpecialEffects><SPECIAL_EFFECTS_CASE>ON_ATTACK</SPECIAL_EFFECTS_CASE><ModifyCounterEffect><STRING>Disease_Counter</STRING><MODVAL_TYPE>MODIFY_BY_CONST</MODVAL_TYPE><STRING>^VAR</STRING></ModifyCounterEffect></AddSpecialEffects></Effects></PassiveAbility></Abilities></Abilities><Name>Plague Bearer</Name><Image>mini\buff\new2\xp2_textures_bif-0000000562.jpg</Image><Variables>amount;</Variables></props></Plague_Bearer><Bash><params></params><props><Description>Reduces target's Focus by {1} on and Initiative by {2}</Description><Displayed_Name>Bash</Displayed_Name><Ability_Type>Passives</Ability_Type><Type>abils</Type><Ability_Group>Std Passive</Ability_Group><Abilities><Abilities><PassiveAbility><FixedTargeting><STRING>TARGET</STRING></FixedTargeting><Effects><ModifyValueEffect><PARAM>C Initiative Bonus</PARAM><MODVAL_TYPE>MODIFY_BY_CONST</MODVAL_TYPE><STRING>-^VAR</STRING></ModifyValueEffect><ModifyValueEffect><PARAM>C Focus</PARAM><MODVAL_TYPE>MODIFY_BY_CONST</MODVAL_TYPE><STRING>-^VAR</STRING></ModifyValueEffect></Effects></PassiveAbility></Abilities></Abilities><Name>Bash</Name><Image>mini\abils\Concentration.jpg</Image><Variables>initiative loss;focus loss;</Variables><Version>0.1002b</Version></props></Bash><SetProp><params></params><props><Description>Sets {1} to  "{2}". </Description><Displayed_Name>SetProp</Displayed_Name><Group>Standard</Group><Ability_Type>Passives</Ability_Type><Type>abils</Type><Ability_Group>Template Passive</Ability_Group><Abilities><Abilities><PassiveAbility><FixedTargeting><REF_KEY>SOURCE</REF_KEY></FixedTargeting><Effects><AddBuffEffect><STRING>Add Prop to {1} ({2})-</STRING><ModifyPropertyEffect><STRING>^VAR</STRING><MOD_PROP_TYPE>SET</MOD_PROP_TYPE><STRING>^VAR</STRING></ModifyPropertyEffect></AddBuffEffect></Effects></PassiveAbility></Abilities></Abilities><Name>SetProp</Name><Image>mini\abils\xp2_textures_bif-0000000255.jpg</Image><Variables>prop name;value</Variables></props></SetProp><RemoveProp><params></params><props><Description>Sets {1} to  "{2}". </Description><Displayed_Name>RemoveProp</Displayed_Name><Group>Standard</Group><Ability_Type>Passives</Ability_Type><Type>abils</Type><Ability_Group>Template Passive</Ability_Group><Abilities><Abilities><PassiveAbility><FixedTargeting><REF_KEY>SOURCE</REF_KEY></FixedTargeting><Effects><AddBuffEffect><STRING>Add Prop to {1} ({2})-</STRING><ModifyPropertyEffect><STRING>^VAR</STRING><MOD_PROP_TYPE>REMOVE</MOD_PROP_TYPE><STRING>^VAR</STRING></ModifyPropertyEffect></AddBuffEffect></Effects></PassiveAbility></Abilities></Abilities><Name>RemoveProp</Name><Image>mini\abils\xp2_textures_bif-0000000255.jpg</Image><Variables>prop name;value</Variables></props></RemoveProp><GroupParamModNumeric><params></params><props><Description>{3}: adds {5} {4} to all {6} with {2} {1}.</Description><Displayed_Name>GroupParamModNumeric</Displayed_Name><Group>Standard</Group><Ability_Type>Passives</Ability_Type><Type>abils</Type><Ability_Group>Template Passive</Ability_Group><Abilities><Abilities><PassiveAbility><AutoTargeting><Conditions><NumericCondition><BOOLEAN>false</BOOLEAN><FORMULA>{Match_^VAR}</FORMULA><FORMULA>^VAR</FORMULA></NumericCondition><RefCondition><STRING>SOURCE</STRING><STRING>MATCH_SOURCE</STRING><BOOLEAN>false</BOOLEAN></RefCondition></Conditions></AutoTargeting><Effects><AddBuffEffect><STRING>^VAR</STRING><ModifyValueEffect><STRING>^VAR</STRING><MODVAL_TYPE>MODIFY_BY_PERCENT</MODVAL_TYPE><FORMULA>^VAR</FORMULA></ModifyValueEffect></AddBuffEffect></Effects></PassiveAbility></Abilities></Abilities><Name>GroupParamModNumeric</Name><Image>mini\abils\xp2_textures_bif-0000000255.jpg</Image><Variables>filter param;param value;buff name;param name;const;obj type group name</Variables><Version>0.1002</Version></props></GroupParamModNumeric><GroupParamBonusNumeric><params></params><props><Description>{3}: adds {5} {4} to all {6} with {2} {1}.</Description><Displayed_Name>GroupParamBonusNumeric</Displayed_Name><Group>Standard</Group><Ability_Type>Passives</Ability_Type><Type>abils</Type><Ability_Group>Template Passive</Ability_Group><Abilities><Abilities><PassiveAbility><AutoTargeting><Conditions><NumericCondition><BOOLEAN>false</BOOLEAN><FORMULA>{Match_^VAR}</FORMULA><FORMULA>^VAR</FORMULA></NumericCondition><RefCondition><STRING>SOURCE</STRING><STRING>MATCH_SOURCE</STRING><BOOLEAN>false</BOOLEAN></RefCondition></Conditions></AutoTargeting><Effects><AddBuffEffect><STRING>^VAR</STRING><ModifyValueEffect><STRING>^VAR</STRING><MODVAL_TYPE>MODIFY_BY_CONST</MODVAL_TYPE><FORMULA>^VAR</FORMULA></ModifyValueEffect></AddBuffEffect></Effects></PassiveAbility></Abilities></Abilities><Name>GroupParamBonusNumeric</Name><Image>mini\abils\xp2_textures_bif-0000000255.jpg</Image><Variables>filter param;param value;buff name;param name;const;obj type group name</Variables><Version>0.1002</Version></props></GroupParamBonusNumeric><ArmorPropBuff><params></params><props><Description>{3}: adds {5} to {4} for all weapons with {2} {1}.</Description><Displayed_Name>ArmorPropBuff</Displayed_Name><Group>Standard</Group><Ability_Type>Passives</Ability_Type><Type>abils</Type><Ability_Group>Template Passive</Ability_Group><Abilities><Abilities><PassiveAbility><AutoTargeting><Conditions><ObjTypeComparison><OBJ_TYPES>armor</OBJ_TYPES></ObjTypeComparison><RefCondition><STRING>SOURCE</STRING><STRING>MATCH_SOURCE</STRING><BOOLEAN>false</BOOLEAN></RefCondition><StringComparison><STRING>{Match_^VAR}</STRING><STRING>^VAR</STRING><BOOLEAN>false</BOOLEAN></StringComparison></Conditions></AutoTargeting><Effects><AddBuffEffect><STRING>^VAR</STRING><ModifyPropertyEffect><STRING>^VAR</STRING><MOD_PROP_TYPE>ADD</MOD_PROP_TYPE><STRING>^VAR</STRING></ModifyPropertyEffect></AddBuffEffect></Effects></PassiveAbility></Abilities></Abilities><Name>ArmorPropBuff</Name><Image>mini\abils\xp2_textures_bif-0000000088.jpg</Image><Variables>filter prop;prop value;buff name;prop name;value</Variables><Version>0.1002b</Version></props></ArmorPropBuff><SetParam><params></params><props><Description>Sets {2} to {1}.</Description><Displayed_Name>SetParam</Displayed_Name><Group>Standard</Group><Ability_Type>Passives</Ability_Type><Type>abils</Type><Ability_Group>Template Passive</Ability_Group><Abilities><Abilities><PassiveAbility><FixedTargeting><STRING>SOURCE</STRING></FixedTargeting><Effects><AddBuffEffect><STRING>{1}_bonus_({2})-</STRING><ModifyValueEffect><STRING>^VAR</STRING><MODVAL_TYPE>SET</MODVAL_TYPE><FORMULA>^VAR</FORMULA></ModifyValueEffect></AddBuffEffect></Effects></PassiveAbility></Abilities></Abilities><Name>SetParam</Name><Image>mini\abils\xp2_textures_bif-0000000205.jpg</Image><Variables>Param;Percentage;</Variables><Version>0.1002b</Version></props></SetParam><AddDmgPercSpell><params></params><props><Displayed_Name>AddDmgPercSpell</Displayed_Name><Ability_Type>Passives</Ability_Type><Passives>amount;PassivesAura of Fearmini\abils\xp2_textures_bif-0000000319.jpgSOURCEtrueSpiritMODIFY_BY_CONST-^VAR1falsetrueabilsPassivesabilsAttr;Percentage;mini\abils\xp2_textures_bif-0000000205.jpgSOURCE^VARMODIFY_BY_PERCENT^VARStandardAttribute Bonusamount;PassivesAura of Fearmini\abils\xp2_textures_bif-0000000319.jpgSOURCEtrueSpiritMODIFY_BY_CONST-^VAR1falsetrueabils</Passives><Type>abils</Type><Ability_Group>Trigger</Ability_Group><Abilities><Abilities><PassiveAbility><FixedTargeting><STRING>SOURCE</STRING></FixedTargeting><Effects><AddTriggerEffect><STANDARD_EVENT_TYPE>UNIT_IS_BEING_DEALT_DAMAGE</STANDARD_EVENT_TYPE><RefCondition><STRING>active</STRING><STRING>event_active</STRING><BOOLEAN>false</BOOLEAN></RefCondition><ActiveAbility><AutoTargeting><REF_KEY>EVENT_TARGET</REF_KEY></AutoTargeting><DealDamageEffect><FORMULA>{event_amount}*^VAR/100</FORMULA><STRING>^VAR</STRING><DAMAGE_MODIFIER>QUIET</DAMAGE_MODIFIER></DealDamageEffect></ActiveAbility></AddTriggerEffect></Effects></PassiveAbility></Abilities></Abilities><Name>AddDmgPercSpell</Name><Image>mini\abils\xp2_textures_bif-0000000205.jpg</Image><Variables>perc;dmg type</Variables></props></AddDmgPercSpell><DamageOnAttack><params></params><props><Description>Deals {1} {2} damage on attack</Description><Displayed_Name>DamageOnAttack</Displayed_Name><Ability_Type>Passives</Ability_Type><Type>abils</Type><Ability_Group>Std Passive</Ability_Group><Base_Type>OnAttack</Base_Type><Abilities><Abilities><PassiveAbility><FixedTargeting><STRING>SOURCE</STRING></FixedTargeting><Effects><AddSpecialEffects><SPECIAL_EFFECTS_CASE>ON_ATTACK</SPECIAL_EFFECTS_CASE><Effects><DealDamageEffect><FORMULA>^VAR</FORMULA><STRING>^VAR</STRING><DAMAGE_MODIFIER>QUIET</DAMAGE_MODIFIER></DealDamageEffect></Effects></AddSpecialEffects></Effects></PassiveAbility></Abilities></Abilities><Name>DamageOnAttack</Name><Image>mini\abils\Ray.jpg</Image><Variables>amount;dmg type</Variables><Version>0.1002b</Version></props></DamageOnAttack><Acidic_Bite><params></params><props><Description>Deals {1} Acid damage on attack</Description><Displayed_Name>Acidic Bite</Displayed_Name><Ability_Type>Passives</Ability_Type><Type>abils</Type><Ability_Group>Std Passive</Ability_Group><Base_Type>OnAttack</Base_Type><Abilities><Abilities><PassiveAbility><FixedTargeting><STRING>SOURCE</STRING></FixedTargeting><Effects><AddSpecialEffects><SPECIAL_EFFECTS_CASE>ON_ATTACK</SPECIAL_EFFECTS_CASE><Effects><DealDamageEffect><FORMULA>^VAR</FORMULA><DAMAGE_TYPE>ACID</DAMAGE_TYPE></DealDamageEffect></Effects></AddSpecialEffects></Effects></PassiveAbility></Abilities></Abilities><Name>Acidic Bite</Name><Image>mini\buff\new2\xp2_textures_bif-0000000565.jpg</Image><Variables>amount;dmg type</Variables><Version>0.1002b</Version></props></Acidic_Bite><Acid_Blood><params></params><props><Description>Deals {1} Acid damage in 1 cell radius when hit with an attack.</Description><Displayed_Name>Acid Blood</Displayed_Name><Ability_Type>Passives</Ability_Type><Type>abils</Type><Ability_Group>Std Passive</Ability_Group><Base_Type>OnHit</Base_Type><Abilities><Abilities><PassiveAbility><FixedTargeting><STRING>SOURCE</STRING></FixedTargeting><Effects><AddSpecialEffects><SPECIAL_EFFECTS_CASE>ON_HIT</SPECIAL_EFFECTS_CASE><ZoneEffect><DealDamageEffect><FORMULA>^VAR</FORMULA><DAMAGE_TYPE>ACID</DAMAGE_TYPE></DealDamageEffect><FORMULA>1</FORMULA></ZoneEffect></AddSpecialEffects></Effects></PassiveAbility></Abilities></Abilities><Name>Acid Blood</Name><Image>mini\buff\Plague.jpg</Image><Variables>amount;dmg type</Variables><Version>0.1002b</Version></props></Acid_Blood><Bashing_Attack><params></params><props><Description>Reduces target's Focus by {1} on and Initiative by {2} with each successful hit.</Description><Displayed_Name>Bashing Attack</Displayed_Name><Ability_Type>Passives</Ability_Type><Type>abils</Type><Ability_Group>Std Passive</Ability_Group><Abilities><Abilities><PassiveAbility><FixedTargeting><STRING>SOURCE</STRING></FixedTargeting><Effects><AddSpecialEffects><SPECIAL_EFFECTS_CASE>ON_ATTACK</SPECIAL_EFFECTS_CASE><Effects><ModifyValueEffect><PARAM>C Initiative Bonus</PARAM><MODVAL_TYPE>MODIFY_BY_CONST</MODVAL_TYPE><STRING>-^VAR</STRING></ModifyValueEffect><ModifyValueEffect><PARAM>C Focus</PARAM><MODVAL_TYPE>MODIFY_BY_CONST</MODVAL_TYPE><STRING>-^VAR</STRING></ModifyValueEffect></Effects></AddSpecialEffects></Effects></PassiveAbility></Abilities></Abilities><Name>Bashing Attack</Name><Image>mini\abils\Concentration.jpg</Image><Variables>initiative loss;focus loss;</Variables><Version>0.1002b</Version></props></Bashing_Attack><Lurker><params></params><props><Description>Every successful attack and every hit taken increases unit's Focus by {1}</Description><Displayed_Name>Lurker</Displayed_Name><Ability_Type>Passives</Ability_Type><Type>abils</Type><Ability_Group>Std Passive</Ability_Group><Abilities><Abilities><PassiveAbility><FixedTargeting><STRING>SOURCE</STRING></FixedTargeting><Effects><ConditionalEffect><VisibilityCondition><REF_KEY>SOURCE</REF_KEY><REF_KEY>SOURCE</REF_KEY><UNIT_TO_PLAYER_VISION>INVISIBLE</UNIT_TO_PLAYER_VISION></VisibilityCondition><AddBuffEffect><STRING>Lurker</STRING><Effects><ModifyValueEffect><STRING>^VAR</STRING><STRING>^VAR</STRING><STRING>^VAR</STRING></ModifyValueEffect></Effects></AddBuffEffect></ConditionalEffect></Effects></PassiveAbility></Abilities></Abilities><Name>Lurker</Name><Image>mini\buff\Mesmerized.jpg</Image><Variables>param;mod or bonus?;amount;</Variables><Version>0.1002b</Version></props></Lurker><Damage_On_Hit><params></params><props><Description>l</Description><Displayed_Name>Damage On Hit</Displayed_Name><Ability_Type>Passives</Ability_Type><Type>abils</Type><Ability_Group>Std Passive</Ability_Group><Abilities><Abilities><PassiveAbility><FixedTargeting><STRING>SOURCE</STRING></FixedTargeting><Effects><AddSpecialEffects><SPECIAL_EFFECTS_CASE>ON_HIT</SPECIAL_EFFECTS_CASE><DealDamageEffect><FORMULA>^VAR</FORMULA><STRING>^VAR</STRING><DAMAGE_MODIFIER>QUIET</DAMAGE_MODIFIER></DealDamageEffect></AddSpecialEffects></Effects></PassiveAbility></Abilities></Abilities><Name>Damage On Hit</Name><Image>mini\abils\Concentration.jpg</Image><Variables>amount;damage type</Variables><Version>0.1002b</Version></props></Damage_On_Hit><Damage_on_Attack><params></params><props><Description>l</Description><Displayed_Name>Damage on Attack</Displayed_Name><Ability_Type>Passives</Ability_Type><Type>abils</Type><Ability_Group>Std Passive</Ability_Group><Abilities><Abilities><PassiveAbility><FixedTargeting><STRING>SOURCE</STRING></FixedTargeting><Effects><AddSpecialEffects><SPECIAL_EFFECTS_CASE>ON_ATTACK</SPECIAL_EFFECTS_CASE><DealDamageEffect><FORMULA>^VAR</FORMULA><STRING>^VAR</STRING><DAMAGE_MODIFIER>QUIET</DAMAGE_MODIFIER></DealDamageEffect></AddSpecialEffects></Effects></PassiveAbility></Abilities></Abilities><Name>Damage on Attack</Name><Image>mini\abils\xp2_textures_bif-0000000200.jpg</Image><Variables>amount;damage type</Variables><Version>0.1002b</Version></props></Damage_on_Attack><Mesmeric><params></params><props><Description>Each successful attack decreases target's Focus by {1}</Description><Displayed_Name>Mesmeric</Displayed_Name><Ability_Type>Passives</Ability_Type><Type>abils</Type><Ability_Group>Std Passive</Ability_Group><Abilities><Abilities><PassiveAbility><FixedTargeting><STRING>SOURCE</STRING></FixedTargeting><Effects><AddSpecialEffects><SPECIAL_EFFECTS_CASE>ON_ATTACK</SPECIAL_EFFECTS_CASE><CustomTargetEffect><FixedTargeting><REF_KEY>TARGET</REF_KEY></FixedTargeting><ModifyValueEffect><PARAM>C Focus</PARAM><MODVAL_TYPE>MODIFY_BY_CONST</MODVAL_TYPE><STRING>-^VAR</STRING><PARAM>Focus</PARAM></ModifyValueEffect></CustomTargetEffect></AddSpecialEffects></Effects></PassiveAbility></Abilities></Abilities><Name>Mesmeric</Name><Image>mini\buff\Mesmerized.jpg</Image><Variables>amount;</Variables><Version>0.1002b</Version></props></Mesmeric><Venomous_End><params></params><props><Description>Explodes on death dealing {1} Acid damage in zone of 1 cell radius</Description><Displayed_Name>Venomous End</Displayed_Name><Ability_Type>Passives</Ability_Type><Type>abils</Type><Ability_Group>Std Passive</Ability_Group><Base_Type>OnDeath</Base_Type><Abilities><Abilities><PassiveAbility><FixedTargeting><STRING>SOURCE</STRING></FixedTargeting><Effects><AddSpecialEffects><SPECIAL_EFFECTS_CASE>ON_DEATH</SPECIAL_EFFECTS_CASE><Effects><Effects><ZoneEffect><DealDamageEffect><FORMULA>^VAR</FORMULA><DAMAGE_TYPE>ACID</DAMAGE_TYPE></DealDamageEffect><FORMULA>1</FORMULA></ZoneEffect></Effects></Effects></AddSpecialEffects><ModifyPropertyEffect><STRING>Std bools</STRING><MOD_PROP_TYPE>ADD</MOD_PROP_TYPE><STRING>leaves no corpse</STRING></ModifyPropertyEffect></Effects></PassiveAbility></Abilities></Abilities><Name>Venomous End</Name><Image>mini\abils\xp2_textures_bif-0000000103.jpg</Image><Variables>damage amount</Variables><Version>0.1002b</Version></props></Venomous_End><OnEndRound><params></params><props><Displayed_Name>OnEndRound</Displayed_Name><Ability_Type>Passives</Ability_Type><Passives>amount;PassivesAura of Fearmini\abils\xp2_textures_bif-0000000319.jpgSOURCEtrueSpiritMODIFY_BY_CONST-^VAR1falsetrueabilsPassivesabilsAttr;Percentage;mini\abils\xp2_textures_bif-0000000205.jpgSOURCE^VARMODIFY_BY_PERCENT^VARStandardAttribute Bonusamount;PassivesAura of Fearmini\abils\xp2_textures_bif-0000000319.jpgSOURCEtrueSpiritMODIFY_BY_CONST-^VAR1falsetrueabils</Passives><Type>abils</Type><Ability_Group>Trigger</Ability_Group><Abilities><Abilities><PassiveAbility><FixedTargeting><STRING>SOURCE</STRING></FixedTargeting><Effects><AddTriggerEffect><STANDARD_EVENT_TYPE>ROUND_ENDS</STANDARD_EVENT_TYPE><ParsedCondition><STRING>^VAR</STRING></ParsedCondition><ActiveAbility><FixedTargeting><REF_KEY>SOURCE</REF_KEY></FixedTargeting><Effects><AbilityEffect><STRING>^VAR</STRING></AbilityEffect></Effects></ActiveAbility></AddTriggerEffect></Effects></PassiveAbility></Abilities></Abilities><Name>OnEndRound</Name><Image>mini\abils\xp2_textures_bif-0000000205.jpg</Image><Variables>conditionString;abilName</Variables><Version>0.1002b</Version></props></OnEndRound><CounterRegen><params></params><props><Displayed_Name>CounterRegen</Displayed_Name><Ability_Type>Passives</Ability_Type><Passives>amount;PassivesAura of Fearmini\abils\xp2_textures_bif-0000000319.jpgSOURCEtrueSpiritMODIFY_BY_CONST-^VAR1falsetrueabilsPassivesabilsAttr;Percentage;mini\abils\xp2_textures_bif-0000000205.jpgSOURCE^VARMODIFY_BY_PERCENT^VARStandardAttribute Bonusamount;PassivesAura of Fearmini\abils\xp2_textures_bif-0000000319.jpgSOURCEtrueSpiritMODIFY_BY_CONST-^VAR1falsetrueabils</Passives><Type>abils</Type><Ability_Group>Trigger</Ability_Group><Base_Type>OnEndRound</Base_Type><Abilities><Abilities><PassiveAbility><FixedTargeting><STRING>SOURCE</STRING></FixedTargeting><Effects><AddTriggerEffect><STANDARD_EVENT_TYPE>ROUND_ENDS</STANDARD_EVENT_TYPE><EmptyCondition></EmptyCondition><ActiveAbility><FixedTargeting><REF_KEY>SOURCE</REF_KEY></FixedTargeting><ModifyCounterEffect><STRING>^VAR</STRING><MODVAL_TYPE>MODIFY_BY_CONST</MODVAL_TYPE><FORMULA>^VAR</FORMULA></ModifyCounterEffect></ActiveAbility></AddTriggerEffect></Effects></PassiveAbility></Abilities></Abilities><Name>CounterRegen</Name><Image>mini\abils\xp2_textures_bif-0000000205.jpg</Image><Variables>counter Name ; amount</Variables><Version>0.1003b</Version></props></CounterRegen><Trigger><params></params><props><Displayed_Name>Trigger</Displayed_Name><Ability_Type>Passives</Ability_Type><Passives>amount;PassivesAura of Fearmini\abils\xp2_textures_bif-0000000319.jpgSOURCEtrueSpiritMODIFY_BY_CONST-^VAR1falsetrueabilsPassivesabilsAttr;Percentage;mini\abils\xp2_textures_bif-0000000205.jpgSOURCE^VARMODIFY_BY_PERCENT^VARStandardAttribute Bonusamount;PassivesAura of Fearmini\abils\xp2_textures_bif-0000000319.jpgSOURCEtrueSpiritMODIFY_BY_CONST-^VAR1falsetrueabils</Passives><Type>abils</Type><Ability_Group>Trigger</Ability_Group><Abilities><Abilities><PassiveAbility><FixedTargeting><STRING>SOURCE</STRING></FixedTargeting><Effects><AddTriggerEffect><STRING>^VAR</STRING><ParsedCondition><STRING>^VAR</STRING></ParsedCondition><ActiveAbility><FixedTargeting><STRING>^VAR</STRING></FixedTargeting><AbilityEffect><STRING>^VAR</STRING></AbilityEffect></ActiveAbility></AddTriggerEffect></Effects></PassiveAbility></Abilities></Abilities><Name>Trigger</Name><Image>mini\abils\xp2_textures_bif-0000000205.jpg</Image><Variables>eventType;conditionString;target ref;abilName</Variables><Version>0.1002b</Version></props></Trigger><Reanimation><params></params><props><Displayed_Name>Reanimation</Displayed_Name><Ability_Type>Passives</Ability_Type><Passives>amount;PassivesAura of Fearmini\abils\xp2_textures_bif-0000000319.jpgSOURCEtrueSpiritMODIFY_BY_CONST-^VAR1falsetrueabilsPassivesabilsAttr;Percentage;mini\abils\xp2_textures_bif-0000000205.jpgSOURCE^VARMODIFY_BY_PERCENT^VARStandardAttribute Bonusamount;PassivesAura of Fearmini\abils\xp2_textures_bif-0000000319.jpgSOURCEtrueSpiritMODIFY_BY_CONST-^VAR1falsetrueabils</Passives><Type>abils</Type><Ability_Group>Std Passive</Ability_Group><Base_Type>OnEndRound</Base_Type><Abilities><Abilities><PassiveAbility><FixedTargeting><STRING>SOURCE</STRING></FixedTargeting><Effects><AddTriggerEffect><STANDARD_EVENT_TYPE>ROUND_ENDS</STANDARD_EVENT_TYPE><EmptyCondition></EmptyCondition><ActiveAbility><FixedTargeting><REF_KEY>SOURCE</REF_KEY></FixedTargeting><ModifyCounterEffect><STRING>Undying Counter</STRING><MODVAL_TYPE>SET</MODVAL_TYPE><FORMULA>min(^VAR, {source_undying_counter}+^VAR);</FORMULA></ModifyCounterEffect></ActiveAbility></AddTriggerEffect></Effects></PassiveAbility></Abilities></Abilities><Name>Reanimation</Name><Image>mini\abils\New folder\xp2_textures_bif-0000000349.jpg</Image><Variables>max;amount;</Variables><Version>0.1002b</Version></props></Reanimation><DmgAdd><params></params><props><Description>Deals {1} {2} damage on attack</Description><Displayed_Name>DmgAdd</Displayed_Name><Ability_Type>Passives</Ability_Type><Type>abils</Type><Ability_Group>Std Passive</Ability_Group><Base_Type>OnAttack</Base_Type><Abilities><Abilities><PassiveAbility><FixedTargeting><STRING>SOURCE</STRING></FixedTargeting><Effects><AddSpecialEffects><SPECIAL_EFFECTS_CASE>SPELL_IMPACT</SPECIAL_EFFECTS_CASE><Effects><DealDamageEffect><FORMULA>{active_damage_last_amount}*^VAR/100</FORMULA><STRING>^VAR</STRING><DAMAGE_MODIFIER>QUIET</DAMAGE_MODIFIER></DealDamageEffect></Effects></AddSpecialEffects></Effects></PassiveAbility></Abilities></Abilities><Name>DmgAdd</Name><Image>mini\abils\Ray.jpg</Image><Variables>amount;dmg type</Variables><Version>0.1002b</Version></props></DmgAdd><DmgAddToDealt><params></params><props><Description>Deals {1} {2} damage on attack</Description><Displayed_Name>DmgAddToDealt</Displayed_Name><Ability_Type>Passives</Ability_Type><Type>abils</Type><Ability_Group>Std Passive</Ability_Group><Base_Type>OnAttack</Base_Type><Abilities><Abilities><PassiveAbility><FixedTargeting><STRING>SOURCE</STRING></FixedTargeting><Effects><AddSpecialEffects><SPECIAL_EFFECTS_CASE>SPELL_IMPACT</SPECIAL_EFFECTS_CASE><Effects><DealDamageEffect><FORMULA>{active_damage_last_dealt}*^VAR/100</FORMULA><STRING>^VAR</STRING><DAMAGE_MODIFIER>QUIET</DAMAGE_MODIFIER></DealDamageEffect></Effects></AddSpecialEffects></Effects></PassiveAbility></Abilities></Abilities><Name>DmgAddToDealt</Name><Image>mini\abils\Ray.jpg</Image><Variables>amount;dmg type</Variables><Version>0.1002b</Version></props></DmgAddToDealt><SpecEffect><params></params><props><Description>Activates {2} on {1} targeting</Description><Displayed_Name>SpecEffect</Displayed_Name><Ability_Type>Passives</Ability_Type><Type>abils</Type><Ability_Group>Std Passive</Ability_Group><Abilities><Abilities><PassiveAbility><FixedTargeting><STRING>SOURCE</STRING></FixedTargeting><Effects><AddSpecialEffects><STRING>^VAR</STRING><STRING>^VAR</STRING></AddSpecialEffects></Effects></PassiveAbility></Abilities></Abilities><Name>SpecEffect</Name><Image>mini\abils\Concentration.jpg</Image><Variables>target;spell</Variables><Version>0.1002b</Version></props></SpecEffect><Blight><params></params><props><Description>Adds {1} Blight counters to the attacker when struck and to the target when hitting in melee.</Description><Displayed_Name>Blight</Displayed_Name><Ability_Type>Passives</Ability_Type><Type>abils</Type><Ability_Group>Std Passive</Ability_Group><Abilities><Abilities><PassiveAbility><FixedTargeting><STRING>SOURCE</STRING></FixedTargeting><Effects><AddSpecialEffects><SPECIAL_EFFECTS_CASE>ON_HIT</SPECIAL_EFFECTS_CASE><ModifyCounterEffect><STRING>Blight Counter</STRING><MODVAL_TYPE>MODIFY_BY_CONST</MODVAL_TYPE><STRING>^VAR</STRING></ModifyCounterEffect></AddSpecialEffects><AddSpecialEffects><SPECIAL_EFFECTS_CASE>ON_ATTACK</SPECIAL_EFFECTS_CASE><ModifyCounterEffect><STRING>Blight Counter</STRING><MODVAL_TYPE>MODIFY_BY_CONST</MODVAL_TYPE><STRING>^VAR</STRING></ModifyCounterEffect></AddSpecialEffects></Effects></PassiveAbility></Abilities></Abilities><Name>Blight</Name><Image>mini\buff\new2\xp2_textures_bif-0000000680.jpg</Image><Variables>amount;</Variables><Version>0.1002b</Version></props></Blight><Corrosive_Touch><params></params><props><Description>Adds {1} Corrosion counters to the target upon successful melee attack.</Description><Displayed_Name>Corrosive Touch</Displayed_Name><Ability_Type>Passives</Ability_Type><Type>abils</Type><Ability_Group>Std Passive</Ability_Group><Abilities><Abilities><PassiveAbility><FixedTargeting><STRING>SOURCE</STRING></FixedTargeting><Effects><AddSpecialEffects><SPECIAL_EFFECTS_CASE>ON_ATTACK</SPECIAL_EFFECTS_CASE><ModifyCounterEffect><STRING>Corrosion Counter</STRING><MODVAL_TYPE>MODIFY_BY_CONST</MODVAL_TYPE><STRING>^VAR</STRING></ModifyCounterEffect></AddSpecialEffects></Effects></PassiveAbility></Abilities></Abilities><Name>Corrosive Touch</Name><Image>mini\buff\new2\xp2_textures_bif-0000000810.jpg</Image><Variables>amount;</Variables><Version>0.1002b</Version></props></Corrosive_Touch><Corrosive_Blood><params></params><props><Description>Adds {1} Corrosion counters to melee attackers.</Description><Displayed_Name>Corrosive Blood</Displayed_Name><Ability_Type>Passives</Ability_Type><Type>abils</Type><Ability_Group>Std Passive</Ability_Group><Abilities><Abilities><PassiveAbility><FixedTargeting><STRING>SOURCE</STRING></FixedTargeting><Effects><AddSpecialEffects><SPECIAL_EFFECTS_CASE>ON_HIT</SPECIAL_EFFECTS_CASE><ModifyCounterEffect><STRING>Corrosion Counter</STRING><MODVAL_TYPE>MODIFY_BY_CONST</MODVAL_TYPE><STRING>^VAR</STRING></ModifyCounterEffect></AddSpecialEffects></Effects></PassiveAbility></Abilities></Abilities><Name>Corrosive Blood</Name><Image>mini\buff\new2\xp2_textures_bif-0000000808.jpg</Image><Variables>amount;</Variables><Version>0.1002b</Version></props></Corrosive_Blood><Aura_of_Despair><params></params><props><Displayed_Name>Aura of Despair</Displayed_Name><Ability_Type>Passives</Ability_Type><Type>abils</Type><Ability_Group>Std Passive</Ability_Group><Abilities><Abilities><PassiveAbility><FixedTargeting><STRING>SOURCE</STRING></FixedTargeting><Effects><AuraEffect><BOOLEAN>false</BOOLEAN><ModifyValueEffect><PARAM>Spirit</PARAM><MODVAL_TYPE>MODIFY_BY_CONST</MODVAL_TYPE><STRING>^VAR</STRING></ModifyValueEffect><FORMULA>1</FORMULA><BOOLEAN>false</BOOLEAN><BOOLEAN>false</BOOLEAN><EmptyCondition></EmptyCondition></AuraEffect></Effects></PassiveAbility></Abilities></Abilities><Name>Aura of Despair</Name><Image>mini\abils\New folder\xp2_textures_bif-0000000334.jpg</Image><Variables>percentage</Variables><Version>0.1002b</Version></props></Aura_of_Despair><Weaver><params></params><props><Displayed_Name>Weaver</Displayed_Name><Ability_Type>Passives</Ability_Type><Type>abils</Type><Ability_Group>Std Passive</Ability_Group><Abilities><Abilities><PassiveAbility><FixedTargeting><STRING>SOURCE</STRING></FixedTargeting><Effects><AuraEffect><BOOLEAN>false</BOOLEAN><ModifyValueEffect><PARAM>Spirit</PARAM><MODVAL_TYPE>MODIFY_BY_CONST</MODVAL_TYPE><STRING>^VAR</STRING></ModifyValueEffect><FORMULA>1</FORMULA><BOOLEAN>false</BOOLEAN><BOOLEAN>false</BOOLEAN><EmptyCondition></EmptyCondition></AuraEffect></Effects></PassiveAbility></Abilities></Abilities><Name>Weaver</Name><Image>mini\buff\new\textures_02_bif-0000002980.jpg</Image><Variables>percentage</Variables><Version>0.1002b</Version></props></Weaver><Ensnaring_Attack><params></params><props><Description>Adds {1} Ensnare counters to the target upon successful melee attack.</Description><Displayed_Name>Ensnaring Attack</Displayed_Name><Ability_Type>Passives</Ability_Type><Type>abils</Type><Ability_Group>Std Passive</Ability_Group><Abilities><Abilities><PassiveAbility><FixedTargeting><STRING>SOURCE</STRING></FixedTargeting><Effects><AddSpecialEffects><SPECIAL_EFFECTS_CASE>ON_ATTACK</SPECIAL_EFFECTS_CASE><ModifyCounterEffect><STRING>Ensnare Counter</STRING><MODVAL_TYPE>MODIFY_BY_CONST</MODVAL_TYPE><STRING>^VAR</STRING></ModifyCounterEffect></AddSpecialEffects></Effects></PassiveAbility></Abilities></Abilities><Name>Ensnaring Attack</Name><Image>mini\buff\new\xp2_textures_bif-0000000594.jpg</Image><Variables>amount;</Variables><Version>0.1002b</Version></props></Ensnaring_Attack><Cannibal><params></params><props><Description>Gorges on the corpses of slain units, restoring {1} Endurance but losing 1 Action point in the process and triggering an AoO from nearby enemies...</Description><Displayed_Name>Cannibal</Displayed_Name><Ability_Type>Passives</Ability_Type><Type>abils</Type><Ability_Group>Std Passive</Ability_Group><Base_Type>OnKill</Base_Type><Abilities><Abilities><PassiveAbility><FixedTargeting><STRING>SOURCE</STRING></FixedTargeting><Effects><AddSpecialEffects><SPECIAL_EFFECTS_CASE>ON_KILL</SPECIAL_EFFECTS_CASE><Effects><CustomTargetEffect><FixedTargeting><STRING>source</STRING></FixedTargeting><Effects><ModifyValueEffect><PARAM>C Endurance</PARAM><MODVAL_TYPE>MODIFY_BY_CONST</MODVAL_TYPE><STRING>{target_Endurance}*{1}/100</STRING></ModifyValueEffect></Effects></CustomTargetEffect></Effects></AddSpecialEffects></Effects></PassiveAbility></Abilities></Abilities><Name>Cannibal</Name><Image>UI\emblems\std\death\3gore.jpg</Image><Variables>amount</Variables><Version>0.1002b</Version></props></Cannibal><Killing_Rush><params></params><props><Description>Gorges on the corpses of slain units, restoring {1} Endurance but losing 1 Action point in the process and triggering an AoO from nearby enemies...</Description><Displayed_Name>Killing Rush</Displayed_Name><Ability_Type>Passives</Ability_Type><Type>abils</Type><Ability_Group>Std Passive</Ability_Group><Base_Type>OnKill</Base_Type><Abilities><Abilities><PassiveAbility><FixedTargeting><STRING>SOURCE</STRING></FixedTargeting><Effects><AddSpecialEffects><SPECIAL_EFFECTS_CASE>ON_KILL</SPECIAL_EFFECTS_CASE><Effects><CustomTargetEffect><FixedTargeting><STRING>source</STRING></FixedTargeting><Effects><ModifyValueEffect><PARAM>C Initiative Bonus</PARAM><MODVAL_TYPE>MODIFY_BY_CONST</MODVAL_TYPE><STRING>{1}</STRING></ModifyValueEffect></Effects></CustomTargetEffect></Effects></AddSpecialEffects></Effects></PassiveAbility></Abilities></Abilities><Name>Killing Rush</Name><Image>UI\emblems\std\death\3dead.jpg</Image><Variables>amount</Variables><Version>0.1002b</Version></props></Killing_Rush><Upgraded_GroupParamBonus><params></params><props><Description>{3}: adds {5} {4} to all {6} with {2} {1}.</Description><Displayed_Name>Upgraded GroupParamBonus</Displayed_Name><Group>Standard</Group><Ability_Type>Passives</Ability_Type><Type>abils</Type><Ability_Group>Template Passive</Ability_Group><Base_Type>GroupParamBonus</Base_Type><Abilities><Abilities><PassiveAbility><AutoTargeting><Conditions><StringComparison><STRING>{Match_^VAR}</STRING><STRING>^VAR</STRING><BOOLEAN>false</BOOLEAN></StringComparison><RefCondition><STRING>SOURCE</STRING><STRING>MATCH_SOURCE</STRING><BOOLEAN>false</BOOLEAN></RefCondition></Conditions></AutoTargeting><Effects><AddBuffEffect><STRING>^VAR</STRING><ModifyValueEffect><STRING>^VAR</STRING><MODVAL_TYPE>MODIFY_BY_CONST</MODVAL_TYPE><FORMULA>^VAR</FORMULA></ModifyValueEffect></AddBuffEffect></Effects></PassiveAbility></Abilities></Abilities><Name>Upgraded GroupParamBonus</Name><Image>mini\abils\xp2_textures_bif-0000000255.jpg</Image><Variables>filter prop;prop value;buff name;param name;const;obj type group name</Variables></props></Upgraded_GroupParamBonus><DmgPercToDealtOnAttack><params></params><props><Description>Deals {1} {2} damage on attack</Description><Displayed_Name>DmgPercToDealtOnAttack</Displayed_Name><Ability_Type>Passives</Ability_Type><Type>abils</Type><Ability_Group>Std Passive</Ability_Group><Base_Type>OnAttack</Base_Type><Abilities><Abilities><PassiveAbility><FixedTargeting><STRING>SOURCE</STRING></FixedTargeting><Effects><AddSpecialEffects><SPECIAL_EFFECTS_CASE>ON_ATTACK</SPECIAL_EFFECTS_CASE><Effects><DealDamageEffect><FORMULA>{active_damage_last_dealt}*^VAR/100</FORMULA><STRING>^VAR</STRING><DAMAGE_MODIFIER>QUIET</DAMAGE_MODIFIER></DealDamageEffect></Effects></AddSpecialEffects></Effects></PassiveAbility></Abilities></Abilities><Name>DmgPercToDealtOnAttack</Name><Image>mini\abils\Ray.jpg</Image><Variables>amount;dmg type</Variables><Version>0.1002b</Version></props></DmgPercToDealtOnAttack><DamagePercOnAttack><params></params><props><Description>Deals {1} {2} damage on attack</Description><Displayed_Name>DamagePercOnAttack</Displayed_Name><Ability_Type>Passives</Ability_Type><Type>abils</Type><Ability_Group>Std Passive</Ability_Group><Base_Type>OnAttack</Base_Type><Abilities><Abilities><PassiveAbility><FixedTargeting><STRING>SOURCE</STRING></FixedTargeting><Effects><AddSpecialEffects><SPECIAL_EFFECTS_CASE>ON_ATTACK</SPECIAL_EFFECTS_CASE><Effects><DealDamageEffect><FORMULA>{active_damage_last_amount}*^VAR/100</FORMULA><STRING>^VAR</STRING><DAMAGE_MODIFIER>QUIET</DAMAGE_MODIFIER></DealDamageEffect></Effects></AddSpecialEffects></Effects></PassiveAbility></Abilities></Abilities><Name>DamagePercOnAttack</Name><Image>mini\abils\Ray.jpg</Image><Variables>amount;dmg type</Variables><Version>0.1002b</Version></props></DamagePercOnAttack><DamagePercOnAttackThis><params></params><props><Description>Deals {1} {2} damage on attack</Description><Displayed_Name>DamagePercOnAttackThis</Displayed_Name><Ability_Type>Passives</Ability_Type><Type>abils</Type><Ability_Group>Std Passive</Ability_Group><Base_Type>OnAttack</Base_Type><Abilities><Abilities><PassiveAbility><FixedTargeting><STRING>SLOT_ITEM</STRING></FixedTargeting><Effects><AddSpecialEffects><SPECIAL_EFFECTS_CASE>ON_ATTACK</SPECIAL_EFFECTS_CASE><Effects><DealDamageEffect><FORMULA>{active_damage_last_amount}*^VAR/100</FORMULA><STRING>^VAR</STRING><DAMAGE_MODIFIER>QUIET</DAMAGE_MODIFIER></DealDamageEffect></Effects></AddSpecialEffects></Effects></PassiveAbility></Abilities></Abilities><Name>DamagePercOnAttackThis</Name><Image>mini\abils\Ray.jpg</Image><Variables>amount;dmg type</Variables><Version>0.1002b</Version></props></DamagePercOnAttackThis><Aura_of_Swiftness><params></params><props><Displayed_Name>Aura of Swiftness</Displayed_Name><Ability_Type>Passives</Ability_Type><Type>abils</Type><Ability_Group>Std Passive</Ability_Group><Abilities><Abilities><PassiveAbility><FixedTargeting><STRING>SOURCE</STRING></FixedTargeting><Effects><AuraEffect><BOOLEAN>true</BOOLEAN><ModifyValueEffect><STRING>initiative modifier</STRING><MODVAL_TYPE>MODIFY_BY_CONST</MODVAL_TYPE><FORMULA>^VAR</FORMULA><FORMULA>100</FORMULA></ModifyValueEffect><FORMULA>1</FORMULA><BOOLEAN>false</BOOLEAN><BOOLEAN>false</BOOLEAN><EmptyCondition></EmptyCondition></AuraEffect></Effects></PassiveAbility></Abilities></Abilities><Name>Aura of Swiftness</Name><Image>mini\abils\New folder\xp2_textures_bif-0000000550.jpg</Image><Variables>ap cost reduction</Variables><Version>0.1002b</Version></props></Aura_of_Swiftness><Aura_of_Resilience><params></params><props><Displayed_Name>Aura of Resilience</Displayed_Name><Ability_Type>Passives</Ability_Type><Type>abils</Type><Ability_Group>Std Passive</Ability_Group><Abilities><Abilities><PassiveAbility><FixedTargeting><STRING>SOURCE</STRING></FixedTargeting><Effects><AuraEffect><BOOLEAN>true</BOOLEAN><ModifyValueEffect><STRING>resistance</STRING><MODVAL_TYPE>MODIFY_BY_CONST</MODVAL_TYPE><FORMULA>^VAR</FORMULA><FORMULA>100</FORMULA></ModifyValueEffect><FORMULA>1</FORMULA><BOOLEAN>false</BOOLEAN><BOOLEAN>false</BOOLEAN><EmptyCondition></EmptyCondition></AuraEffect></Effects></PassiveAbility></Abilities></Abilities><Name>Aura of Resilience</Name><Image>mini\abils\New folder\xp2_textures_bif-0000000841.jpg</Image><Variables>resistance</Variables><Version>0.1002b</Version></props></Aura_of_Resilience><Aura_of_Discipline><params></params><props><Displayed_Name>Aura of Discipline</Displayed_Name><Ability_Type>Passives</Ability_Type><Type>abils</Type><Ability_Group>Std Passive</Ability_Group><Abilities><Abilities><PassiveAbility><FixedTargeting><STRING>SOURCE</STRING></FixedTargeting><Effects><AuraEffect><BOOLEAN>true</BOOLEAN><ModifyValueEffect><STRING>Organization</STRING><MODVAL_TYPE>MODIFY_BY_CONST</MODVAL_TYPE><FORMULA>^VAR</FORMULA><FORMULA>1000</FORMULA></ModifyValueEffect><FORMULA>1</FORMULA><BOOLEAN>false</BOOLEAN><BOOLEAN>false</BOOLEAN><EmptyCondition></EmptyCondition></AuraEffect></Effects></PassiveAbility></Abilities></Abilities><Name>Aura of Discipline</Name><Image>UI\BUFFS (2).jpg</Image><Variables>def</Variables><Version>0.1002b</Version></props></Aura_of_Discipline><Aura_of_Vengeance><params></params><props><Displayed_Name>Aura of Vengeance</Displayed_Name><Ability_Type>Passives</Ability_Type><Type>abils</Type><Ability_Group>Std Passive</Ability_Group><Abilities><Abilities><PassiveAbility><FixedTargeting><STRING>SOURCE</STRING></FixedTargeting><Effects><AuraEffect><BOOLEAN>true</BOOLEAN><ModifyValueEffect><STRING>damage mod</STRING><MODVAL_TYPE>MODIFY_BY_PERCENT</MODVAL_TYPE><FORMULA>^VAR</FORMULA></ModifyValueEffect><FORMULA>1</FORMULA><BOOLEAN>false</BOOLEAN><BOOLEAN>false</BOOLEAN><EmptyCondition></EmptyCondition></AuraEffect></Effects></PassiveAbility></Abilities></Abilities><Name>Aura of Vengeance</Name><Image>UI\emblems\std\death\xp2_textures_bif-0000000353.jpg</Image><Variables>damage mod</Variables><Version>0.1002b</Version></props></Aura_of_Vengeance><Aura_of_Brutality><params></params><props><Displayed_Name>Aura of Brutality</Displayed_Name><Ability_Type>Passives</Ability_Type><Type>abils</Type><Ability_Group>Std Passive</Ability_Group><Abilities><Abilities><PassiveAbility><FixedTargeting><STRING>SOURCE</STRING></FixedTargeting><Effects><AuraEffect><BOOLEAN>true</BOOLEAN><ModifyValueEffect><STRING>damage mod</STRING><MODVAL_TYPE>MODIFY_BY_PERCENT</MODVAL_TYPE><FORMULA>^VAR</FORMULA></ModifyValueEffect><FORMULA>1</FORMULA><BOOLEAN>false</BOOLEAN><BOOLEAN>false</BOOLEAN><EmptyCondition></EmptyCondition></AuraEffect></Effects></PassiveAbility></Abilities></Abilities><Name>Aura of Brutality</Name><Image>UI\emblems\std\chaos\2chaos.jpg</Image><Variables>damage mod</Variables><Version>0.1002b</Version></props></Aura_of_Brutality><Defensive_Tactics><params></params><props><Displayed_Name>Defensive Tactics</Displayed_Name><Ability_Type>Passives</Ability_Type><Type>abils</Type><Ability_Group>Std Passive</Ability_Group><Abilities><Abilities><PassiveAbility><FixedTargeting><STRING>SOURCE</STRING></FixedTargeting><Effects><AuraEffect><BOOLEAN>true</BOOLEAN><Effects><ModifyValueEffect><PARAM>Defense Mod</PARAM><MODVAL_TYPE>MODIFY_BY_PERCENT</MODVAL_TYPE><STRING>^VAR</STRING></ModifyValueEffect><ModifyValueEffect><PARAM>Attack Mod</PARAM><MODVAL_TYPE>MODIFY_BY_PERCENT</MODVAL_TYPE><STRING>-^VAR/2</STRING></ModifyValueEffect></Effects><FORMULA>1</FORMULA><BOOLEAN>false</BOOLEAN><BOOLEAN>false</BOOLEAN><EmptyCondition></EmptyCondition></AuraEffect></Effects></PassiveAbility></Abilities></Abilities><Name>Defensive Tactics</Name><Image>UI\emblems\std\neutral\1blackguard.jpg</Image><Variables>+def -1/2*atk mods</Variables><Version>0.1002b</Version></props></Defensive_Tactics><Offensive_Tactics><params></params><props><Displayed_Name>Offensive Tactics</Displayed_Name><Ability_Type>Passives</Ability_Type><Type>abils</Type><Ability_Group>Std Passive</Ability_Group><Abilities><Abilities><PassiveAbility><FixedTargeting><STRING>SOURCE</STRING></FixedTargeting><Effects><AuraEffect><BOOLEAN>true</BOOLEAN><Effects><ModifyValueEffect><PARAM>Attack Mod</PARAM><MODVAL_TYPE>MODIFY_BY_PERCENT</MODVAL_TYPE><STRING>^VAR</STRING></ModifyValueEffect><ModifyValueEffect><PARAM>Defense Mod</PARAM><MODVAL_TYPE>MODIFY_BY_PERCENT</MODVAL_TYPE><STRING>-^VAR/2</STRING></ModifyValueEffect></Effects><FORMULA>1</FORMULA><BOOLEAN>false</BOOLEAN><BOOLEAN>false</BOOLEAN><EmptyCondition></EmptyCondition></AuraEffect></Effects></PassiveAbility></Abilities></Abilities><Name>Offensive Tactics</Name><Image>UI\emblems\std\neutral\1paladin.jpg</Image><Variables>+atk -1/2*def mods</Variables><Version>0.1002b</Version></props></Offensive_Tactics><Decrepifying_Touch><params></params><props><Description>Each successful attack decreases target's Focus by {1}</Description><Displayed_Name>Decrepifying Touch</Displayed_Name><Ability_Type>Passives</Ability_Type><Type>abils</Type><Ability_Group>Std Passive</Ability_Group><Abilities><Abilities><PassiveAbility><FixedTargeting><STRING>SOURCE</STRING></FixedTargeting><Effects><AddSpecialEffects><SPECIAL_EFFECTS_CASE>ON_ATTACK</SPECIAL_EFFECTS_CASE><CustomTargetEffect><FixedTargeting><REF_KEY>TARGET</REF_KEY></FixedTargeting><ModifyValueEffect><PARAM>C Stamina</PARAM><MODVAL_TYPE>MODIFY_BY_CONST</MODVAL_TYPE><STRING>-^VAR</STRING><PARAM>Stamina</PARAM></ModifyValueEffect></CustomTargetEffect></AddSpecialEffects></Effects></PassiveAbility></Abilities></Abilities><Name>Decrepifying Touch</Name><Image>mini\abils\xp2_textures_bif-0000000200.jpg</Image><Variables>amount;</Variables><Version>0.1003</Version></props></Decrepifying_Touch></Passives></XML>