<XML><Actives><Mass_Bolt><params></params><props><Variables>radius</Variables><Ability_Type>Actives</Ability_Type><Name>Mass Bolt</Name><Type>abils</Type><Image>mini\abils\Shock.jpg</Image></props></Mass_Bolt><Summon><params></params><props><Variables>VAR1;</Variables><Abilities><Abilities><ActiveAbility><SelectiveTargeting><Conditions><StringComparison><STRING>{MATCH_TYPE}</STRING><STRING>TERRAIN</STRING><BOOLEAN>false</BOOLEAN></StringComparison><NumericCondition><FORMULA>{SPELL_RANGE}</FORMULA><FORMULA>[DISTANCE(SOURCE,MATCH)]</FORMULA><BOOLEAN>false</BOOLEAN></NumericCondition><Conditions></Conditions></Conditions><FORMULA>1</FORMULA></SelectiveTargeting><Effects><SummonEffect><STRING>^VAR</STRING></SummonEffect></Effects></ActiveAbility></Abilities></Abilities><Ability_Type>Actives</Ability_Type><Name>Summon</Name><Type>abils</Type><Image>UI\units.jpg</Image></props></Summon><Ray><params></params><props><Abilities><Abilities><ActiveAbility><SelectiveTargeting><NumericCondition><FORMULA>1</FORMULA><FORMULA>[DISTANCE(SOURCE,MATCH)]</FORMULA><BOOLEAN>true</BOOLEAN></NumericCondition><FORMULA>1</FORMULA></SelectiveTargeting><Effects><RayEffect><DealDamageEffect><FORMULA>50</FORMULA></DealDamageEffect></RayEffect></Effects></ActiveAbility></Abilities></Abilities><Ability_Type>Actives</Ability_Type><Name>Ray</Name><Type>abils</Type><Image>mini\abils\Ray.jpg</Image></props></Ray><Attack><params></params><props><Variables></Variables><Abilities><Abilities><ActiveAbility><TemplateSelectiveTargeting><SELECTIVE_TARGETING_TEMPLATES>ATTACK</SELECTIVE_TARGETING_TEMPLATES></TemplateSelectiveTargeting><Effects><AttackEffect></AttackEffect></Effects></ActiveAbility></Abilities></Abilities><Ability_Type>Actives</Ability_Type><Name>Attack</Name><Type>abils</Type><Ability_Group>Std Action</Ability_Group><Group>Action</Group><Image>mini\abils\Attack.jpg</Image></props></Attack><Counter_Attack><params></params><props><Variables></Variables><Abilities><Abilities><ActiveAbility><FixedTargeting><REF_KEY>TARGET</REF_KEY></FixedTargeting><Effects><AttackEffect><BOOLEAN>false</BOOLEAN><BOOLEAN>true</BOOLEAN><BOOLEAN>false</BOOLEAN></AttackEffect></Effects></ActiveAbility></Abilities></Abilities><Ability_Type>Actives</Ability_Type><Name>Counter Attack</Name><Type>abils</Type><Ability_Group>Std Action</Ability_Group><Group>Action</Group><Image>mini\abils\Piercing.jpg</Image></props></Counter_Attack><Prepare_Spell><params></params><props><Variables>target;</Variables><Abilities><Abilities><ActiveAbility><TemplateSelectiveTargeting><SELECTIVE_TARGETING_TEMPLATES>ATTACK</SELECTIVE_TARGETING_TEMPLATES><Conditions><NumericCondition><FORMULA>{SOURCE_C_FOCUS}</FORMULA><FORMULA>{MATCH_FOC_REQ}</FORMULA><BOOLEAN>false</BOOLEAN></NumericCondition><NotCondition><StatusCheckCondition><STATUS>Dead</STATUS></StatusCheckCondition></NotCondition><NotCondition><StatusCheckCondition><STATUS>Dead</STATUS></StatusCheckCondition></NotCondition></Conditions></TemplateSelectiveTargeting><Effects><AddBuffEffect><STRING>Prepared</STRING><ManipulateSpellEffect><SPELL_MANIPULATION>PREPARE</SPELL_MANIPULATION></ManipulateSpellEffect></AddBuffEffect></Effects></ActiveAbility></Abilities></Abilities><Ability_Type>Actives</Ability_Type><Name>Prepare Spell</Name><Type>abils</Type><Group>Action</Group><Image>mini\abils\xp2_textures_bif-0000000255.jpg</Image></props></Prepare_Spell><Dispel><params></params><props><Variables>duration mod;</Variables><Abilities><Abilities><ActiveAbility><SelectiveTargeting><Conditions><NotCondition><StringComparison><STRING>{MATCH_TYPE}</STRING><STRING>TERRAIN</STRING><BOOLEAN>true</BOOLEAN></StringComparison></NotCondition><NumericCondition><FORMULA>{SPELL_RANGE}</FORMULA><FORMULA>[DISTANCE(SOURCE,MATCH)]</FORMULA><BOOLEAN>false</BOOLEAN></NumericCondition><RefCondition><STRING>MATCH</STRING><STRING>SOURCE</STRING><BOOLEAN>true</BOOLEAN></RefCondition></Conditions><FORMULA>1</FORMULA></SelectiveTargeting><Effects><DispelEffect><FORMULA>100</FORMULA><FORMULA>-^VAR</FORMULA><BOOLEAN>true</BOOLEAN></DispelEffect></Effects></ActiveAbility></Abilities></Abilities><Ability_Type>Actives</Ability_Type><Name>Dispel</Name><Type>abils</Type><Group>Arcane</Group><Image>mini\abils\Dispel.jpg</Image></props></Dispel><Drain><params></params><props><Variables>parameter;formula;</Variables><Abilities><Abilities><ActiveAbility><SelectiveTargeting><Conditions><NotCondition><StringComparison><STRING>{MATCH_TYPE}</STRING><STRING>TERRAIN</STRING><BOOLEAN>true</BOOLEAN></StringComparison></NotCondition><NumericCondition><FORMULA>{SPELL_RANGE}</FORMULA><FORMULA>[DISTANCE(SOURCE,MATCH)]</FORMULA><BOOLEAN>false</BOOLEAN></NumericCondition><RefCondition><STRING>MATCH</STRING><STRING>SOURCE</STRING><BOOLEAN>true</BOOLEAN></RefCondition></Conditions><FORMULA>1</FORMULA></SelectiveTargeting><Effects><DrainEffect><STRING>^VAR</STRING><FORMULA>^VAR</FORMULA></DrainEffect></Effects></ActiveAbility></Abilities></Abilities><Ability_Type>Actives</Ability_Type><Name>Drain</Name><Type>abils</Type><Group>Death</Group><Image>mini\buff\xp2_textures_bif-0000000551.jpg</Image></props></Drain><Multi_Bolt><params></params><props><Variables>N_Of_Targets;</Variables><Abilities><Abilities><ActiveAbility><MultiTargeting><SelectiveTargeting><Conditions><NotCondition><StringComparison><STRING>{MATCH_TYPE}</STRING><STRING>TERRAIN</STRING><BOOLEAN>true</BOOLEAN></StringComparison></NotCondition><NumericCondition><FORMULA>{SPELL_RANGE}</FORMULA><FORMULA>[DISTANCE(SOURCE,MATCH)]</FORMULA><BOOLEAN>false</BOOLEAN></NumericCondition><RefCondition><STRING>MATCH</STRING><STRING>SOURCE</STRING><BOOLEAN>true</BOOLEAN></RefCondition></Conditions><FORMULA>1</FORMULA></SelectiveTargeting><FORMULA>^VAR</FORMULA></MultiTargeting><Effects><DealDamageEffect><FORMULA>25</FORMULA></DealDamageEffect></Effects></ActiveAbility><ActiveAbility><MultiTargeting><SelectiveTargeting><Conditions><NotCondition><StringComparison><STRING>{MATCH_TYPE}</STRING><STRING>TERRAIN</STRING><BOOLEAN>true</BOOLEAN></StringComparison></NotCondition><NumericCondition><FORMULA>{SPELL_RANGE}</FORMULA><FORMULA>[DISTANCE(SOURCE,MATCH)]</FORMULA><BOOLEAN>false</BOOLEAN></NumericCondition><RefCondition><STRING>MATCH</STRING><STRING>SOURCE</STRING><BOOLEAN>true</BOOLEAN></RefCondition></Conditions><FORMULA>1</FORMULA></SelectiveTargeting><FORMULA>^VAR</FORMULA></MultiTargeting><Effects><DealDamageEffect><FORMULA>25</FORMULA></DealDamageEffect></Effects></ActiveAbility></Abilities></Abilities><Ability_Type>Actives</Ability_Type><Name>Multi Bolt</Name><Type>abils</Type><Image>mini\abils\Ray.jpg</Image></props></Multi_Bolt><Instant_Death><params></params><props><Variables></Variables><Abilities><Abilities><ActiveAbility><FixedTargeting><REF_KEY>TARGET</REF_KEY></FixedTargeting><InstantDeathEffect><BOOLEAN>true</BOOLEAN><BOOLEAN>false</BOOLEAN></InstantDeathEffect></ActiveAbility></Abilities></Abilities><Ability_Type>Actives</Ability_Type><Name>Instant Death</Name><Type>abils</Type><Group>Death</Group><Image>mini\abils\Undead.jpg</Image></props></Instant_Death><Spell_Echo><params></params><props><Variables>target;</Variables><Abilities><Abilities><ActiveAbility><FixedTargeting><STRING>^VAR</STRING></FixedTargeting><Effects><CastLastSpellEffect><BOOLEAN>true</BOOLEAN><BOOLEAN>true</BOOLEAN><STRING></STRING></CastLastSpellEffect></Effects></ActiveAbility></Abilities></Abilities><Ability_Type>Actives</Ability_Type><Name>Spell Echo</Name><Type>abils</Type><Group>Arcane</Group><Image>mini\abils\xp2_textures_bif-0000000267.jpg</Image></props></Spell_Echo><Teleport_Self><params></params><props><Abilities><Abilities><ActiveAbility><SelectiveTargeting><Conditions><StringComparison><STRING>{MATCH_TYPE}</STRING><STRING>TERRAIN</STRING><BOOLEAN>false</BOOLEAN></StringComparison><NumericCondition><FORMULA>{SPELL_RANGE}</FORMULA><FORMULA>[DISTANCE(SOURCE,MATCH)]</FORMULA><BOOLEAN>false</BOOLEAN></NumericCondition><Conditions></Conditions></Conditions><FORMULA>1</FORMULA></SelectiveTargeting><Effects><MoveEffect><STRING>SOURCE</STRING></MoveEffect></Effects></ActiveAbility></Abilities></Abilities><Ability_Type>Actives</Ability_Type><Name>Teleport Self</Name><Type>abils</Type><Image>UI\bf obj.jpg</Image></props></Teleport_Self><Teleport_Any><params></params><props><Variables></Variables><Abilities><Abilities><ActiveAbility><MultiTargeting><SelectiveTargeting><Conditions><NotCondition><StringComparison><STRING>{MATCH_TYPE}</STRING><STRING>TERRAIN</STRING><BOOLEAN>true</BOOLEAN></StringComparison></NotCondition><NumericCondition><FORMULA>{SPELL_RANGE}</FORMULA><FORMULA>[DISTANCE(SOURCE,MATCH)]</FORMULA><BOOLEAN>false</BOOLEAN></NumericCondition><RefCondition><STRING>MATCH</STRING><STRING>SOURCE</STRING><BOOLEAN>true</BOOLEAN></RefCondition><OrConditions><ObjTypeComparison><OBJ_TYPES>units</OBJ_TYPES></ObjTypeComparison><OrConditions><ObjTypeComparison><OBJ_TYPES>chars</OBJ_TYPES></ObjTypeComparison><ObjTypeComparison><OBJ_TYPES>bf obj</OBJ_TYPES></ObjTypeComparison></OrConditions></OrConditions></Conditions><FORMULA>1</FORMULA></SelectiveTargeting><SelectiveTargeting><Conditions><StringComparison><STRING>{MATCH_TYPE}</STRING><STRING>TERRAIN</STRING><BOOLEAN>true</BOOLEAN></StringComparison><NumericCondition><FORMULA>{SPELL_RANGE}</FORMULA><FORMULA>[DISTANCE(SOURCE,MATCH)]</FORMULA><BOOLEAN>false</BOOLEAN></NumericCondition><RefCondition><STRING>MATCH</STRING><STRING>SOURCE</STRING><BOOLEAN>true</BOOLEAN></RefCondition><StringComparison><STRING>{MATCH_TYPE}</STRING><STRING>TERRAIN</STRING><BOOLEAN>true</BOOLEAN></StringComparison></Conditions><FORMULA>1</FORMULA></SelectiveTargeting></MultiTargeting><Effects><MoveEffect><STRING>TARGET#1</STRING></MoveEffect></Effects></ActiveAbility></Abilities></Abilities><Ability_Type>Actives</Ability_Type><Name>Teleport Any</Name><Type>abils</Type><Image>UI\bf obj.jpg</Image></props></Teleport_Any><ChangeOwner><params></params><props><Abilities><Abilities><ActiveAbility><SelectiveTargeting><Conditions><NotCondition><StringComparison><STRING>{MATCH_TYPE}</STRING><STRING>TERRAIN</STRING><BOOLEAN>true</BOOLEAN></StringComparison></NotCondition><NumericCondition><FORMULA>{SPELL_RANGE}</FORMULA><FORMULA>[DISTANCE(SOURCE,MATCH)]</FORMULA><BOOLEAN>false</BOOLEAN></NumericCondition><RefCondition><STRING>MATCH</STRING><STRING>SOURCE</STRING><BOOLEAN>true</BOOLEAN></RefCondition></Conditions><FORMULA>1</FORMULA></SelectiveTargeting><Effects><PassiveManipulationEffect><ABILITY_MANIPULATION>MODIFY_FORMULA</ABILITY_MANIPULATION><STRING>gvcbc</STRING></PassiveManipulationEffect></Effects></ActiveAbility></Abilities></Abilities><Ability_Type>Actives</Ability_Type><Name>ChangeOwner</Name><Type>abils</Type><Group>Darkness</Group><Image>mini\buff\Haze.jpg</Image></props></ChangeOwner><Gateway_Summon><params></params><props><Variables>aspect;</Variables><Abilities><Abilities><ActiveAbility><SelectiveTargeting><Conditions><StringComparison><STRING>{MATCH_TYPE}</STRING><STRING>TERRAIN</STRING><BOOLEAN>false</BOOLEAN></StringComparison><NumericCondition><FORMULA>{ACTIVE_RANGE}</FORMULA><FORMULA>[DISTANCE(SOURCE,MATCH)]</FORMULA><BOOLEAN>false</BOOLEAN></NumericCondition><Conditions></Conditions></Conditions><FORMULA>1</FORMULA></SelectiveTargeting><Effects><GatewayEffect><STRING>^VAR</STRING></GatewayEffect></Effects></ActiveAbility></Abilities></Abilities><Ability_Type>Actives</Ability_Type><Name>Gateway Summon</Name><Type>abils</Type><Image>UI\units.jpg</Image></props></Gateway_Summon><Trap><params></params><props><Variables>VAR1;</Variables><Abilities><Abilities><ActiveAbility><SelectiveTargeting><Conditions><StringComparison><STRING>{MATCH_TYPE}</STRING><STRING>TERRAIN</STRING><BOOLEAN>false</BOOLEAN></StringComparison><NumericCondition><FORMULA>{SPELL_RANGE}</FORMULA><FORMULA>[DISTANCE(SOURCE,MATCH)]</FORMULA><BOOLEAN>false</BOOLEAN></NumericCondition><Conditions></Conditions></Conditions><FORMULA>1</FORMULA></SelectiveTargeting><Effects><TrapEffect><STRING>^VAR</STRING></TrapEffect></Effects></ActiveAbility></Abilities></Abilities><Ability_Type>Actives</Ability_Type><Name>Trap</Name><Type>abils</Type><Image>UI\BUFFS (2).jpg</Image></props></Trap><SpellDamage><params></params><props><Variables>const;</Variables><Abilities><Abilities><ActiveAbility><TemplateSelectiveTargeting><SELECTIVE_TARGETING_TEMPLATES>SHOT</SELECTIVE_TARGETING_TEMPLATES><NotCondition><StringComparison><STRING>{MATCH_TYPE}</STRING><STRING>TERRAIN</STRING><BOOLEAN>true</BOOLEAN></StringComparison></NotCondition></TemplateSelectiveTargeting><Effects><DealDamageEffect><FORMULA>^VAR</FORMULA></DealDamageEffect></Effects></ActiveAbility></Abilities></Abilities><Ability_Type>Actives</Ability_Type><Name>SpellDamage</Name><Type>abils</Type><Group>Effect</Group><Image>mini\abils\Shock.jpg</Image></props></SpellDamage><RemoveAP><params></params><props><Abilities><Abilities><ActiveAbility><TemplateSelectiveTargeting><SELECTIVE_TARGETING_TEMPLATES>SHOT</SELECTIVE_TARGETING_TEMPLATES><NotCondition><StringComparison><STRING>{MATCH_TYPE}</STRING><STRING>TERRAIN</STRING><BOOLEAN>true</BOOLEAN></StringComparison></NotCondition></TemplateSelectiveTargeting><Effects><ModifyValueEffect><PARAM>C N Of Actions</PARAM><MODVAL_TYPE>SET</MODVAL_TYPE><FORMULA>0</FORMULA></ModifyValueEffect></Effects></ActiveAbility></Abilities></Abilities><Ability_Type>Actives</Ability_Type><Name>RemoveAP</Name><Type>abils</Type><Group>Effect</Group><Image>mini\abils\xp2_textures_bif-0000000200.jpg</Image></props></RemoveAP><StdMove><params></params><props><Variables></Variables><Abilities><Abilities><ActiveAbility><FixedTargeting><REF_KEY>SOURCE</REF_KEY></FixedTargeting><Effects><SelfMoveEffect><UNIT_DIRECTION>AHEAD</UNIT_DIRECTION><MOVE_MODIFIER>NONE</MOVE_MODIFIER></SelfMoveEffect></Effects></ActiveAbility></Abilities></Abilities><Ability_Type>Actives</Ability_Type><Name>StdMove</Name><Type>abils</Type><Ability_Group>Std Action</Ability_Group><Group>Action</Group><Image>mini\buff\Haste.jpg</Image></props></StdMove><TurnClockwise><params></params><props><Variables></Variables><Abilities><Abilities><ActiveAbility><FixedTargeting><REF_KEY>SOURCE</REF_KEY></FixedTargeting><Effects><ChangeFacingEffect><BOOLEAN>true</BOOLEAN></ChangeFacingEffect></Effects></ActiveAbility></Abilities></Abilities><Ability_Type>Actives</Ability_Type><Name>TurnClockwise</Name><Type>abils</Type><Ability_Group>Std Action</Ability_Group><Group>Action</Group><Image>mini\buff\xp2_textures_bif-0000000279.jpg</Image></props></TurnClockwise><TurnAnticlockwise><params></params><props><Abilities><Abilities><ActiveAbility><FixedTargeting><REF_KEY>SOURCE</REF_KEY></FixedTargeting><Effects><ChangeFacingEffect><BOOLEAN>false</BOOLEAN></ChangeFacingEffect></Effects></ActiveAbility></Abilities></Abilities><Ability_Type>Actives</Ability_Type><Name>TurnAnticlockwise</Name><Type>abils</Type><Ability_Group>Std Action</Ability_Group><Group>Action</Group><Image>mini\buff\xp2_textures_bif-0000000279.jpg</Image></props></TurnAnticlockwise><RestMode><params></params><props><Variables></Variables><Abilities><Abilities><ActiveAbility><TemplateAutoTargeting><AUTO_TARGETING_TEMPLATES>SELF</AUTO_TARGETING_TEMPLATES></TemplateAutoTargeting><Effects><ModeEffect><STD_MODES>RESTING</STD_MODES></ModeEffect></Effects></ActiveAbility></Abilities></Abilities><Ability_Type>Actives</Ability_Type><Name>RestMode</Name><Type>abils</Type><Ability_Group>Std Action</Ability_Group><Group>Action</Group><Image>mini\buff\Pure Heart.jpg</Image></props></RestMode><ConcentrateMode><params></params><props><Abilities><Abilities><ActiveAbility><TemplateAutoTargeting><AUTO_TARGETING_TEMPLATES>SELF</AUTO_TARGETING_TEMPLATES></TemplateAutoTargeting><Effects><ModeEffect><STD_MODES>CONCENTRATION</STD_MODES></ModeEffect></Effects></ActiveAbility></Abilities></Abilities><Ability_Type>Actives</Ability_Type><Name>ConcentrateMode</Name><Type>abils</Type><Ability_Group>Std Action</Ability_Group><Group>Action</Group><Image>mini\abils\Concentration.jpg</Image></props></ConcentrateMode><Wait><params></params><props><Variables></Variables><Abilities><Abilities><ActiveAbility><SelectiveTargeting><WaitingFilterCondition></WaitingFilterCondition></SelectiveTargeting><Effects><WaitEffect></WaitEffect></Effects></ActiveAbility></Abilities></Abilities><Ability_Type>Actives</Ability_Type><Name>Wait</Name><Type>abils</Type><Ability_Group>Std Action</Ability_Group><Group>Action</Group><Image>mini\buff\Weakened.jpg</Image></props></Wait><MeditateMode><params></params><props><Abilities><Abilities><ActiveAbility><TemplateAutoTargeting><AUTO_TARGETING_TEMPLATES>SELF</AUTO_TARGETING_TEMPLATES></TemplateAutoTargeting><Effects><ModeEffect><STD_MODES>MEDITATION</STD_MODES></ModeEffect><Effects></Effects></Effects></ActiveAbility></Abilities></Abilities><Ability_Type>Actives</Ability_Type><Name>MeditateMode</Name><Type>abils</Type><Ability_Group>Std Action</Ability_Group><Group>Action</Group><Image>mini\buff\Silence.jpg</Image></props></MeditateMode><Dual_Attack><params></params><props><Abilities><Abilities><ActiveAbility><TemplateSelectiveTargeting><SELECTIVE_TARGETING_TEMPLATES>ATTACK</SELECTIVE_TARGETING_TEMPLATES></TemplateSelectiveTargeting><Effects><AttackEffect><BOOLEAN>false</BOOLEAN><BOOLEAN>false</BOOLEAN><BOOLEAN>false</BOOLEAN><BOOLEAN>false</BOOLEAN></AttackEffect><AttackEffect><BOOLEAN>false</BOOLEAN><BOOLEAN>false</BOOLEAN><BOOLEAN>false</BOOLEAN><BOOLEAN>true</BOOLEAN></AttackEffect></Effects></ActiveAbility></Abilities></Abilities><Ability_Type>Actives</Ability_Type><Name>Dual Attack</Name><Type>abils</Type><Group>Action</Group><Image>mini\abils\Piercing.jpg</Image></props></Dual_Attack><Offhand_Attack><params></params><props><Abilities><Abilities><ActiveAbility><TemplateSelectiveTargeting><SELECTIVE_TARGETING_TEMPLATES>ATTACK</SELECTIVE_TARGETING_TEMPLATES></TemplateSelectiveTargeting><Effects><AttackEffect><BOOLEAN>true</BOOLEAN></AttackEffect></Effects></ActiveAbility></Abilities></Abilities><Ability_Type>Actives</Ability_Type><Name>Offhand Attack</Name><Type>abils</Type><Group>Action</Group><Image>mini\abils\Attack.jpg</Image></props></Offhand_Attack><Mod_Param_by_Perc><params></params><props><Variables>value name;percent;</Variables><Abilities><Abilities><ActiveAbility><TemplateSelectiveTargeting><SELECTIVE_TARGETING_TEMPLATES>SHOT</SELECTIVE_TARGETING_TEMPLATES><NotCondition><StringComparison><STRING>{MATCH_TYPE}</STRING><STRING>TERRAIN</STRING><BOOLEAN>true</BOOLEAN></StringComparison></NotCondition></TemplateSelectiveTargeting><Effects><ModifyValueEffect><STRING>^VAR</STRING><MODVAL_TYPE>MODIFY_BY_PERCENT</MODVAL_TYPE><FORMULA>^VAR</FORMULA></ModifyValueEffect></Effects></ActiveAbility></Abilities></Abilities><Ability_Type>Actives</Ability_Type><Name>Mod Param by Perc</Name><Type>abils</Type><Group>Effect</Group><Image>mini\abils\Shock.jpg</Image></props></Mod_Param_by_Perc><Mode_Defend><params></params><props><Abilities><Abilities><ActiveAbility><TemplateAutoTargeting><AUTO_TARGETING_TEMPLATES>SELF</AUTO_TARGETING_TEMPLATES></TemplateAutoTargeting><Effects><ModeEffect><STD_MODES>DEFENDING</STD_MODES></ModeEffect></Effects></ActiveAbility></Abilities></Abilities><Ability_Type>Actives</Ability_Type><Name>Mode Defend</Name><Type>abils</Type><Ability_Group>Std Action</Ability_Group><Group>Action</Group><Image>mini\buff\Enchanted Armor.jpg</Image></props></Mode_Defend><Sidestep_Left><params></params><props><Variables></Variables><Abilities><Abilities><ActiveAbility><FixedTargeting><REF_KEY>SOURCE</REF_KEY></FixedTargeting><Effects><SelfMoveEffect><MOVE_TEMPLATES>SIDEWAYS_LEFT_1</MOVE_TEMPLATES><MOVE_MODIFIER>NONE</MOVE_MODIFIER></SelfMoveEffect></Effects></ActiveAbility></Abilities></Abilities><Ability_Type>Actives</Ability_Type><Name>Sidestep Left</Name><Type>abils</Type><Ability_Group>Move</Ability_Group><Group>Action</Group><Image>mini\buff\Haste.jpg</Image></props></Sidestep_Left><Sidestep_Right><params></params><props><Variables></Variables><Abilities><Abilities><ActiveAbility><FixedTargeting><REF_KEY>SOURCE</REF_KEY></FixedTargeting><Effects><SelfMoveEffect><MOVE_TEMPLATES>SIDEWAYS_RIGHT_1</MOVE_TEMPLATES><MOVE_MODIFIER>NONE</MOVE_MODIFIER></SelfMoveEffect></Effects></ActiveAbility></Abilities></Abilities><Ability_Type>Actives</Ability_Type><Name>Sidestep Right</Name><Type>abils</Type><Ability_Group>Move</Ability_Group><Group>Action</Group><Image>mini\buff\Haste.jpg</Image></props></Sidestep_Right><Mod_Param_by_Const><params></params><props><Variables>param;const;mastery;sp;max</Variables><Abilities><Abilities><ActiveAbility><TemplateSelectiveTargeting><SELECTIVE_TARGETING_TEMPLATES>SHOT</SELECTIVE_TARGETING_TEMPLATES><NotCondition><StringComparison><STRING>{MATCH_TYPE}</STRING><STRING>TERRAIN</STRING><BOOLEAN>true</BOOLEAN></StringComparison></NotCondition></TemplateSelectiveTargeting><Effects><ModifyValueEffect><STRING>^VAR</STRING><MODVAL_TYPE>MODIFY_BY_CONST</MODVAL_TYPE><FORMULA>min(^VAR+^VAR*[AV(MASTERY, SPELL)] +^VAR*{SOURCE_SP}, ^VAR)</FORMULA></ModifyValueEffect></Effects></ActiveAbility></Abilities></Abilities><Ability_Type>Actives</Ability_Type><Name>Mod Param by Const</Name><Type>abils</Type><Group>Effect</Group><Image>mini\abils\Shock.jpg</Image></props></Mod_Param_by_Const><Summon_from_Group><params></params><props><Variables>group name;</Variables><Abilities><Abilities><ActiveAbility><SelectiveTargeting><Conditions><StringComparison><STRING>{MATCH_TYPE}</STRING><STRING>TERRAIN</STRING><BOOLEAN>false</BOOLEAN></StringComparison><NumericCondition><FORMULA>{SPELL_RANGE}</FORMULA><FORMULA>[DISTANCE(SOURCE,MATCH)]</FORMULA><BOOLEAN>false</BOOLEAN></NumericCondition><Conditions></Conditions></Conditions><FORMULA>1</FORMULA></SelectiveTargeting><Effects><GatewayEffect><PROP>Group</PROP><STRING>^VAR</STRING><BOOLEAN>false</BOOLEAN></GatewayEffect></Effects></ActiveAbility></Abilities></Abilities><Ability_Type>Actives</Ability_Type><Name>Summon from Group</Name><Type>abils</Type><Image>UI\units.jpg</Image></props></Summon_from_Group><Summon_Familiar><params></params><props><Variables></Variables><Abilities><Abilities><ActiveAbility><SelectiveTargeting><Conditions><StringComparison><STRING>{MATCH_TYPE}</STRING><STRING>TERRAIN</STRING><BOOLEAN>false</BOOLEAN></StringComparison><NumericCondition><FORMULA>{SPELL_RANGE}</FORMULA><FORMULA>[DISTANCE(SOURCE,MATCH)]</FORMULA><BOOLEAN>false</BOOLEAN></NumericCondition><Conditions></Conditions></Conditions><FORMULA>1</FORMULA></SelectiveTargeting><Effects><IfElseEffect><CustomTargetEffect><AutoTargeting><Conditions><StringComparison><STRING>{MATCH_GROUP}</STRING><STRING>Familiars</STRING><BOOLEAN>true</BOOLEAN></StringComparison><RefCondition><STRING>SPELL_SOURCE</STRING><STRING>MATCH_SUMMONER</STRING><BOOLEAN>false</BOOLEAN></RefCondition></Conditions></AutoTargeting><MoveEffect><STRING>CUSTOM_TARGET</STRING></MoveEffect></CustomTargetEffect><ListSizeCondition><BOOLEAN>true</BOOLEAN><Conditions><StringComparison><STRING>{MATCH_GROUP}</STRING><STRING>Familiars</STRING><BOOLEAN>true</BOOLEAN></StringComparison><RefCondition><STRING>SPELL_SOURCE</STRING><STRING>MATCH_SUMMONER</STRING><BOOLEAN>false</BOOLEAN></RefCondition></Conditions><STRING>1</STRING></ListSizeCondition><Effects><GatewayEffect><PROP>Group</PROP><STRING>Familiars</STRING><BOOLEAN>true</BOOLEAN></GatewayEffect></Effects></IfElseEffect></Effects></ActiveAbility></Abilities></Abilities><Ability_Type>Actives</Ability_Type><Name>Summon Familiar</Name><Type>abils</Type><Image>UI\units.jpg</Image></props></Summon_Familiar><Mod_Param_by_Simple_Const><params></params><props><Variables>value name;const;</Variables><Abilities><Abilities><ActiveAbility><TemplateSelectiveTargeting><SELECTIVE_TARGETING_TEMPLATES>SHOT</SELECTIVE_TARGETING_TEMPLATES><NotCondition><StringComparison><STRING>{MATCH_TYPE}</STRING><STRING>TERRAIN</STRING><BOOLEAN>true</BOOLEAN></StringComparison></NotCondition></TemplateSelectiveTargeting><Effects><ModifyValueEffect><STRING>^VAR</STRING><MODVAL_TYPE>MODIFY_BY_CONST</MODVAL_TYPE><FORMULA>^VAR</FORMULA></ModifyValueEffect></Effects></ActiveAbility></Abilities></Abilities><Ability_Type>Actives</Ability_Type><Name>Mod Param by Simple Const</Name><Type>abils</Type><Group>Effect</Group><Image>mini\abils\Shock.jpg</Image></props></Mod_Param_by_Simple_Const><Selective_move><params></params><props><Variables></Variables><Abilities><Abilities><ActiveAbility><TemplateSelectiveTargeting><SELECTIVE_TARGETING_TEMPLATES>CELL</SELECTIVE_TARGETING_TEMPLATES></TemplateSelectiveTargeting><Effects><SelfMoveEffect></SelfMoveEffect></Effects></ActiveAbility></Abilities></Abilities><Ability_Type>Actives</Ability_Type><Name>Selective move</Name><Type>abils</Type><Ability_Group>Move</Ability_Group><Group>Action</Group><Image>mini\buff\Haste.jpg</Image></props></Selective_move><Cont_Mod_Param_by_Const><params></params><props><Variables>buff name;param;const;mastery;sp;max</Variables><Abilities><Abilities><ActiveAbility><TemplateSelectiveTargeting><SELECTIVE_TARGETING_TEMPLATES>SHOT</SELECTIVE_TARGETING_TEMPLATES><NotCondition><StringComparison><STRING>{MATCH_TYPE}</STRING><STRING>TERRAIN</STRING><BOOLEAN>true</BOOLEAN></StringComparison></NotCondition></TemplateSelectiveTargeting><Effects><AddBuffEffect><STRING>^VAR</STRING><ModifyValueEffect><STRING>^VAR</STRING><MODVAL_TYPE>MODIFY_BY_CONST</MODVAL_TYPE><FORMULA>min(^VAR+^VAR*[AV(MASTERY, SPELL)] +^VAR*{SOURCE_SP}, ^VAR)</FORMULA></ModifyValueEffect></AddBuffEffect></Effects></ActiveAbility></Abilities></Abilities><Ability_Type>Actives</Ability_Type><Name>Cont Mod Param by Const</Name><Type>abils</Type><Variable_Types>String;Param;Number;Number;Number;Number</Variable_Types><Group>Effect</Group><Image>mini\abils\Shock.jpg</Image></props></Cont_Mod_Param_by_Const><Add_Status><params></params><props><Variables>buff name;status</Variables><Abilities><Abilities><ActiveAbility><TemplateSelectiveTargeting><SELECTIVE_TARGETING_TEMPLATES>SHOT</SELECTIVE_TARGETING_TEMPLATES><NotCondition><StringComparison><STRING>{MATCH_TYPE}</STRING><STRING>TERRAIN</STRING><BOOLEAN>true</BOOLEAN></StringComparison></NotCondition></TemplateSelectiveTargeting><Effects><AddBuffEffect><STRING>^VAR</STRING><AddStatusEffect><STRING>^VAR</STRING></AddStatusEffect></AddBuffEffect></Effects></ActiveAbility></Abilities></Abilities><Ability_Type>Actives</Ability_Type><Name>Add Status</Name><Type>abils</Type><Variable_Types>String;String</Variable_Types><Group>Effect</Group><Image>mini\abils\Concentration.jpg</Image></props></Add_Status><Illumination><params></params><props><Variables>concealment reduction formula</Variables><Abilities><Abilities><ActiveAbility><TemplateSelectiveTargeting><SELECTIVE_TARGETING_TEMPLATES>SHOT</SELECTIVE_TARGETING_TEMPLATES><NotCondition><StringComparison><STRING>{MATCH_TYPE}</STRING><STRING>TERRAIN</STRING><BOOLEAN>true</BOOLEAN></StringComparison></NotCondition></TemplateSelectiveTargeting><Effects><AddBuffEffect><STRING>Illuminated</STRING><Effects><AddStatusEffect><STATUS>Illuminated</STATUS></AddStatusEffect><ModifyValueEffect><PARAM>Concealment</PARAM><MODVAL_TYPE>MODIFY_BY_CONST</MODVAL_TYPE><STRING>-(^VAR)</STRING></ModifyValueEffect></Effects></AddBuffEffect></Effects></ActiveAbility></Abilities></Abilities><Ability_Type>Actives</Ability_Type><Name>Illumination</Name><Type>abils</Type><Group>Effect</Group><Image>mini\abils\New folder\xp2_textures_bif-0000000721.jpg</Image></props></Illumination><Blindness><params></params><props><Variables>sight range reduction formula</Variables><Abilities><Abilities><ActiveAbility><TemplateSelectiveTargeting><SELECTIVE_TARGETING_TEMPLATES>SHOT</SELECTIVE_TARGETING_TEMPLATES><NotCondition><StringComparison><STRING>{MATCH_TYPE}</STRING><STRING>TERRAIN</STRING><BOOLEAN>true</BOOLEAN></StringComparison></NotCondition></TemplateSelectiveTargeting><Effects><AddBuffEffect><STRING>Blindness</STRING><ModifyValueEffect><PARAM>Sight_Range</PARAM><MODVAL_TYPE>MODIFY_BY_CONST</MODVAL_TYPE><STRING>-(^VAR)</STRING><FORMULA>0</FORMULA></ModifyValueEffect></AddBuffEffect></Effects></ActiveAbility></Abilities></Abilities><Ability_Type>Actives</Ability_Type><Name>Blindness</Name><Type>abils</Type><Group>Effect</Group><Image>UI\deities.jpg</Image></props></Blindness><Conjure_Armor><params></params><props><Variables>formula</Variables><Abilities><Abilities><ActiveAbility><TemplateSelectiveTargeting><SELECTIVE_TARGETING_TEMPLATES>ANY_ALLY</SELECTIVE_TARGETING_TEMPLATES></TemplateSelectiveTargeting><Effects><CreateItemEffect><BOOLEAN>false</BOOLEAN><BOOLEAN>false</BOOLEAN><FORMULA>^VAR</FORMULA><MATERIAL>Steel</MATERIAL></CreateItemEffect></Effects></ActiveAbility></Abilities></Abilities><Ability_Type>Actives</Ability_Type><Version>0.1003b</Version><Name>Conjure Armor</Name><Type>abils</Type><Ability_Group>Item</Ability_Group><Group>Effect</Group><Image>UI\value icons\pool\Armor.jpg</Image></props></Conjure_Armor><Use_Inventory><params></params><props><Variables>number of operations</Variables><Abilities><Abilities><ActiveAbility><FixedTargeting><REF_KEY>SOURCE</REF_KEY></FixedTargeting><Effects><UseInventoryEffect><FORMULA>^VAR</FORMULA></UseInventoryEffect></Effects></ActiveAbility></Abilities></Abilities><Ability_Type>Actives</Ability_Type><Name>Use Inventory</Name><Type>abils</Type><Group>Action</Group><Image>mini\buff\new\xp2_textures_bif-0000000679.jpg</Image></props></Use_Inventory><Enchant_Weapon><params></params><props><Variables>amount</Variables><Abilities><Abilities><ActiveAbility><TemplateSelectiveTargeting><SELECTIVE_TARGETING_TEMPLATES>SHOT</SELECTIVE_TARGETING_TEMPLATES><ItemCondition><STRING>MATCH</STRING><BOOLEAN>true</BOOLEAN></ItemCondition></TemplateSelectiveTargeting><Effects><CustomTargetEffect><FixedTargeting><STRING>TARGET</STRING></FixedTargeting><AddBuffEffect><STRING>^VAR</STRING><ModifyValueEffect><STRING>damage bonus</STRING><MODVAL_TYPE>MODIFY_BY_PERCENT</MODVAL_TYPE><FORMULA>min(100, abs(^VAR))*^VAR/abs(^VAR)</FORMULA></ModifyValueEffect></AddBuffEffect></CustomTargetEffect></Effects></ActiveAbility></Abilities></Abilities><Ability_Type>Actives</Ability_Type><Version>0.1003b</Version><Name>Enchant Weapon</Name><Type>abils</Type><Ability_Group>Item</Ability_Group><Group>Effect</Group><Image>UI\value icons\pool\xp2_textures_bif-0000000824.jpg</Image></props></Enchant_Weapon><Teleport_Self_Into_Darkness><params></params><props><Abilities><Abilities><ActiveAbility><TemplateSelectiveTargeting><SELECTIVE_TARGETING_TEMPLATES>CELL</SELECTIVE_TARGETING_TEMPLATES><Conditions><VisibilityCondition></VisibilityCondition></Conditions></TemplateSelectiveTargeting><Effects><MoveEffect><STRING>SOURCE</STRING></MoveEffect></Effects></ActiveAbility></Abilities></Abilities><Ability_Type>Actives</Ability_Type><Name>Teleport Self Into Darkness</Name><Type>abils</Type><Image>UI\bf obj.jpg</Image></props></Teleport_Self_Into_Darkness><AlertMode><params></params><props><Variables></Variables><Abilities><Abilities><ActiveAbility><TemplateAutoTargeting><AUTO_TARGETING_TEMPLATES>SELF</AUTO_TARGETING_TEMPLATES></TemplateAutoTargeting><Effects><ModeEffect><STD_MODES>ALERT</STD_MODES></ModeEffect></Effects></ActiveAbility></Abilities></Abilities><Ability_Type>Actives</Ability_Type><Name>AlertMode</Name><Type>abils</Type><Ability_Group>Std Action</Ability_Group><Group>Action</Group><Image>mini\buff\Alert.jpg</Image></props></AlertMode><Conjure_Weapon><params></params><props><Variables>formula</Variables><Abilities><Abilities><ActiveAbility><TemplateSelectiveTargeting><SELECTIVE_TARGETING_TEMPLATES>ANY_ALLY</SELECTIVE_TARGETING_TEMPLATES></TemplateSelectiveTargeting><Effects><CreateItemEffect><BOOLEAN>true</BOOLEAN><BOOLEAN>false</BOOLEAN><FORMULA>^VAR</FORMULA><MATERIAL>Steel</MATERIAL></CreateItemEffect></Effects></ActiveAbility></Abilities></Abilities><Ability_Type>Actives</Ability_Type><Version>0.1003b</Version><Name>Conjure Weapon</Name><Type>abils</Type><Ability_Group>Item</Ability_Group><Group>Effect</Group><Image>UI\value icons\Off Hand Damage - Copy.jpg</Image></props></Conjure_Weapon><Cont_Mod_Param_by_Simple_Const><params></params><props><Variables>buff name;value;const</Variables><Abilities><Abilities><ActiveAbility><TemplateSelectiveTargeting><SELECTIVE_TARGETING_TEMPLATES>SHOT</SELECTIVE_TARGETING_TEMPLATES><NotCondition><StringComparison><STRING>{MATCH_TYPE}</STRING><STRING>TERRAIN</STRING><BOOLEAN>true</BOOLEAN></StringComparison></NotCondition></TemplateSelectiveTargeting><Effects><AddBuffEffect><STRING>^VAR</STRING><ModifyValueEffect><STRING>^VAR</STRING><MODVAL_TYPE>MODIFY_BY_CONST</MODVAL_TYPE><FORMULA>^VAR</FORMULA></ModifyValueEffect></AddBuffEffect></Effects></ActiveAbility></Abilities></Abilities><Ability_Type>Actives</Ability_Type><Name>Cont Mod Param by Simple Const</Name><Type>abils</Type><Variable_Types>String;Param;Number;Number</Variable_Types><Group>Effect</Group><Image>mini\abils\Shock.jpg</Image></props></Cont_Mod_Param_by_Simple_Const><PrayerMode><params></params><props><Variables></Variables><Abilities><Abilities><ActiveAbility><TemplateAutoTargeting><AUTO_TARGETING_TEMPLATES>SELF</AUTO_TARGETING_TEMPLATES></TemplateAutoTargeting><Effects><ModeEffect><STD_MODES>MEDITATION</STD_MODES></ModeEffect><Effects></Effects></Effects></ActiveAbility></Abilities></Abilities><Ability_Type>Actives</Ability_Type><Name>PrayerMode</Name><Type>abils</Type><Ability_Group>Std Action</Ability_Group><Group>Action</Group><Image>mini\buff\Bless.jpg</Image></props></PrayerMode><DivinationMode><params></params><props><Variables></Variables><Abilities><Abilities><ActiveAbility><TemplateAutoTargeting><AUTO_TARGETING_TEMPLATES>SELF</AUTO_TARGETING_TEMPLATES></TemplateAutoTargeting><Effects><ModeEffect><STD_MODES>DIVINATION</STD_MODES></ModeEffect><Effects></Effects></Effects></ActiveAbility></Abilities></Abilities><Ability_Type>Actives</Ability_Type><Name>DivinationMode</Name><Type>abils</Type><Ability_Group>Std Action</Ability_Group><Group>Action</Group><Image>mini\buff\Bless.jpg</Image></props></DivinationMode><HideMode><params></params><props><Variables></Variables><Abilities><Abilities><ActiveAbility><TemplateAutoTargeting><AUTO_TARGETING_TEMPLATES>SELF</AUTO_TARGETING_TEMPLATES></TemplateAutoTargeting><Effects><ModeEffect><STD_MODES>HIDE</STD_MODES></ModeEffect><Effects></Effects></Effects></ActiveAbility></Abilities></Abilities><Ability_Type>Actives</Ability_Type><Name>HideMode</Name><Type>abils</Type><Ability_Group>Std Action</Ability_Group><Group>Action</Group><Image>mini\buff\Bless.jpg</Image></props></HideMode><MeditateModeAlert><params></params><props><Abilities><Abilities><ActiveAbility><TemplateAutoTargeting><AUTO_TARGETING_TEMPLATES>SELF</AUTO_TARGETING_TEMPLATES></TemplateAutoTargeting><Effects><ModeEffect><STD_MODES>MEDITATION</STD_MODES><STRING>Alert Meditation</STRING><INTEGER>0</INTEGER><BOOLEAN>false</BOOLEAN><BOOLEAN>false</BOOLEAN></ModeEffect><Effects></Effects></Effects></ActiveAbility></Abilities></Abilities><Ability_Type>Actives</Ability_Type><Name>MeditateModeAlert</Name><Type>abils</Type><Ability_Group>Std Action</Ability_Group><Group>Action</Group><Image>mini\buff\Silence.jpg</Image></props></MeditateModeAlert><RangedAttack><params></params><props><Variables></Variables><Abilities><Abilities><ActiveAbility><TemplateSelectiveTargeting><SELECTIVE_TARGETING_TEMPLATES>BLIND_SHOT</SELECTIVE_TARGETING_TEMPLATES></TemplateSelectiveTargeting><AttackEffect><BOOLEAN>false</BOOLEAN><BOOLEAN>false</BOOLEAN><BOOLEAN>false</BOOLEAN></AttackEffect></ActiveAbility><ActiveAbility><AutoTargeting><REF_KEY>RANGED</REF_KEY></AutoTargeting><ChangeRefEffect><BOOLEAN>false</BOOLEAN><REF_KEY>AMMO</REF_KEY></ChangeRefEffect></ActiveAbility></Abilities></Abilities><Ability_Type>Actives</Ability_Type><Version>0.1003b</Version><Name>RangedAttack</Name><Type>abils</Type><Ability_Group>Std Action</Ability_Group><Group>Action</Group><Image>mini\abils\xp2_textures_bif-0000000074.jpg</Image></props></RangedAttack><Throw><params></params><props><Variables></Variables><Abilities><Abilities><ActiveAbility><TemplateSelectiveTargeting><SELECTIVE_TARGETING_TEMPLATES>ANY_UNIT</SELECTIVE_TARGETING_TEMPLATES><Conditions><ClearShotCondition></ClearShotCondition><VisibilityCondition><UNIT_TO_UNIT_VISION>IN_SIGHT</UNIT_TO_UNIT_VISION></VisibilityCondition></Conditions></TemplateSelectiveTargeting><Effects><IfElseEffect><EquipEffect></EquipEffect><RefCondition><REF_KEY>SOURCE</REF_KEY><REF_KEY>TARGET</REF_KEY></RefCondition><ThrowEffect></ThrowEffect></IfElseEffect></Effects></ActiveAbility></Abilities></Abilities><Ability_Type>Actives</Ability_Type><Name>Throw</Name><Type>abils</Type><Ability_Group>Std Action</Ability_Group><Group>Action</Group><Image>mini\abils\Attack.jpg</Image></props></Throw><Reload><params></params><props><Variables></Variables><Abilities><Abilities><ActiveAbility><FixedTargeting><REF_KEY>RANGED</REF_KEY></FixedTargeting><Effects><ChangeRefEffect><BOOLEAN>true</BOOLEAN><REF_KEY>AMMO</REF_KEY></ChangeRefEffect></Effects></ActiveAbility></Abilities></Abilities><Ability_Type>Actives</Ability_Type><Version>0.1003b</Version><Name>Reload</Name><Type>abils</Type><Ability_Group>Std Action</Ability_Group><Group>Action</Group><Image>mini\abils\xp2_textures_bif-0000000074.jpg</Image></props></Reload><Pick_Up><params></params><props><Variables>number of operations</Variables><Abilities><Abilities><ActiveAbility><FixedTargeting><REF_KEY>SOURCE</REF_KEY></FixedTargeting><Effects><PickUpEffect><FORMULA>^VAR</FORMULA></PickUpEffect></Effects></ActiveAbility></Abilities></Abilities><Ability_Type>Actives</Ability_Type><Name>Pick Up</Name><Type>abils</Type><Group>Action</Group><Image>mini\buff\new\xp2_textures_bif-0000000679.jpg</Image></props></Pick_Up><AddParam><params></params><props><Variables>value name;const;</Variables><Abilities><Abilities><ActiveAbility><FixedTargeting><REF_KEY>TARGET</REF_KEY></FixedTargeting><Effects><ModifyValueEffect><STRING>^VAR</STRING><MODVAL_TYPE>MODIFY_BY_CONST</MODVAL_TYPE><FORMULA>^VAR</FORMULA></ModifyValueEffect></Effects></ActiveAbility></Abilities></Abilities><Ability_Type>Actives</Ability_Type><Name>AddParam</Name><Type>abils</Type><Group>Effect</Group><Image>mini\abils\Shock.jpg</Image></props></AddParam><ModParamBuff><params></params><props><Variables>buff name;value name;percent;</Variables><Abilities><Abilities><ActiveAbility><TemplateSelectiveTargeting><SELECTIVE_TARGETING_TEMPLATES>SHOT</SELECTIVE_TARGETING_TEMPLATES><NotCondition><StringComparison><STRING>{MATCH_TYPE}</STRING><STRING>TERRAIN</STRING><BOOLEAN>true</BOOLEAN></StringComparison></NotCondition></TemplateSelectiveTargeting><Effects><AddBuffEffect><STRING>^VAR</STRING><ModifyValueEffect><STRING>^VAR</STRING><MODVAL_TYPE>MODIFY_BY_PERCENT</MODVAL_TYPE><FORMULA>^VAR</FORMULA></ModifyValueEffect></AddBuffEffect></Effects></ActiveAbility></Abilities></Abilities><Ability_Type>Actives</Ability_Type><Name>ModParamBuff</Name><Type>abils</Type><Group>Effect</Group><Image>mini\abils\Shock.jpg</Image></props></ModParamBuff><ModParam><params></params><props><Variables>value name;percent;</Variables><Abilities><Abilities><ActiveAbility><TemplateSelectiveTargeting><SELECTIVE_TARGETING_TEMPLATES>SHOT</SELECTIVE_TARGETING_TEMPLATES><NotCondition><StringComparison><STRING>{MATCH_TYPE}</STRING><STRING>TERRAIN</STRING><BOOLEAN>true</BOOLEAN></StringComparison></NotCondition></TemplateSelectiveTargeting><Effects><ModifyValueEffect><STRING>^VAR</STRING><MODVAL_TYPE>MODIFY_BY_PERCENT</MODVAL_TYPE><FORMULA>^VAR</FORMULA></ModifyValueEffect></Effects></ActiveAbility></Abilities></Abilities><Ability_Type>Actives</Ability_Type><Name>ModParam</Name><Type>abils</Type><Group>Effect</Group><Image>mini\abils\Shock.jpg</Image></props></ModParam><AddParamBuff><params></params><props><Variables>buff name;value;const</Variables><Abilities><Abilities><ActiveAbility><TemplateSelectiveTargeting><SELECTIVE_TARGETING_TEMPLATES>SHOT</SELECTIVE_TARGETING_TEMPLATES><NotCondition><StringComparison><STRING>{MATCH_TYPE}</STRING><STRING>TERRAIN</STRING><BOOLEAN>true</BOOLEAN></StringComparison></NotCondition></TemplateSelectiveTargeting><Effects><AddBuffEffect><STRING>^VAR</STRING><ModifyValueEffect><STRING>^VAR</STRING><MODVAL_TYPE>MODIFY_BY_CONST</MODVAL_TYPE><FORMULA>^VAR</FORMULA></ModifyValueEffect></AddBuffEffect></Effects></ActiveAbility></Abilities></Abilities><Ability_Type>Actives</Ability_Type><Name>AddParamBuff</Name><Type>abils</Type><Variable_Types>String;Param;Number;Number;Number;Number</Variable_Types><Group>Effect</Group><Image>mini\abils\Shock.jpg</Image></props></AddParamBuff><SummonAutomata><params></params><props><Variables>unit;n of actions bonus</Variables><Abilities><Abilities><ActiveAbility><SelectiveTargeting><Conditions><StringComparison><STRING>{MATCH_TYPE}</STRING><STRING>TERRAIN</STRING><BOOLEAN>false</BOOLEAN></StringComparison><NumericCondition><FORMULA>{SPELL_RANGE}</FORMULA><FORMULA>[DISTANCE(SOURCE,MATCH)]</FORMULA><BOOLEAN>false</BOOLEAN></NumericCondition><Conditions></Conditions></Conditions><FORMULA>1</FORMULA></SelectiveTargeting><Effects><SummonEffect><STRING>^VAR</STRING><ModifyValueEffect><PARAM>C N Of Actions</PARAM><MODVAL_TYPE>MODIFY_BY_CONST</MODVAL_TYPE><STRING>^VAR</STRING></ModifyValueEffect></SummonEffect></Effects></ActiveAbility></Abilities></Abilities><Ability_Type>Actives</Ability_Type><Name>SummonAutomata</Name><Type>abils</Type><Image>UI\units.jpg</Image></props></SummonAutomata><ConcentrateModeIntense><params></params><props><Variables>defense mod</Variables><Abilities><Abilities><ActiveAbility><TemplateAutoTargeting><AUTO_TARGETING_TEMPLATES>SELF</AUTO_TARGETING_TEMPLATES></TemplateAutoTargeting><Effects><ModeEffect><STD_MODES>ALERT</STD_MODES><STRING>Intense Concentration</STRING><INTEGER>^VAR</INTEGER><BOOLEAN>false</BOOLEAN><BOOLEAN>true</BOOLEAN></ModeEffect></Effects></ActiveAbility></Abilities></Abilities><Ability_Type>Actives</Ability_Type><Name>ConcentrateModeIntense</Name><Type>abils</Type><Ability_Group>Mode</Ability_Group><Group>Action</Group><Image>mini\abils\Concentration.jpg</Image></props></ConcentrateModeIntense><BehaviorMode><params></params><props><Variables>buff name;behavior mode</Variables><Abilities><Abilities><ActiveAbility><TemplateSelectiveTargeting><SELECTIVE_TARGETING_TEMPLATES>SHOT</SELECTIVE_TARGETING_TEMPLATES><NotCondition><StringComparison><STRING>{MATCH_TYPE}</STRING><STRING>TERRAIN</STRING><BOOLEAN>true</BOOLEAN></StringComparison></NotCondition></TemplateSelectiveTargeting><Effects><AddBuffEffect><STRING>^VAR</STRING><BehaviorModeEffect><STRING>^VAR</STRING></BehaviorModeEffect></AddBuffEffect></Effects></ActiveAbility></Abilities></Abilities><Ability_Type>Actives</Ability_Type><Name>BehaviorMode</Name><Type>abils</Type><Group>Effect</Group><Image>mini\abils\Shock.jpg</Image></props></BehaviorMode><Disarm><params></params><props><Abilities><Abilities><ActiveAbility><TemplateSelectiveTargeting><SELECTIVE_TARGETING_TEMPLATES>ATTACK</SELECTIVE_TARGETING_TEMPLATES><NotCondition><StringComparison><STRING>{MATCH_TYPE}</STRING><STRING>TERRAIN</STRING><BOOLEAN>true</BOOLEAN></StringComparison></NotCondition></TemplateSelectiveTargeting><Effects><IfElseEffect><UnequipEffect><ITEM_SLOT>MAIN_HAND</ITEM_SLOT><BOOLEAN>true</BOOLEAN></UnequipEffect><ItemCondition><STRING>target</STRING><ITEM_SLOT>MAIN_HAND</ITEM_SLOT></ItemCondition><UnequipEffect><ITEM_SLOT>OFF_HAND</ITEM_SLOT><BOOLEAN>true</BOOLEAN></UnequipEffect></IfElseEffect></Effects></ActiveAbility></Abilities></Abilities><Ability_Type>Actives</Ability_Type><Name>Disarm</Name><Type>abils</Type><Ability_Group>Oneshot</Ability_Group><Variable_Types>String;Param;Number;Number;Number;Number</Variable_Types><Group>Effect</Group><Image>mini\abils\xp2_textures_bif-0000000143.jpg</Image></props></Disarm><Roll><params></params><props><Variables>Roll String;Ability Name</Variables><Abilities><Abilities><ActiveAbility><TemplateSelectiveTargeting><SELECTIVE_TARGETING_TEMPLATES>SHOT</SELECTIVE_TARGETING_TEMPLATES><NotCondition><StringComparison><STRING>{MATCH_TYPE}</STRING><STRING>TERRAIN</STRING><BOOLEAN>true</BOOLEAN></StringComparison></NotCondition></TemplateSelectiveTargeting><Effects><RollEffect><STRING>^VAR</STRING><STRING>^VAR</STRING></RollEffect></Effects></ActiveAbility></Abilities></Abilities><Ability_Type>Actives</Ability_Type><Version>0.1002b</Version><Name>Roll</Name><Type>abils</Type><Ability_Group>Template Active</Ability_Group><Variable_Types>Enum;String;</Variable_Types><Group>Effect</Group><Image>mini\abils\xp2_textures_bif-0000000073.jpg</Image></props></Roll><Knockback><params></params><props><Variables></Variables><Abilities><Abilities><ActiveAbility><TemplateSelectiveTargeting><SELECTIVE_TARGETING_TEMPLATES>ATTACK</SELECTIVE_TARGETING_TEMPLATES><NotCondition><StringComparison><STRING>{MATCH_TYPE}</STRING><STRING>TERRAIN</STRING><BOOLEAN>true</BOOLEAN></StringComparison></NotCondition></TemplateSelectiveTargeting><Effects><ConditionalEffect><CellCondition><BOOLEAN>true</BOOLEAN><STRING>target</STRING><UNIT_DIRECTION>BACKWARDS</UNIT_DIRECTION></CellCondition><MoveEffect><REF_KEY>TARGET</REF_KEY><UNIT_DIRECTION>BACKWARDS</UNIT_DIRECTION></MoveEffect></ConditionalEffect></Effects></ActiveAbility></Abilities></Abilities><Ability_Type>Actives</Ability_Type><Version>0.1002b</Version><Name>Knockback</Name><Type>abils</Type><Ability_Group>Oneshot</Ability_Group><Variable_Types>String;Param;Number;Number;Number;Number</Variable_Types><Group>Effect</Group><Image>mini\abils\xp2_textures_bif-0000000143.jpg</Image><Dev_Notes>Reduce focus/Stamina by {weight}-{Strength} "inertia"?</Dev_Notes></props></Knockback><AddCounter><params></params><props><Variables>value name;const;</Variables><Abilities><Abilities><ActiveAbility><FixedTargeting><REF_KEY>TARGET</REF_KEY></FixedTargeting><Effects><ModifyCounterEffect><STRING>^VAR</STRING><MODVAL_TYPE>MODIFY_BY_CONST</MODVAL_TYPE><FORMULA>^VAR</FORMULA></ModifyCounterEffect></Effects></ActiveAbility></Abilities></Abilities><Ability_Type>Actives</Ability_Type><Name>AddCounter</Name><Type>abils</Type><Group>Effect</Group><Image>mini\abils\Shock.jpg</Image></props></AddCounter><RollElse><params></params><props><Variables>Roll String;Ability Name;Else Ability Name</Variables><Abilities><Abilities><ActiveAbility><TemplateSelectiveTargeting><SELECTIVE_TARGETING_TEMPLATES>SHOT</SELECTIVE_TARGETING_TEMPLATES><NotCondition><StringComparison><STRING>{MATCH_TYPE}</STRING><STRING>TERRAIN</STRING><BOOLEAN>true</BOOLEAN></StringComparison></NotCondition></TemplateSelectiveTargeting><Effects><RollEffect><STRING>^VAR</STRING><STRING>^VAR</STRING><STRING>^VAR</STRING></RollEffect></Effects></ActiveAbility></Abilities></Abilities><Ability_Type>Actives</Ability_Type><Version>0.1001</Version><Name>RollElse</Name><Type>abils</Type><Ability_Group>Template Active</Ability_Group><Variable_Types>String;Param;Number;Number;Number;Number</Variable_Types><Group>Effect</Group><Image>mini\abils\xp2_textures_bif-0000000073.jpg</Image></props></RollElse><ForceAction><params></params><props><Variables>action name</Variables><Abilities><Abilities><ActiveAbility><TemplateSelectiveTargeting><SELECTIVE_TARGETING_TEMPLATES>SHOT</SELECTIVE_TARGETING_TEMPLATES><NotCondition><StringComparison><STRING>{MATCH_TYPE}</STRING><STRING>TERRAIN</STRING><BOOLEAN>true</BOOLEAN></StringComparison></NotCondition></TemplateSelectiveTargeting><Effects><ForcedActionEffect><STRING>^VAR</STRING></ForcedActionEffect></Effects></ActiveAbility></Abilities></Abilities><Ability_Type>Actives</Ability_Type><Name>ForceAction</Name><Type>abils</Type><Ability_Group>Oneshot</Ability_Group><Group>Effect</Group><Image>mini\abils\Shock.jpg</Image></props></ForceAction><CreateBfObject><params></params><props><Variables>VAR1;</Variables><Abilities><Abilities><ActiveAbility><SelectiveTargeting><Conditions><StringComparison><STRING>{MATCH_TYPE}</STRING><STRING>TERRAIN</STRING><BOOLEAN>false</BOOLEAN></StringComparison><NumericCondition><FORMULA>{SPELL_RANGE}</FORMULA><FORMULA>[DISTANCE(SOURCE,MATCH)]</FORMULA><BOOLEAN>false</BOOLEAN></NumericCondition><Conditions></Conditions></Conditions><FORMULA>1</FORMULA></SelectiveTargeting><Effects><CreateObjectEffect><STRING>^VAR</STRING></CreateObjectEffect></Effects></ActiveAbility></Abilities></Abilities><Ability_Type>Actives</Ability_Type><Name>CreateBfObject</Name><Type>abils</Type><Image>UI\units.jpg</Image></props></CreateBfObject><ChangeFacingTowardsTarget><params></params><props><Variables></Variables><Abilities><Abilities><ActiveAbility><FixedTargeting><REF_KEY>SOURCE</REF_KEY></FixedTargeting><Effects><ChangeFacingEffect></ChangeFacingEffect></Effects></ActiveAbility></Abilities></Abilities><Ability_Type>Actives</Ability_Type><Name>ChangeFacingTowardsTarget</Name><Type>abils</Type><Ability_Group>Oneshot</Ability_Group><Group>Action</Group><Image>mini\buff\xp2_textures_bif-0000000279.jpg</Image></props></ChangeFacingTowardsTarget><Transform><params></params><props><Variables>VAR1;</Variables><Abilities><Abilities><ActiveAbility><SelectiveTargeting><Conditions><StringComparison><STRING>{MATCH_TYPE}</STRING><STRING>TERRAIN</STRING><BOOLEAN>false</BOOLEAN></StringComparison><NumericCondition><FORMULA>{SPELL_RANGE}</FORMULA><FORMULA>[DISTANCE(SOURCE,MATCH)]</FORMULA><BOOLEAN>false</BOOLEAN></NumericCondition><Conditions></Conditions></Conditions><FORMULA>1</FORMULA></SelectiveTargeting><Effects><TransformEffect><STRING>^VAR</STRING></TransformEffect></Effects></ActiveAbility></Abilities></Abilities><Ability_Type>Actives</Ability_Type><Name>Transform</Name><Type>abils</Type><Image>UI\units.jpg</Image></props></Transform><Random><params></params><props><Variables>abilNames (use " OR " as separator)</Variables><Abilities><Abilities><ActiveAbility><TemplateSelectiveTargeting><SELECTIVE_TARGETING_TEMPLATES>SHOT</SELECTIVE_TARGETING_TEMPLATES><NotCondition><StringComparison><STRING>{MATCH_TYPE}</STRING><STRING>TERRAIN</STRING><BOOLEAN>true</BOOLEAN></StringComparison></NotCondition></TemplateSelectiveTargeting><Effects><RandomEffect><STRING>^VAR</STRING></RandomEffect></Effects></ActiveAbility></Abilities></Abilities><Ability_Type>Actives</Ability_Type><Name>Random</Name><Type>abils</Type><Ability_Group>Template Active</Ability_Group><Variable_Types>String;Param;Number;Number;Number;Number</Variable_Types><Group>Effect</Group><Image>mini\abils\xp2_textures_bif-0000000073.jpg</Image></props></Random><Enchant_Armor_Spell><params></params><props><Variables>energy</Variables><Abilities><Abilities><ActiveAbility><TemplateSelectiveTargeting><SELECTIVE_TARGETING_TEMPLATES>MY_SPELLBOOK</SELECTIVE_TARGETING_TEMPLATES><EnchantSpellCondition><SPECIAL_EFFECTS_CASE>ON_HIT</SPECIAL_EFFECTS_CASE></EnchantSpellCondition></TemplateSelectiveTargeting><Effects><EnchantItemEffect><STRING>^VAR</STRING><BOOLEAN>false</BOOLEAN></EnchantItemEffect></Effects></ActiveAbility></Abilities></Abilities><Ability_Type>Actives</Ability_Type><Name>Enchant Armor Spell</Name><Type>abils</Type><Group>Effect</Group><Image>mini\buff\Enchanted Armor.jpg</Image></props></Enchant_Armor_Spell><Enchant_Weapon_Spell><params></params><props><Variables>energy</Variables><Abilities><Abilities><ActiveAbility><TemplateSelectiveTargeting><SELECTIVE_TARGETING_TEMPLATES>MY_SPELLBOOK</SELECTIVE_TARGETING_TEMPLATES><EnchantSpellCondition><SPECIAL_EFFECTS_CASE>ON_ATTACK</SPECIAL_EFFECTS_CASE></EnchantSpellCondition></TemplateSelectiveTargeting><Effects><EnchantItemEffect><STRING>^VAR</STRING><BOOLEAN>true</BOOLEAN></EnchantItemEffect></Effects></ActiveAbility></Abilities></Abilities><Ability_Type>Actives</Ability_Type><Name>Enchant Weapon Spell</Name><Type>abils</Type><Group>Effect</Group><Image>mini\buff\Enchanted Weapon.jpg</Image></props></Enchant_Weapon_Spell><Raise><params></params><props><Variables>raise type;raise mod</Variables><Abilities><Abilities><ActiveAbility><SelectiveTargeting><Conditions><StringComparison><STRING>{MATCH_TYPE}</STRING><STRING>TERRAIN</STRING><BOOLEAN>false</BOOLEAN></StringComparison><NumericCondition><FORMULA>{SPELL_RANGE}</FORMULA><FORMULA>[DISTANCE(SOURCE,MATCH)]</FORMULA><BOOLEAN>false</BOOLEAN></NumericCondition><Conditions></Conditions></Conditions><FORMULA>1</FORMULA></SelectiveTargeting><Effects><RaiseEffect><STRING>^VAR</STRING><STRING>^VAR</STRING></RaiseEffect></Effects></ActiveAbility></Abilities></Abilities><Ability_Type>Actives</Ability_Type><Name>Raise</Name><Type>abils</Type><Image>UI\dead3.png</Image></props></Raise><Conditional><params></params><props><Variables>conditionString;abilNames (use " OR " as separator)</Variables><Abilities><Abilities><ActiveAbility><TemplateSelectiveTargeting><SELECTIVE_TARGETING_TEMPLATES>SHOT</SELECTIVE_TARGETING_TEMPLATES><NotCondition><StringComparison><STRING>{MATCH_TYPE}</STRING><STRING>TERRAIN</STRING><BOOLEAN>true</BOOLEAN></StringComparison></NotCondition></TemplateSelectiveTargeting><Effects><ConditionalEffect><ParsedCondition><STRING>^VAR</STRING></ParsedCondition><AbilityEffect><STRING>^VAR</STRING></AbilityEffect></ConditionalEffect></Effects></ActiveAbility></Abilities></Abilities><Ability_Type>Actives</Ability_Type><Name>Conditional</Name><Type>abils</Type><Ability_Group>Template Active</Ability_Group><Variable_Types>String;Param;Number;Number;Number;Number</Variable_Types><Group>Effect</Group><Image>mini\abils\xp2_textures_bif-0000000073.jpg</Image></props></Conditional><ZoneDamage><params></params><props><Variables>dmg;radius;</Variables><Abilities><Abilities><ActiveAbility><TemplateSelectiveTargeting><SELECTIVE_TARGETING_TEMPLATES>BLAST</SELECTIVE_TARGETING_TEMPLATES></TemplateSelectiveTargeting><Effects><ZoneEffect><DealDamageEffect><FORMULA>^VAR</FORMULA></DealDamageEffect><FORMULA>^VAR</FORMULA></ZoneEffect></Effects></ActiveAbility></Abilities></Abilities><Ability_Type>Actives</Ability_Type><Name>ZoneDamage</Name><Type>abils</Type><Group>Effect</Group><Image>mini\abils\Shock.jpg</Image></props></ZoneDamage><Heal><params></params><props><Variables>const;</Variables><Abilities><Abilities><ActiveAbility><FixedTargeting><REF_KEY>TARGET</REF_KEY></FixedTargeting><Effects><ModifyValueEffect><PARAM>C_Endurance</PARAM><MODVAL_TYPE>MODIFY_BY_CONST</MODVAL_TYPE><STRING>^VAR</STRING><PARAM>Endurance</PARAM></ModifyValueEffect><ModifyValueEffect><PARAM>C_Toughness</PARAM><MODVAL_TYPE>MODIFY_BY_CONST</MODVAL_TYPE><STRING>^VAR</STRING><PARAM>Toughness</PARAM></ModifyValueEffect></Effects></ActiveAbility></Abilities></Abilities><Ability_Type>Actives</Ability_Type><Name>Heal</Name><Type>abils</Type><Group>Effect</Group><Image>mini\abils\xp2_textures_bif-0000000571.jpg</Image></props></Heal><Take_Control><params></params><props><Abilities><Abilities><ActiveAbility><SelectiveTargeting><Conditions><NotCondition><StringComparison><STRING>{MATCH_TYPE}</STRING><STRING>TERRAIN</STRING><BOOLEAN>true</BOOLEAN></StringComparison></NotCondition><NumericCondition><FORMULA>{SPELL_RANGE}</FORMULA><FORMULA>[DISTANCE(SOURCE,MATCH)]</FORMULA><BOOLEAN>false</BOOLEAN></NumericCondition><RefCondition><STRING>MATCH</STRING><STRING>SOURCE</STRING><BOOLEAN>true</BOOLEAN></RefCondition></Conditions><FORMULA>1</FORMULA></SelectiveTargeting><Effects><OwnershipChangeEffect><BOOLEAN>true</BOOLEAN></OwnershipChangeEffect></Effects></ActiveAbility></Abilities></Abilities><Ability_Type>Actives</Ability_Type><Name>Take Control</Name><Type>abils</Type><Group>Darkness</Group><Image>mini\buff\Haze.jpg</Image></props></Take_Control><Charm><params></params><props><Abilities><Abilities><ActiveAbility><SelectiveTargeting><Conditions><NotCondition><StringComparison><STRING>{MATCH_TYPE}</STRING><STRING>TERRAIN</STRING><BOOLEAN>true</BOOLEAN></StringComparison></NotCondition><NumericCondition><FORMULA>{SPELL_RANGE}</FORMULA><FORMULA>[DISTANCE(SOURCE,MATCH)]</FORMULA><BOOLEAN>false</BOOLEAN></NumericCondition><RefCondition><STRING>MATCH</STRING><STRING>SOURCE</STRING><BOOLEAN>true</BOOLEAN></RefCondition></Conditions><FORMULA>1</FORMULA></SelectiveTargeting><Effects><OwnershipChangeEffect></OwnershipChangeEffect></Effects></ActiveAbility></Abilities></Abilities><Ability_Type>Actives</Ability_Type><Name>Charm</Name><Type>abils</Type><Group>Darkness</Group><Image>mini\buff\Haze.jpg</Image></props></Charm><CustomTarget><params></params><props><Variables>targetRef;abilNames (use " OR " as separator)</Variables><Abilities><Abilities><ActiveAbility><TemplateSelectiveTargeting><SELECTIVE_TARGETING_TEMPLATES>SHOT</SELECTIVE_TARGETING_TEMPLATES><NotCondition><StringComparison><STRING>{MATCH_TYPE}</STRING><STRING>TERRAIN</STRING><BOOLEAN>true</BOOLEAN></StringComparison></NotCondition></TemplateSelectiveTargeting><Effects><CustomTargetEffect><FixedTargeting><STRING>^VAR</STRING></FixedTargeting><AbilityEffect><STRING>^VAR</STRING></AbilityEffect></CustomTargetEffect></Effects></ActiveAbility></Abilities></Abilities><Ability_Type>Actives</Ability_Type><Name>CustomTarget</Name><Type>abils</Type><Ability_Group>Template Active</Ability_Group><Variable_Types>String;Param;Number;Number;Number;Number</Variable_Types><Group>Effect</Group><Image>mini\abils\xp2_textures_bif-0000000073.jpg</Image></props></CustomTarget><Annihilate><params></params><props><Abilities><Abilities><ActiveAbility><FixedTargeting><REF_KEY>TARGET</REF_KEY></FixedTargeting><InstantDeathEffect><BOOLEAN>false</BOOLEAN><BOOLEAN>false</BOOLEAN></InstantDeathEffect></ActiveAbility></Abilities></Abilities><Ability_Type>Actives</Ability_Type><Name>Annihilate</Name><Type>abils</Type><Group>Death</Group><Image>mini\abils\Undead.jpg</Image></props></Annihilate><Sleep><params></params><props><Variables>energy</Variables><Abilities><Abilities><ActiveAbility><TemplateSelectiveTargeting><SELECTIVE_TARGETING_TEMPLATES>ANY_UNIT</SELECTIVE_TARGETING_TEMPLATES><TemplateCondition><TARGETING_MODIFIERS>ONLY_LIVING</TARGETING_MODIFIERS></TemplateCondition></TemplateSelectiveTargeting><Effects><SleepEffect><STRING>^VAR</STRING></SleepEffect></Effects></ActiveAbility></Abilities></Abilities><Ability_Type>Actives</Ability_Type><Name>Sleep</Name><Type>abils</Type><Group>Effect</Group><Image>mini\buff\Haze.jpg</Image></props></Sleep><BindDamageShare><params></params><props><Variables>buff name;n of targets;amount;</Variables><Abilities><Abilities><ActiveAbility><MultiTargeting><TemplateSelectiveTargeting><SELECTIVE_TARGETING_TEMPLATES>ANY_UNIT</SELECTIVE_TARGETING_TEMPLATES><Conditions><TemplateCondition><TARGETING_MODIFIERS>RANGE</TARGETING_MODIFIERS></TemplateCondition></Conditions></TemplateSelectiveTargeting><FORMULA>^VAR</FORMULA></MultiTargeting><Effects><AddBuffEffect><STRING>^VAR</STRING><BindingDamageEffect><BOOLEAN>true</BOOLEAN><FORMULA>^VAR</FORMULA><BOOLEAN>false</BOOLEAN><BOOLEAN>false</BOOLEAN></BindingDamageEffect></AddBuffEffect></Effects></ActiveAbility></Abilities></Abilities><Ability_Type>Actives</Ability_Type><Name>BindDamageShare</Name><Type>abils</Type><Group>Arcane</Group><Image>mini\abils\Dispel.jpg</Image></props></BindDamageShare><BindDamageRedirect><params></params><props><Variables>buff name;amount;</Variables><Abilities><Abilities><ActiveAbility><MultiTargeting><TemplateSelectiveTargeting><SELECTIVE_TARGETING_TEMPLATES>ANY_ALLY</SELECTIVE_TARGETING_TEMPLATES><Conditions><TemplateCondition><TARGETING_MODIFIERS>RANGE</TARGETING_MODIFIERS></TemplateCondition></Conditions></TemplateSelectiveTargeting><FORMULA>2</FORMULA></MultiTargeting><Effects><AddBuffEffect><STRING>^VAR</STRING><BindingDamageEffect><BOOLEAN>false</BOOLEAN><FORMULA>^VAR</FORMULA><BOOLEAN>false</BOOLEAN><BOOLEAN>false</BOOLEAN></BindingDamageEffect></AddBuffEffect></Effects></ActiveAbility></Abilities></Abilities><Ability_Type>Actives</Ability_Type><Name>BindDamageRedirect</Name><Type>abils</Type><Group>Arcane</Group><Image>mini\abils\Dispel.jpg</Image></props></BindDamageRedirect><DestroyCorpse><params></params><props><Variables></Variables><Abilities><Abilities><ActiveAbility><TemplateSelectiveTargeting><SELECTIVE_TARGETING_TEMPLATES>GRAVE_CELL</SELECTIVE_TARGETING_TEMPLATES></TemplateSelectiveTargeting><Effects><ConsumeCorpseEffect></ConsumeCorpseEffect></Effects></ActiveAbility></Abilities></Abilities><Ability_Type>Actives</Ability_Type><Name>DestroyCorpse</Name><Type>abils</Type><Ability_Group>Oneshot</Ability_Group><Displayed_Name>DestroyCorpse</Displayed_Name><Variable_Types>String;Param;Number;Number;Number;Number</Variable_Types><Group>Effect</Group><Image>mini\abils\Undead.jpg</Image></props></DestroyCorpse><DispelNegative><params></params><props><Variables></Variables><Abilities><Abilities><ActiveAbility><SelectiveTargeting><WaitingFilterCondition></WaitingFilterCondition></SelectiveTargeting><Effects><DispelEffect><FORMULA>0</FORMULA><FORMULA>0</FORMULA><BOOLEAN>true</BOOLEAN></DispelEffect></Effects></ActiveAbility></Abilities></Abilities><Ability_Type>Actives</Ability_Type><Name>DispelNegative</Name><Type>abils</Type><Ability_Group>Std Action</Ability_Group><Displayed_Name>DispelNegative</Displayed_Name><Group>Action</Group><Image>mini\buff\Weakened.jpg</Image></props></DispelNegative><RollCustomFormulas><params></params><props><Variables>Roll Type;Save formula;Beat formula;Ability Name;Else name</Variables><Abilities><Abilities><ActiveAbility><TemplateSelectiveTargeting><SELECTIVE_TARGETING_TEMPLATES>SHOT</SELECTIVE_TARGETING_TEMPLATES><NotCondition><StringComparison><STRING>{MATCH_TYPE}</STRING><STRING>TERRAIN</STRING><BOOLEAN>true</BOOLEAN></StringComparison></NotCondition></TemplateSelectiveTargeting><Effects><RollEffect><STRING>^VAR</STRING><STRING>^VAR</STRING><STRING>^VAR</STRING><STRING>^VAR</STRING><STRING>^VAR</STRING></RollEffect></Effects></ActiveAbility></Abilities></Abilities><Ability_Type>Actives</Ability_Type><Version>0.1001</Version><Name>RollCustomFormulas</Name><Type>abils</Type><Ability_Group>Template Active</Ability_Group><Displayed_Name>RollCustomFormulas</Displayed_Name><Variable_Types>String;Param;Number;Number;Number;Number</Variable_Types><Group>Effect</Group><Image>mini\abils\xp2_textures_bif-0000000073.jpg</Image></props></RollCustomFormulas><RangedAttackArc><params></params><props><Variables></Variables><Abilities><Abilities><ActiveAbility><TemplateSelectiveTargeting><SELECTIVE_TARGETING_TEMPLATES>BLAST</SELECTIVE_TARGETING_TEMPLATES></TemplateSelectiveTargeting><AttackEffect><BOOLEAN>false</BOOLEAN><BOOLEAN>false</BOOLEAN><BOOLEAN>false</BOOLEAN></AttackEffect></ActiveAbility><ActiveAbility><AutoTargeting><REF_KEY>RANGED</REF_KEY></AutoTargeting><ChangeRefEffect><BOOLEAN>false</BOOLEAN><REF_KEY>AMMO</REF_KEY></ChangeRefEffect></ActiveAbility></Abilities></Abilities><Ability_Type>Actives</Ability_Type><Version>0.1003b</Version><Name>RangedAttackArc</Name><Type>abils</Type><Ability_Group>Std Action</Ability_Group><Displayed_Name>RangedAttackArc</Displayed_Name><Group>Action</Group><Image>mini\abils\xp2_textures_bif-0000000074.jpg</Image></props></RangedAttackArc><RangedAttackNoAmmoRemove><params></params><props><Variables></Variables><Abilities><Abilities><ActiveAbility><TemplateSelectiveTargeting><SELECTIVE_TARGETING_TEMPLATES>BLIND_SHOT</SELECTIVE_TARGETING_TEMPLATES></TemplateSelectiveTargeting><AttackEffect><BOOLEAN>false</BOOLEAN><BOOLEAN>false</BOOLEAN><BOOLEAN>false</BOOLEAN></AttackEffect></ActiveAbility></Abilities></Abilities><Ability_Type>Actives</Ability_Type><Version>0.1003b</Version><Name>RangedAttackNoAmmoRemove</Name><Type>abils</Type><Ability_Group>Std Action</Ability_Group><Displayed_Name>RangedAttackNoAmmoRemove</Displayed_Name><Group>Action</Group><Image>mini\abils\xp2_textures_bif-0000000073.jpg</Image></props></RangedAttackNoAmmoRemove><RemoveAmmo><params></params><props><Variables></Variables><Abilities><Abilities><ActiveAbility><AutoTargeting><REF_KEY>RANGED</REF_KEY></AutoTargeting><ChangeRefEffect><BOOLEAN>false</BOOLEAN><REF_KEY>AMMO</REF_KEY></ChangeRefEffect></ActiveAbility></Abilities></Abilities><Ability_Type>Actives</Ability_Type><Version>0.1003b</Version><Name>RemoveAmmo</Name><Type>abils</Type><Ability_Group>Std Action</Ability_Group><Displayed_Name>RemoveAmmo</Displayed_Name><Group>Action</Group><Image>mini\abils\xp2_textures_bif-0000000073.jpg</Image></props></RemoveAmmo><Dmg><params></params><props><Variables>const;dmg type</Variables><Abilities><Abilities><ActiveAbility><TemplateSelectiveTargeting><SELECTIVE_TARGETING_TEMPLATES>SHOT</SELECTIVE_TARGETING_TEMPLATES><NotCondition><StringComparison><STRING>{MATCH_TYPE}</STRING><STRING>TERRAIN</STRING><BOOLEAN>true</BOOLEAN></StringComparison></NotCondition></TemplateSelectiveTargeting><Effects><DealDamageEffect><FORMULA>^VAR</FORMULA><STRING>^VAR</STRING><DAMAGE_MODIFIER>VORPAL</DAMAGE_MODIFIER></DealDamageEffect></Effects></ActiveAbility></Abilities></Abilities><Ability_Type>Actives</Ability_Type><Version>0.1002b</Version><Name>Dmg</Name><Type>abils</Type><Displayed_Name>Dmg</Displayed_Name><Group>Effect</Group><Image>mini\abils\Dispel.jpg</Image></props></Dmg><Enchant_Armor><params></params><props><Variables>amount</Variables><Abilities><Abilities><ActiveAbility><TemplateSelectiveTargeting><SELECTIVE_TARGETING_TEMPLATES>SHOT</SELECTIVE_TARGETING_TEMPLATES><ItemCondition><STRING>MATCH</STRING><BOOLEAN>false</BOOLEAN></ItemCondition></TemplateSelectiveTargeting><Effects><CustomTargetEffect><FixedTargeting><STRING>TARGET</STRING></FixedTargeting><AddBuffEffect><STRING>^VAR</STRING><ModifyValueEffect><STRING>armor</STRING><MODVAL_TYPE>MODIFY_BY_PERCENT</MODVAL_TYPE><FORMULA>min(100, abs(^VAR))*^VAR/abs(^VAR)</FORMULA></ModifyValueEffect></AddBuffEffect></CustomTargetEffect></Effects></ActiveAbility></Abilities></Abilities><Ability_Type>Actives</Ability_Type><Version>0.1003b</Version><Name>Enchant Armor</Name><Type>abils</Type><Ability_Group>Item</Ability_Group><Displayed_Name>Enchant Armor</Displayed_Name><Group>Effect</Group><Image>UI\value icons\armor.jpg</Image></props></Enchant_Armor><Knockdown><params></params><props><Variables>remove actions and 5x focus</Variables><Abilities><Abilities><ActiveAbility><TemplateSelectiveTargeting><SELECTIVE_TARGETING_TEMPLATES>ATTACK</SELECTIVE_TARGETING_TEMPLATES><NotCondition><StringComparison><STRING>{MATCH_TYPE}</STRING><STRING>TERRAIN</STRING><BOOLEAN>true</BOOLEAN></StringComparison></NotCondition></TemplateSelectiveTargeting><Effects><Effects><ModifyValueEffect><STRING>c_focus</STRING><MODVAL_TYPE>MODIFY_BY_CONST</MODVAL_TYPE><FORMULA>-^VAR*5</FORMULA></ModifyValueEffect><ModifyValueEffect><STRING>c_n_of_actions</STRING><MODVAL_TYPE>MODIFY_BY_CONST</MODVAL_TYPE><FORMULA>-^VAR</FORMULA></ModifyValueEffect><AddBuffEffect><STRING>Knocked Down</STRING><AddStatusEffect><STRING>Prone</STRING></AddStatusEffect></AddBuffEffect><DealDamageEffect><FORMULA>({target_weight}+{target_c_carrying_weight})/10*^VAR</FORMULA><DAMAGE_TYPE>BLUDGEONING</DAMAGE_TYPE></DealDamageEffect></Effects></Effects></ActiveAbility></Abilities></Abilities><Ability_Type>Actives</Ability_Type><Version>0.1002b</Version><Name>Knockdown</Name><Type>abils</Type><Ability_Group>Oneshot</Ability_Group><Displayed_Name>Knockdown</Displayed_Name><Variable_Types>String;Param;Number;Number;Number;Number</Variable_Types><Group>Effect</Group><Image>mini\abils\xp2_textures_bif-0000000143.jpg</Image></props></Knockdown><Poison_Weapon846_Hallucinogetic><params></params><props><Variables>energy</Variables><Abilities><Abilities><ActiveAbility><TemplateSelectiveTargeting><SELECTIVE_TARGETING_TEMPLATES>MY_WEAPON</SELECTIVE_TARGETING_TEMPLATES><Conditions><PropCondition><PROP>Damage Type</PROP><STRING>Piercing|Slashing|Physical</STRING><BOOLEAN>true</BOOLEAN></PropCondition></Conditions></TemplateSelectiveTargeting><Effects><AddBuffEffect><STRING>Hallucinogetic Poison Coating</STRING><AddSpecialEffects><SPECIAL_EFFECTS_CASE>ON_ATTACK</SPECIAL_EFFECTS_CASE><Effects><AddBuffEffect><STRING>Hallucinogetic Poison</STRING><EmptyEffect></EmptyEffect><FORMULA>^VAR/15</FORMULA></AddBuffEffect></Effects></AddSpecialEffects></AddBuffEffect><ModifyCounterEffect><STD_COUNTERS>Poison Counter</STD_COUNTERS><MODVAL_TYPE>MODIFY_BY_CONST</MODVAL_TYPE><STRING>^VAR</STRING></ModifyCounterEffect></Effects></ActiveAbility></Abilities></Abilities><Ability_Type>Actives</Ability_Type><Version>0.1003b</Version><Name>Poison Weapon: Hallucinogetic</Name><Type>abils</Type><Ability_Group>Item</Ability_Group><Displayed_Name>Poison Weapon: Hallucinogetic</Displayed_Name><Group>Effect</Group><Image>mini\buff\Poison3.jpg</Image></props></Poison_Weapon846_Hallucinogetic><Poison_Weapon846_Weakening><params></params><props><Variables>energy</Variables><Abilities><Abilities><ActiveAbility><TemplateSelectiveTargeting><SELECTIVE_TARGETING_TEMPLATES>MY_WEAPON</SELECTIVE_TARGETING_TEMPLATES><Conditions><PropCondition><PROP>Damage Type</PROP><STRING>Piercing|Slashing|Physical</STRING><BOOLEAN>true</BOOLEAN></PropCondition></Conditions></TemplateSelectiveTargeting><Effects><AddBuffEffect><STRING>Weakening Poison Coating</STRING><AddSpecialEffects><SPECIAL_EFFECTS_CASE>ON_ATTACK</SPECIAL_EFFECTS_CASE><Effects><AddBuffEffect><STRING>Weakening Poison</STRING><EmptyEffect></EmptyEffect><FORMULA>^VAR/15</FORMULA></AddBuffEffect></Effects></AddSpecialEffects></AddBuffEffect><ModifyCounterEffect><STD_COUNTERS>Poison Counter</STD_COUNTERS><MODVAL_TYPE>MODIFY_BY_PERCENT</MODVAL_TYPE><STRING>^VAR</STRING></ModifyCounterEffect></Effects></ActiveAbility></Abilities></Abilities><Ability_Type>Actives</Ability_Type><Version>0.1003b</Version><Name>Poison Weapon: Weakening</Name><Type>abils</Type><Ability_Group>Item</Ability_Group><Displayed_Name>Poison Weapon: Weakening</Displayed_Name><Group>Effect</Group><Image>mini\buff\Poison4.jpg</Image></props></Poison_Weapon846_Weakening><StdMoveBack><params></params><props><Variables></Variables><Abilities><Abilities><ActiveAbility><FixedTargeting><REF_KEY>SOURCE</REF_KEY></FixedTargeting><Effects><SelfMoveEffect><UNIT_DIRECTION>BACKWARDS</UNIT_DIRECTION><MOVE_MODIFIER>NONE</MOVE_MODIFIER></SelfMoveEffect></Effects></ActiveAbility></Abilities></Abilities><Ability_Type>Actives</Ability_Type><Name>StdMoveBack</Name><Type>abils</Type><Ability_Group>Std Action</Ability_Group><Displayed_Name>StdMoveBack</Displayed_Name><Group>Action</Group><Image>mini\buff\Haste.jpg</Image></props></StdMoveBack><Enchant_Weapon_Unit><params></params><props><Variables>amount</Variables><Abilities><Abilities><ActiveAbility><TemplateSelectiveTargeting><SELECTIVE_TARGETING_TEMPLATES>SHOT</SELECTIVE_TARGETING_TEMPLATES><ItemCondition><STRING>MATCH</STRING><BOOLEAN>true</BOOLEAN></ItemCondition></TemplateSelectiveTargeting><Effects><CustomTargetEffect><FixedTargeting><STRING>TARGET_WEAPON</STRING></FixedTargeting><AddBuffEffect><STRING>^VAR</STRING><ModifyValueEffect><STRING>damage bonus</STRING><MODVAL_TYPE>MODIFY_BY_PERCENT</MODVAL_TYPE><FORMULA>min(100, abs(^VAR))*^VAR/abs(^VAR)</FORMULA></ModifyValueEffect></AddBuffEffect></CustomTargetEffect></Effects></ActiveAbility></Abilities></Abilities><Ability_Type>Actives</Ability_Type><Version>0.1003b</Version><Name>Enchant Weapon Unit</Name><Type>abils</Type><Ability_Group>Item</Ability_Group><Displayed_Name>Enchant Weapon Unit</Displayed_Name><Group>Effect</Group><Image>UI\value icons\pool\xp2_textures_bif-0000000824.jpg</Image></props></Enchant_Weapon_Unit><Enchant_Armor_Unit><params></params><props><Variables>amount</Variables><Abilities><Abilities><ActiveAbility><TemplateSelectiveTargeting><SELECTIVE_TARGETING_TEMPLATES>SHOT</SELECTIVE_TARGETING_TEMPLATES><ItemCondition><STRING>MATCH</STRING><BOOLEAN>false</BOOLEAN></ItemCondition></TemplateSelectiveTargeting><Effects><CustomTargetEffect><FixedTargeting><STRING>TARGET_ARMOR</STRING></FixedTargeting><AddBuffEffect><STRING>^VAR</STRING><ModifyValueEffect><STRING>armor</STRING><MODVAL_TYPE>MODIFY_BY_PERCENT</MODVAL_TYPE><FORMULA>min(100, abs(^VAR))*^VAR/abs(^VAR)</FORMULA></ModifyValueEffect></AddBuffEffect></CustomTargetEffect></Effects></ActiveAbility></Abilities></Abilities><Ability_Type>Actives</Ability_Type><Version>0.1003b</Version><Name>Enchant Armor Unit</Name><Type>abils</Type><Ability_Group>Item</Ability_Group><Displayed_Name>Enchant Armor Unit</Displayed_Name><Group>Effect</Group><Image>UI\value icons\armor.jpg</Image></props></Enchant_Armor_Unit><Poison_Weapon><params></params><props><Variables>energy</Variables><Abilities><Abilities><ActiveAbility><TemplateSelectiveTargeting><SELECTIVE_TARGETING_TEMPLATES>MY_WEAPON</SELECTIVE_TARGETING_TEMPLATES><Conditions><PropCondition><PROP>Damage Type</PROP><STRING>Piercing|Slashing|Physical</STRING><BOOLEAN>true</BOOLEAN></PropCondition></Conditions></TemplateSelectiveTargeting><Effects><ModifyCounterEffect><STD_COUNTERS>Poison Counter</STD_COUNTERS><MODVAL_TYPE>MODIFY_BY_CONST</MODVAL_TYPE><STRING>^VAR</STRING></ModifyCounterEffect></Effects></ActiveAbility></Abilities></Abilities><Ability_Type>Actives</Ability_Type><Version>0.1003b</Version><Name>Poison Weapon</Name><Type>abils</Type><Ability_Group>Item</Ability_Group><Displayed_Name>Poison Weapon</Displayed_Name><Group>Effect</Group><Image>mini\buff\Poison.jpg</Image></props></Poison_Weapon><SearchMode><params></params><props><Variables></Variables><Abilities><Abilities><ActiveAbility><TemplateAutoTargeting><AUTO_TARGETING_TEMPLATES>SELF</AUTO_TARGETING_TEMPLATES></TemplateAutoTargeting><Effects><ModeEffect><STD_MODES>SEARCH</STD_MODES></ModeEffect><Effects></Effects></Effects></ActiveAbility></Abilities></Abilities><Ability_Type>Actives</Ability_Type><Version>0.1003b</Version><Name>SearchMode</Name><Type>abils</Type><Ability_Group>Std Action</Ability_Group><Displayed_Name>SearchMode</Displayed_Name><Group>Action</Group><Image>UI\search.png</Image></props></SearchMode><StealthMode><params></params><props><Variables></Variables><Abilities><Abilities><ActiveAbility><TemplateAutoTargeting><AUTO_TARGETING_TEMPLATES>SELF</AUTO_TARGETING_TEMPLATES></TemplateAutoTargeting><Effects><ModeEffect><STD_MODES>STEALTH</STD_MODES></ModeEffect><Effects></Effects></Effects></ActiveAbility></Abilities></Abilities><Ability_Type>Actives</Ability_Type><Version>0.1003b</Version><Name>StealthMode</Name><Type>abils</Type><Ability_Group>Std Action</Ability_Group><Displayed_Name>StealthMode</Displayed_Name><Group>Action</Group><Image>mini\buff\Silence.jpg</Image></props></StealthMode><SwapSelf><params></params><props><Variables></Variables><Abilities><Abilities><ActiveAbility><TemplateSelectiveTargeting><SELECTIVE_TARGETING_TEMPLATES>ANY_UNIT</SELECTIVE_TARGETING_TEMPLATES></TemplateSelectiveTargeting><Effects><SwapSelfEffect></SwapSelfEffect></Effects></ActiveAbility></Abilities></Abilities><Ability_Type>Actives</Ability_Type><Name>SwapSelf</Name><Type>abils</Type><Ability_Group>Move</Ability_Group><Displayed_Name>SwapSelf</Displayed_Name><Group>Action</Group><Image>mini\buff\Haste.jpg</Image></props></SwapSelf><Displace><params></params><props><Variables></Variables><Abilities><Abilities><ActiveAbility><TemplateSelectiveTargeting><SELECTIVE_TARGETING_TEMPLATES>ANY_UNIT</SELECTIVE_TARGETING_TEMPLATES></TemplateSelectiveTargeting><Effects><DisplacementEffect></DisplacementEffect></Effects></ActiveAbility></Abilities></Abilities><Ability_Type>Actives</Ability_Type><Name>Displace</Name><Type>abils</Type><Ability_Group>Move</Ability_Group><Displayed_Name>Displace</Displayed_Name><Group>Action</Group><Image>mini\buff\Haste.jpg</Image></props></Displace><PayCost><params></params><props><Variables>action name</Variables><Abilities><Abilities><ActiveAbility><FixedTargeting><REF_KEY>SOURCE</REF_KEY></FixedTargeting><Effects><PayCostEffect><STRING>^VAR</STRING></PayCostEffect></Effects></ActiveAbility></Abilities></Abilities><Ability_Type>Actives</Ability_Type><Version>0.1003b</Version><Name>PayCost</Name><Type>abils</Type><Ability_Group>Std Action</Ability_Group><Displayed_Name>PayCost</Displayed_Name><Group>Action</Group><Image>mini\abils\xp2_textures_bif-0000000073.jpg</Image></props></PayCost><Activate><params></params><props><Variables>action name</Variables><Abilities><Abilities><ActiveAbility><FixedTargeting><REF_KEY>SOURCE</REF_KEY></FixedTargeting><Effects><CastSpellEffect></CastSpellEffect></Effects></ActiveAbility></Abilities></Abilities><Ability_Type>Actives</Ability_Type><Version>0.1003b</Version><Name>Activate</Name><Type>abils</Type><Ability_Group>Std Action</Ability_Group><Displayed_Name>Activate</Displayed_Name><Group>Action</Group><Image>mini\abils\xp2_textures_bif-0000000073.jpg</Image></props></Activate><ThrowOffhand><params></params><props><Variables></Variables><Abilities><Abilities><ActiveAbility><TemplateSelectiveTargeting><SELECTIVE_TARGETING_TEMPLATES>ANY_UNIT</SELECTIVE_TARGETING_TEMPLATES></TemplateSelectiveTargeting><Effects><ThrowEffect><BOOLEAN>true</BOOLEAN><BOOLEAN>true</BOOLEAN></ThrowEffect></Effects></ActiveAbility></Abilities></Abilities><Ability_Type>Actives</Ability_Type><Name>ThrowOffhand</Name><Type>abils</Type><Ability_Group>Std Action</Ability_Group><Displayed_Name>ThrowOffhand</Displayed_Name><Group>Action</Group><Image>mini\abils\Attack.jpg</Image></props></ThrowOffhand><ThrowMainHand><params></params><props><Variables></Variables><Abilities><Abilities><ActiveAbility><TemplateSelectiveTargeting><SELECTIVE_TARGETING_TEMPLATES>ANY_UNIT</SELECTIVE_TARGETING_TEMPLATES></TemplateSelectiveTargeting><Effects><ThrowEffect><BOOLEAN>true</BOOLEAN><BOOLEAN>false</BOOLEAN></ThrowEffect></Effects></ActiveAbility></Abilities></Abilities><Ability_Type>Actives</Ability_Type><Version>0.1003b</Version><Name>ThrowMainHand</Name><Type>abils</Type><Ability_Group>Std Action</Ability_Group><Displayed_Name>ThrowMainHand</Displayed_Name><Group>Action</Group><Image>mini\abils\Attack.jpg</Image></props></ThrowMainHand><ActivateIfCan><params></params><props><Variables>action name</Variables><Abilities><Abilities><ActiveAbility><TemplateSelectiveTargeting><SELECTIVE_TARGETING_TEMPLATES>SHOT</SELECTIVE_TARGETING_TEMPLATES><NotCondition><StringComparison><STRING>{MATCH_TYPE}</STRING><STRING>TERRAIN</STRING><BOOLEAN>true</BOOLEAN></StringComparison></NotCondition></TemplateSelectiveTargeting><Effects><IfElseEffect><ActivateEffect><STRING>^VAR</STRING></ActivateEffect><CostCondition><STRING>^VAR</STRING><BOOLEAN>false</BOOLEAN></CostCondition><EmptyEffect></EmptyEffect></IfElseEffect></Effects></ActiveAbility></Abilities></Abilities><Ability_Type>Actives</Ability_Type><Name>ActivateIfCan</Name><Type>abils</Type><Ability_Group>Oneshot</Ability_Group><Displayed_Name>ActivateIfCan</Displayed_Name><Group>Effect</Group><Image>mini\abils\Shock.jpg</Image></props></ActivateIfCan><Upgraded_SwapSelf><params></params><props><Variables></Variables><Abilities><Abilities><ActiveAbility><TemplateSelectiveTargeting><SELECTIVE_TARGETING_TEMPLATES>ANY_UNIT</SELECTIVE_TARGETING_TEMPLATES></TemplateSelectiveTargeting><Effects><MoveEffect><REF_KEY>TARGET</REF_KEY><REF_KEY>SOURCE</REF_KEY></MoveEffect><SelfMoveEffect></SelfMoveEffect></Effects></ActiveAbility></Abilities></Abilities><Ability_Type>Actives</Ability_Type><Name>Upgraded SwapSelf</Name><Type>abils</Type><Ability_Group>Move</Ability_Group><Displayed_Name>Upgraded SwapSelf</Displayed_Name><Base_Type>SwapSelf</Base_Type><Group>Action</Group><Image>mini\buff\Haste.jpg</Image></props></Upgraded_SwapSelf><Upgraded_Displace><params></params><props><Variables></Variables><Abilities><Abilities><ActiveAbility><TemplateSelectiveTargeting><SELECTIVE_TARGETING_TEMPLATES>ANY_UNIT</SELECTIVE_TARGETING_TEMPLATES></TemplateSelectiveTargeting><Effects><IfElseEffect><MoveEffect><REF_KEY>TARGET</REF_KEY><UNIT_DIRECTION>AHEAD</UNIT_DIRECTION></MoveEffect><CellCondition><STRING>target</STRING><UNIT_DIRECTION>AHEAD</UNIT_DIRECTION></CellCondition><RandomEffect><Effects><IfElseEffect><MoveEffect><REF_KEY>TARGET</REF_KEY><UNIT_DIRECTION>AHEAD_RIGHT</UNIT_DIRECTION></MoveEffect><CellCondition><STRING>target</STRING><UNIT_DIRECTION>AHEAD_RIGHT</UNIT_DIRECTION></CellCondition><ConditionalEffect><CellCondition><STRING>target</STRING><UNIT_DIRECTION>AHEAD_LEFT</UNIT_DIRECTION></CellCondition><MoveEffect><REF_KEY>TARGET</REF_KEY><UNIT_DIRECTION>AHEAD_LEFT</UNIT_DIRECTION></MoveEffect></ConditionalEffect></IfElseEffect><IfElseEffect><MoveEffect><REF_KEY>TARGET</REF_KEY><UNIT_DIRECTION>AHEAD_LEFT</UNIT_DIRECTION></MoveEffect><CellCondition><STRING>target</STRING><UNIT_DIRECTION>AHEAD_LEFT</UNIT_DIRECTION></CellCondition><ConditionalEffect><CellCondition><STRING>target</STRING><UNIT_DIRECTION>AHEAD_RIGHT</UNIT_DIRECTION></CellCondition><MoveEffect><REF_KEY>TARGET</REF_KEY><UNIT_DIRECTION>AHEAD_RIGHT</UNIT_DIRECTION></MoveEffect></ConditionalEffect></IfElseEffect></Effects></RandomEffect></IfElseEffect><SelfMoveEffect><UNIT_DIRECTION>AHEAD</UNIT_DIRECTION><MOVE_MODIFIER>DISPLACEMENT</MOVE_MODIFIER></SelfMoveEffect></Effects></ActiveAbility></Abilities></Abilities><Ability_Type>Actives</Ability_Type><Name>Upgraded Displace</Name><Type>abils</Type><Ability_Group>Move</Ability_Group><Displayed_Name>Upgraded Displace</Displayed_Name><Base_Type>Displace</Base_Type><Group>Action</Group><Image>mini\buff\Haste.jpg</Image></props></Upgraded_Displace><Poison_Weapon846_Paralyzing><params></params><props><Variables>energy</Variables><Abilities><Abilities><ActiveAbility><TemplateSelectiveTargeting><SELECTIVE_TARGETING_TEMPLATES>MY_WEAPON</SELECTIVE_TARGETING_TEMPLATES><Conditions><PropCondition><PROP>Damage Type</PROP><STRING>Piercing|Slashing|Physical</STRING><BOOLEAN>true</BOOLEAN></PropCondition></Conditions></TemplateSelectiveTargeting><Effects><AddBuffEffect><STRING>Paralyzing Poison Coating</STRING><AddSpecialEffects><SPECIAL_EFFECTS_CASE>ON_ATTACK</SPECIAL_EFFECTS_CASE><Effects><AddBuffEffect><STRING>Paralyzing Poison</STRING><EmptyEffect></EmptyEffect><FORMULA>^VAR/25</FORMULA></AddBuffEffect></Effects></AddSpecialEffects></AddBuffEffect><ModifyCounterEffect><STD_COUNTERS>Poison Counter</STD_COUNTERS><MODVAL_TYPE>MODIFY_BY_PERCENT</MODVAL_TYPE><STRING>^VAR</STRING></ModifyCounterEffect></Effects></ActiveAbility></Abilities></Abilities><Ability_Type>Actives</Ability_Type><Version>0.1003b</Version><Name>Poison Weapon: Paralyzing</Name><Type>abils</Type><Ability_Group>Item</Ability_Group><Displayed_Name>Poison Weapon: Paralyzing</Displayed_Name><Group>Effect</Group><Image>mini\buff\Poison2.jpg</Image></props></Poison_Weapon846_Paralyzing><Weapon_Coating><params></params><props><Variables>energy</Variables><Abilities><Abilities><ActiveAbility><TemplateSelectiveTargeting><SELECTIVE_TARGETING_TEMPLATES>MY_WEAPON</SELECTIVE_TARGETING_TEMPLATES><Conditions><PropCondition><PROP>Damage Type</PROP><STRING>Piercing|Slashing|Physical</STRING><BOOLEAN>true</BOOLEAN></PropCondition></Conditions></TemplateSelectiveTargeting><Effects><ModifyCounterEffect><STRING>^VAR</STRING><MODVAL_TYPE>MODIFY_BY_CONST</MODVAL_TYPE><FORMULA>^VAR</FORMULA></ModifyCounterEffect></Effects></ActiveAbility></Abilities></Abilities><Ability_Type>Actives</Ability_Type><Version>0.1003b</Version><Name>Weapon Coating</Name><Type>abils</Type><Ability_Group>Item</Ability_Group><Displayed_Name>Weapon Coating</Displayed_Name><Group>Effect</Group><Image>UI\value icons\pool\xp2_textures_bif-0000000824.jpg</Image></props></Weapon_Coating><TossItem><params></params><props><Variables>amount</Variables><Abilities><Abilities><ActiveAbility><FixedTargeting></FixedTargeting><Effects><TossItemEffect></TossItemEffect></Effects></ActiveAbility></Abilities></Abilities><Ability_Type>Actives</Ability_Type><Version>0.1003b</Version><Name>TossItem</Name><Type>abils</Type><Ability_Group>Item</Ability_Group><Displayed_Name>TossItem</Displayed_Name><Group>Effect</Group><Image>UI\value icons\pool\xp2_textures_bif-0000000824.jpg</Image></props></TossItem></Actives></XML>